:10100000F0290020793A00008D060100653A0000C1
:10101000653A0000653A0000653A000000000000F3
:10102000000000000000000000000000613B000024
:10103000653A0000000000005D3D0000653A0000D8
:10104000CD3D0000CD3D0000CD3D0000CD3D000078
:10105000CD3D0000CD3D0000CD3D0000CD3D000068
:10106000CD3D0000CD3D0000CD3D0000CD3D000058
:10107000CD3D0000CD3D0000CD3D0000CD3D000048
:10108000CD3D0000CD3D0000CD3D0000CD3D000038
:10109000CD3D0000CD3D0000CD3D0000CD3D000028
:1010A000CD3D0000CD3D0000CD3D0000CD3D000018
:1010B000CD3D0000CD3D0000CD3D0000CD3D000008
:1010C000CD3D0000CD3D0000CD3D0000CD3D0000F8
:1010D000CD3D0000CD3D0000CD3D0000CD3D0000E8
:1010E000CD3D0000CD3D0000CD3D0000CD3D0000D8
:1010F000CD3D0000CD3D0000CD3D0000CD3D0000C8
:1011000081F0004102E000BF83F0004330B54FEAB8
:1011100041044FEA430594EA050F08BF90EA020F25
:101120001FBF54EA000C55EA020C7FEA645C7FEAB8
:10113000655C00F0E2804FEA5454D4EB5555B8BFDB
:101140006D420CDD2C4480EA020281EA030382EA4C
:10115000000083EA010180EA020281EA0303362DDE
:1011600088BF30BD11F0004F4FEA01314FF4801CB1
:101170004CEA113102D0404261EB410113F0004FC3
:101180004FEA03334CEA133302D0524263EB43037A
:1011900094EA050F00F0A780A4F10104D5F1200E18
:1011A0000DDB02FA0EFC22FA05F2801841F1000173
:1011B00003FA0EF2801843FA05F359410EE0A5F147
:1011C00020050EF1200E012A03FA0EFC28BF4CF078
:1011D000020C43FA05F3C01851EBE37101F000452E
:1011E00007D54FF0000EDCF1000C7EEB00006EEB3B
:1011F0000101B1F5801F1BD3B1F5001F0CD34908C5
:101200005FEA30004FEA3C0C04F101044FEA44521B
:1012100012F5800F80F09A80BCF1004F08BF5FEAA2
:10122000500C50F1000041EB045141EA050130BD82
:101230005FEA4C0C404141EB0101013C28BFB1F594
:10124000801FE9D291F0000F04BF01460020B1FADF
:1012500081F308BF2033A3F10B03B3F120020CDAB2
:101260000C3208DD02F1140CC2F10C0201FA0CF090
:1012700021FA02F10CE002F11402D8BFC2F1200CF5
:1012800001FA02F120FA0CFCDCBF41EA0C019040AB
:10129000E41AA2BF01EB0451294330BD6FEA0404F4
:1012A0001F3C1CDA0C340EDC04F11404C4F12002DF
:1012B00020FA04F001FA02F340EA030021FA04F3F1
:1012C00045EA030130BDC4F10C04C4F1200220FA48
:1012D00002F001FA04F340EA0300294630BD21FA86
:1012E00004F0294630BD94F0000F83F4801306BF4C
:1012F00081F480110134013D4EE77FEA645C18BF40
:101300007FEA655C29D094EA050F08BF90EA020FD6
:1013100005D054EA000C04BF1946104630BD91EACE
:10132000030F1EBF0021002030BD5FEA545C05D1D1
:101330004000494128BF41F0004130BD14F5800410
:101340003CBF01F5801130BD01F0004545F0FE4184
:1013500041F470014FF0000030BD7FEA645C1ABFB9
:10136000194610467FEA655C1CBF0B46024650EAF0
:10137000013406BF52EA033591EA030F41F400211C
:1013800030BD00BF90F0000F04BF0021704730B5A2
:101390004FF4806404F132044FF000054FF0000177
:1013A00050E700BF90F0000F04BF0021704730B538
:1013B0004FF4806404F1320410F0004548BF40420D
:1013C0004FF000013EE700BF42004FEAE2014FEA62
:1013D00031014FEA02701FBF12F07F4393F07F4F3D
:1013E00081F06051704732F07F4208BF704793F040
:1013F0007F4F04BF41F40021704730B54FF4607453
:1014000001F0004521F000411CE700BF50EA010255
:1014100008BF704730B54FF000050AE050EA0102FE
:1014200008BF704730B511F0004502D5404261EB6E
:1014300041014FF4806404F132045FEA915C3FF4AF
:10144000D8AE4FF003025FEADC0C18BF03325FEA4C
:10145000DC0C18BF033202EBDC02C2F1200300FAFD
:1014600003FC20FA02F001FA03FE40EA0E0021FA22
:1014700002F11444BDE600BF70B54FF0FF0C4CF410
:10148000E06C1CEA11541DBF1CEA135594EA0C0FC2
:1014900095EA0C0F00F0DEF82C4481EA030621EAFD
:1014A0004C5123EA4C5350EA013518BF52EA033538
:1014B00041F4801143F4801338D0A0FB02CE4FF0EA
:1014C0000005E1FB02E506F00042E0FB03E54FF01A
:1014D0000006E1FB03569CF0000F18BF4EF0010E12
:1014E000A4F1FF04B6F5007F64F5407404D25FEA0E
:1014F0004E0E6D4146EB060642EAC62141EA5551C1
:101500004FEAC52040EA5E504FEACE2EB4F1FD0C02
:1015100088BFBCF5E06F1ED8BEF1004F08BF5FEA80
:10152000500E50F1000041EB045170BD06F0004632
:1015300046EA010140EA020081EA0301B4EB5C04DF
:10154000C2BFD4EB0C0541EA045170BD41F48011D7
:101550004FF0000E013C00F3AB8014F1360FDEBFFC
:10156000002001F0004170BDC4F10004203C35DAD8
:101570000C341BDC04F11404C4F1200500FA05F35B
:1015800020FA04F001FA05F240EA020001F00042FC
:1015900021F0004110EBD37021FA04F642EB060172
:1015A0005EEA430E08BF20EAD37070BDC4F10C049C
:1015B000C4F1200500FA04F320FA05F001FA04F260
:1015C00040EA020001F0004110EBD37041F100014C
:1015D0005EEA430E08BF20EAD37070BDC4F1200557
:1015E00000FA05F24EEA020E20FA04F301FA05F2BF
:1015F00043EA020321FA04F001F0004121FA04F267
:1016000020EA020000EBD3705EEA430E08BF20EA36
:10161000D37070BD94F0000F0FD101F00046400070
:1016200041EB010111F4801F08BF013CF7D041EAF2
:10163000060195F0000F18BF704703F000465200F6
:1016400043EB030313F4801F08BF013DF7D043EAC7
:101650000603704794EA0C0F0CEA135518BF95EA7D
:101660000C0F0CD050EA410618BF52EA4306D1D104
:1016700081EA030101F000414FF0000070BD50EA23
:10168000410606BF1046194652EA430619D094EAAD
:101690000C0F02D150EA013613D195EA0C0F05D197
:1016A00052EA03361CBF104619460AD181EA0301EB
:1016B00001F0004141F0FE4141F470014FF00000A3
:1016C00070BD41F0FE4141F4780170BD70B54FF03E
:1016D000FF0C4CF4E06C1CEA11541DBF1CEA1355BE
:1016E00094EA0C0F95EA0C0F00F0A7F8A4EB0504A0
:1016F00081EA030E52EA03354FEA013100F0888097
:101700004FEA03334FF0805545EA131343EA12635F
:101710004FEA022245EA111545EA10654FEA002614
:101720000EF000419D4208BF964244F1FD0404F5CD
:10173000407402D25B084FEA3202B61A65EB030529
:101740005B084FEA32024FF480104FF4002CB6EBE6
:10175000020E75EB030E22BFB61A754640EA0C0066
:101760005B084FEA3202B6EB020E75EB030E22BFA6
:10177000B61A754640EA5C005B084FEA3202B6EBE7
:10178000020E75EB030E22BFB61A754640EA9C00A6
:101790005B084FEA3202B6EB020E75EB030E22BF76
:1017A000B61A754640EADC0055EA060E18D04FEA34
:1017B000051545EA16754FEA06164FEAC30343EAD4
:1017C00052734FEAC2025FEA1C1CC0D111F4801FA1
:1017D0000BD141EA00014FF000004FF0004CB6E79A
:1017E00011F4801F04BF01430020B4F1FD0C88BF39
:1017F000BCF5E06F3FF6AFAEB5EB030C04BFB6EB44
:10180000020C5FEA500C50F1000041EB045170BD36
:101810000EF0004E4EEA113114EB5C04C2BFD4EB63
:101820000C0541EA045170BD41F480114FF0000EE7
:10183000013C90E645EA060E8DE60CEA135594EA63
:101840000C0F08BF95EA0C0F3FF43BAF94EA0C0F66
:101850000AD150EA01347FF434AF95EA0C0F7FF4DB
:1018600025AF104619462CE795EA0C0F06D152EA2F
:1018700003353FF4FDAE1046194622E750EA410613
:1018800018BF52EA43067FF4C5AE50EA41047FF424
:101890000DAF52EA43057FF4EBAE12E780F0004053
:1018A00002E000BF81F0004142001FBF5FEA410338
:1018B00092EA030F7FEA226C7FEA236C6AD04FEA38
:1018C0001262D2EB1363C1BFD2184140484041407D
:1018D000B8BF5B42192B88BF704710F0004F40F42F
:1018E000000020F07F4018BF404211F0004F41F44B
:1018F000000121F07F4118BF494292EA030F3FD017
:10190000A2F1010241FA03FC10EB0C00C3F1200329
:1019100001FA03F100F0004302D5494260EB4000B8
:10192000B0F5000F13D3B0F1807F06D340084FEA23
:10193000310102F10102FE2A51D2B1F1004F40EB18
:10194000C25008BF20F0010040EA03007047490080
:1019500040EB0000013A28BFB0F5000FEDD2B0FA1D
:1019600080FCACF1080CB2EB0C0200FA0CF0AABF40
:1019700000EBC25052421843BCBFD04018437047DE
:1019800092F0000F81F4000106BF80F400000132E4
:10199000013BB5E74FEA41037FEA226C18BF7FEABB
:1019A000236C21D092EA030F04D092F0000F08BFFD
:1019B0000846704790EA010F1CBF0020704712F0E4
:1019C0007F4F04D1400028BF40F00040704712F123
:1019D00000723CBF00F50000704700F0004343F088
:1019E000FE4040F4000070477FEA226216BF0846BE
:1019F0007FEA23630146420206BF5FEA412390EA81
:101A0000010F40F4800070474FF0000304E000BF76
:101A100010F0004348BF40425FEA000C08BF704727
:101A200043F0964301464FF000001CE050EA0102EB
:101A300008BF70474FF000030AE000BF50EA010200
:101A400008BF704711F0004302D5404261EB4101ED
:101A50005FEA010C02BF84460146002043F0B64312
:101A600008BFA3F18053A3F50003BCFA8CF2083A37
:101A7000A3EBC25310DB01FA02FC634400FA02FC40
:101A8000C2F12002BCF1004F20FA02F243EB020047
:101A900008BF20F00100704702F1200201FA02FCA9
:101AA000C2F1200250EA4C0021FA02F243EB02009C
:101AB00008BF20EADC7070474FF0FF0C1CEAD052E0
:101AC0001EBF1CEAD15392EA0C0F93EA0C0F6FD0A1
:101AD0001A4480EA010C400218BF5FEA41211ED07F
:101AE0004FF0006343EA501043EA5111A0FB01316B
:101AF0000CF00040B1F5000F3EBF490041EAD37140
:101B00005B0040EA010062F17F02FD2A1DD8B3F1BB
:101B1000004F40EBC25008BF20F00100704790F02A
:101B2000000F0CF0004C08BF49024CEA502040EA7C
:101B300051207F3AC2BFD2F1FF0340EAC250704742
:101B400040F400004FF00003013A5DDC12F1190F80
:101B5000DCBF00F000407047C2F10002410021FAF2
:101B600002F1C2F1200200FA02FC5FEA310040F10A
:101B7000000053EA4C0308BF20EADC70704792F083
:101B8000000F00F0004C02BF400010F4000F013ABB
:101B9000F9D040EA0C0093F0000F01F0004C02BFB6
:101BA000490011F4000F013BF9D041EA0C018FE725
:101BB0000CEAD15392EA0C0F18BF93EA0C0F0AD02B
:101BC00030F0004C18BF31F0004CD8D180EA010051
:101BD00000F00040704790F0000F17BF90F0004FEA
:101BE000084691F0000F91F0004F14D092EA0C0FCC
:101BF00001D142020FD193EA0C0F03D14B0218BF5F
:101C0000084608D180EA010000F0004040F0FE40A4
:101C100040F40000704740F0FE4040F44000704740
:101C20004FF0FF0C1CEAD0521EBF1CEAD15392EABF
:101C30000C0F93EA0C0F69D0A2EB030280EA010CAF
:101C400049024FEA402037D04FF0805343EA111148
:101C500043EA10130CF000408B4238BF5B0042F1A6
:101C60007D024FF4000C8B4224BF5B1A40EA0C004B
:101C7000B3EB510F24BFA3EB510340EA5C00B3EB7D
:101C8000910F24BFA3EB910340EA9C00B3EBD10F6B
:101C900024BFA3EBD10340EADC001B0118BF5FEABD
:101CA0001C1CE0D1FD2A3FF650AF8B4240EBC250E6
:101CB00008BF20F0010070470CF0004C4CEA5020A7
:101CC0007F32C2BFD2F1FF0340EAC250704740F4F6
:101CD00000004FF00003013A37E792F0000F00F0E8
:101CE000004C02BF400010F4000F013AF9D040EA66
:101CF0000C0093F0000F01F0004C02BF490011F4FA
:101D0000000F013BF9D041EA0C0195E70CEAD153F1
:101D100092EA0C0F08D142027FF47DAF93EA0C0FD8
:101D20007FF470AF084676E793EA0C0F04D14B02BC
:101D30003FF44CAF08466EE730F0004C18BF31F06E
:101D4000004CCAD130F000427FF45CAF31F0004368
:101D50007FF43CAF5FE700BF4FF0FF3C06E000BF01
:101D60004FF0010C02E000BF4FF0010C4DF804CD24
:101D70004FEA40024FEA41037FEA226C18BF7FEA34
:101D8000236C11D001B052EA530C18BF90EA010F36
:101D900058BFB2EB030088BFC81738BF6FEAE170C5
:101DA00018BF40F0010070477FEA226C02D15FEA61
:101DB000402C05D17FEA236CE4D15FEA412CE1D0CD
:101DC0005DF8040B704700BF844608466146FFE794
:101DD0000FB5FFF7C9FF002848BF10F1000F0FBD76
:101DE0004DF808EDFFF7F4FF0CBF012000205DF86F
:101DF00008FB00BF4DF808EDFFF7EAFF34BF0120F4
:101E000000205DF808FB00BF4DF808EDFFF7E0FF8C
:101E100094BF012000205DF808FB00BF4DF808EDDD
:101E2000FFF7D2FF94BF012000205DF808FB00BF40
:101E30004DF808EDFFF7C8FF34BF012000205DF822
:101E400008FB00BF7BB972B90029BEBF00204FF06C
:101E5000004106E008BF00281CBF6FF000414FF0B2
:101E6000FF3000F077B8ADF1080C6DE904CE002921
:101E700009DB002B1ADB00F0ACF8DDF804E0DDE94B
:101E8000022304B07047404261EB4101002B1BDB91
:101E900000F09FF8DDF804E0DDE9022304B04042E1
:101EA00061EB4101524263EB43037047524263EBE3
:101EB000430300F08EF8DDF804E0DDE9022304B00E
:101EC000404261EB41017047524263EB430300F033
:101ED00080F8DDF804E0DDE9022304B0524263EB50
:101EE0004303704753B94AB9002908BF00281CBFF3
:101EF0004FF0FF314FF0FF3000F02CB8ADF1080C7F
:101F00006DE904CE00F065F8DDF804E0DDE90223B8
:101F100004B07047D0B5FFF757FA0C4B00220646C5
:101F20000F46FFF7A9FA00F017F80446FFF72AFA60
:101F3000074B0022FFF7A0FA02460B46304639460F
:101F4000FFF7E2F800F008F82146D0BD0000F03DB0
:101F50000000F041704700BF4A0011D212F5001294
:101F600011D20DD56FF47873B3EB62520ED44FEAF1
:101F7000C12343F0004343EA505323FA02F0704771
:101F80004FF00000704750EA013002D14FF0FF30AF
:101F900070474FF00000704710F8012B11F8013B1B
:101FA000012A28BF9A42F7D0D01A704710B50021F5
:101FB0000446FFF71FFF20B92046BDE81040FFF799
:101FC000A9BF04F10040FFF7A5FF404261EB4101CA
:101FD00010BD2DE9F0478C468E46089E15460446F6
:101FE0001946002B40F0D080724547D9B2FA82F7EB
:101FF0004FB1C7F120030EFA07FC20FA03F3BD40EE
:1020000043EA0C0CBC404FEA154EA8B2BCFBFEF8EC
:10201000230C0EFB18CC08FB00F943EA0C4399454E
:1020200028D9EB1808F1FF3204D2994502D9A8F15A
:1020300002022B44A3EB0903A4B2B3FBFEFC0EFB8C
:102040001C330CFB00F044EA0344A04214D92C19C1
:102050000CF1FF3304D2A04202D9ACF102032C44AC
:10206000241A43EA02401EB1FC400023346073602E
:10207000BDE8F0874246DDE76346F1E7002A79D004
:10208000B2FA82F3002B3FD01946C1F1200302FAC5
:1020900001F52EFA03F20EFA01FE20FA03F343EAE9
:1020A0000E034FEA154E00FA01F4B2FBFEFCAFB28C
:1020B0000EFB1C201A0C0CFB07F842EA004290456C
:1020C0005AD9AA180CF1FF3004D2904502D9ACF1CC
:1020D00002002A44A2EB08029BB2B2FBFEFC0EFBFC
:1020E0001C220CFB07F743EA02439F4246D9EB1838
:1020F0000CF1FF3204D29F4202D9ACF102022B4410
:10210000DB1B42EA004202E0AEEB020301224FEA8F
:10211000154EAFB2B3FBFEFC200C0EFB1C330CFBC8
:1021200007F840EA034398452AD9EB180CF1FF3031
:1021300004D2984502D9ACF102002B44A3EB08036A
:10214000A4B2B3FBFEFC0EFB1C330CFB07F744EA06
:102150000344A74216D92C190CF1FF3304D2A7422D
:1021600002D9ACF102032C44E41B43EA00400F46C1
:10217000114678E71F2188E76046ABE76246BFE774
:102180006046DBE76346EFE7734506D916B90021E1
:1021900008466DE7C6E9000EF9E7B3FA83F787B999
:1021A000734501D3824207D8841A6EEB03030120E2
:1021B0009C461EB900215BE73846FAE7C6E9004CA9
:1021C000F8E7C7F1200CBB4022FA0CF51D4320FABA
:1021D0000CF12EFA0CF30EFA07FE41EA0E014FEA5B
:1021E000154900FA07F4B3FBF9F81FFA85FE09FB5D
:1021F00018300B0C08FB0EFA43EA00439A4502FA2A
:1022000007F240D9EB1808F1FF3004D29A4502D901
:10221000A8F102002B44A3EB0A0389B2B3FBF9F83F
:1022200009FB183308FB0EFE41EA03418E452CD909
:10223000691808F1FF3304D28E4502D9A8F10203D0
:10224000294443EA0040A0FB0298A1EB0E0141455E
:10225000CE46434602D306D14C4504D2B9EB020E1A
:1022600068EB05030138002EA4D0B4EB0E0261EB3D
:10227000030101FA0CFC22FA07F34CEA0303F940CC
:10228000C6E9003196E74046C5E74346D9E7000076
:1022900070B5144606460846FFF7BAFB2146FFF71D
:1022A0000BFCFFF783FE0E4D80FB05450AA3D3E927
:1022B000002320462946FFF7C5FD0A4A3060002367
:1022C00020462946FFF7BEFD064A0023FFF7BAFD68
:1022D000726070BDAFF300800010A5D4E80000006C
:1022E0003AA3950040420F0070B5144606460846D2
:1022F000FFF78EFB2146FFF7DFFB1349134DFFF776
:102300008FFCFFF753FE80FB05450BA3D3E90023A9
:1023100020462946FFF796FD09A3D3E90023306044
:1023200029462046FFF78EFD094A0023FFF78AFD64
:10233000726070BDAFF3008000209BF35E10000060
:1023400080A812010000000000002041D8EF2F00FB
:1023500040420F0000000000032970B504460D46FE
:1023600004D007294DD06FF0850025E0B2B3072ACD
:10237000F9D158681A68564BC117C2FB03010128EE
:1023800071F100033ADB534BC01841F100014CA33B
:10239000D3E90023FFF756FD022826690DD0102847
:1023A0000DD004280DD0082828D12946204610F049
:1023B00016F940B16FF0040070BD0025F5E7012566
:1023C000F3E70225F1E7444B33F815103D2081FB7C
:1023D0000001FFF733FBF0600020EDE719883F4B69
:1023E00033F8020B814206D1D1B2204606F018F92B
:1023F0000028F1D0DEE701320C2AF1D16FF0150090
:10240000DAE7002A4BD0072AADD15A681D68304858
:10241000D11713460A46C5FB0032B425A3FB0501BC
:10242000012B05FB021172F1000228DB2C4BC018B6
:1024300025A3D3E9002341F10001FFF703FDFA28AA
:10244000266924D0B0F5FA7F23D0B0F57A7F22D068
:10245000B0F5FA6F21D07D28D0D104252946204639
:1024600010F0CDF80028A5D11E4B33F8151041F21D
:10247000171081FB0001FFF7E1FAF061ACE71A4B9E
:10248000C01861F1000110A3D3E90023D5E70025AE
:10249000E4E70125E2E70225E0E70325DEE7198806
:1024A0000E4B33F8020B814204D1D1B2204606F024
:1024B0009FF89DE701320C2AF3D19FE7AFF300802C
:1024C0003AA3950000000000D8EF2F0000000000A4
:1024D00040420F009DD14A00403B0100483B0100B3
:1024E000ECF71700363B01001408E8FF2DE9F04F28
:1024F000934DDFF850920FCDE7B00DF154084446EC
:102500000FC42B68904823600DF0C3FF8F4C00254B
:10251000012654F8060C10F07DFC20B98C482946A1
:102520000DF0B7FF15E054F8063C4B4502D0894842
:102530002946F5E714F8013C7BB1D9F8083021466B
:102540001B6848469847021E0ADA834829460DF060
:10255000A0FF002067B0BDE8F08F6FF08502F4E7C0
:1025600014F8023CD8F8042006FA03F301351343AB
:10257000062DC8F8043004F11404CAD177480DF0D0
:1025800088FF00246823CDE92634754E304610F0CC
:1025900041FC18B973480DF07CFFDAE7B5682F6885
:1025A00047B1032126AB22463046B847011E04DA64
:1025B0006D48B5E76FF05701FAE72D6845B107217F
:1025C00026AB22463046A847011E04DA6748A7E733
:1025D0006FF05701FAE7664868210DF05AFF4FF493
:1025E000803000210DF0ADFD10F062FD4FF47A72E5
:1025F000A0FB020302FB0133C00B40EA43435D4FE3
:10260000139310F055FD04468A46D9F808304D481A
:102610005B6841469847011E08DA57480DF039FFBC
:102620004FF4A47000210DF08CFDEAE7D6F808B055
:102630004B48DBF80C304C219847011E01DA4F481B
:10264000ECE71AAD0321DBF8103045482A469847DD
:10265000011E01DA4A48E1E7072120AADBF8103021
:102660003F489847011E20AA01DA4648D6E74FF4B2
:102670007A73A4FB034103FB0A11E30B546910694D
:1026800043EA414340494FEAE47CC0FB014CCDE9B9
:10269000104CD46890684FEAE47CC0FB014CCDE953
:1026A0000E4C50681268C417C2FB0104CDE90C043B
:1026B00068692A69C417C2FB0104CDE90A04E86805
:1026C000AA68C417C2FB0104CDE908046A682C6833
:1026D000D017C4FB0120CDE906202C4AB2F90A101C
:1026E0000591B2F908100491B2F906100391B2F9FC
:1026F00004100291B2F902100191B2F90020009287
:10270000139A4FF480719B1A26A8214A0DF0AAFA59
:10271000FF2803D91F480DF0BCFE81E73B68B3F5E5
:10272000FA7F05D31C491D480DF0B3FE00233B6022
:102730001A4826A90DF0ADFE3B6801333B606FE7F8
:102740002038010054340100603B01004E38010084
:10275000863B0100AE3B0100DA3B0100083C010072
:10276000C4340100263C01003F3C0100673C0100ED
:102770008B3C010070010020A53C0100C93C010018
:10278000F53C0100233D010040420F008C16002063
:102790004D3D0100813D0100D7680100B63D0100BB
:1027A0002DE9F04714464A4202EA010931EA0202E1
:1027B00003461AD04A46042A4F4628BF0422A1EBFA
:1027C000090909F1FF3A1AEA090F18D03549364AC2
:1027D000364840F2E9130DF072FE35480DF06FFEF9
:1027E000314840F2E9110DF061FE042904D8214678
:1027F000BDE8F0470DF01BBE00270422E1E71CB93D
:1028000000252846BDE8F0871E68A9EB020204F007
:10281000070302F007010B330B44E10801EBD2017F
:1028200001EBD301B368994228BF194630460DF039
:1028300022FD80460028E3D03D1D05EBC005354450
:102840005544B5FBF9F509FB05F5ED1B2C442B1F91
:1028500007349B1B24F00704A41BB0EBD30F4FEAF3
:10286000D3074FEAE40408D201463A4630460DF059
:1028700057FD414630460DF0A8FC394630460DF074
:1028800067FCA04207D9304622460DF049FD21469B
:1028900030460DF09AFC06EBC706738843F001033F
:1028A0007380AEE7DC3D0100B93D0100F73D01005A
:1028B000143E0100B2F5802F2DE9F8430ED33E49B6
:1028C0003E4A3F484FF437730DF0F9FD3D480DF097
:1028D000F6FD4FF4377139480DF0E8FD042A0CD8A5
:1028E0003949364A364840F2E3230DF0E8FD3748CF
:1028F0000DF0E5FD40F2E321EDE7043ACD1D114472
:1029000025F0070521F00706A6EB0508B8F1170F1B
:102910004FEAD8070CD82E49284A29484FF43B7370
:102920000DF0CDFD29480DF0CAFD4FF43B71D2E703
:10293000B7FA87F4C4F12002C4F12404A4000734D8
:10294000E408631C4FF00009BB420560AF60C5F8A6
:102950000C900CD91F49194A194840F202330DF066
:10296000AEFD1A480DF0ABFD40F20231B3E7494627
:10297000920005F1100010F02EFCA2B2530043F0BB
:1029800001036B803B1B9BB205EBC4015800A5F80B
:102990000090488025F83420A6F8029025F80830E9
:1029A00005EBC70321465A8842F001025A802846A7
:1029B000BDE8F8430DF009BC313E0100B93D01000E
:1029C000F73D0100473E01005E3E01007F3E0100F1
:1029D000983E0100C13E0100014B1B68184700BF33
:1029E00074010020014B1860704700BF7401002083
:1029F00030B5044685B00D4610220021684610F01F
:102A0000EAFB02238DF802302A46044B019321464B
:102A100068460DF051F905B030BD00BFD92900005E
:102A200080B505460E46174698460BF023FE034632
:102A300001F0DEF9DFF83C90044649F800304246E8
:102A400039463046A8470C4B1B7873B90B490C4AE2
:102A50000C4840F246330DF032FD0B480DF02FFDCF
:102A6000074840F246310DF021FD54F8090001F00D
:102A70005FF900BF08000000AD160020173F0100FD
:102A8000EC3E0100F73D01002A3F01002DE9F84F1F
:102A900005460846AB8B1907904616D501280CBF92
:102AA00043F0100343F02003AB83143528460CF0A9
:102AB000DDF8002840F0B181AE49AF4AAF484FF48D
:102AC00099730DF0FCFC29469DE0022803F00701F4
:102AD00040F07D8128460DF01AFD052800F2FA80AD
:102AE00001A353F820F000BFAB2A0000CF2D000057
:102AF000D52C0000792B0000132C0000732C000053
:102B000002F00702531F012B1AD80023062A2E6851
:102B1000A4B2C5E9003309D1334603E0EA8B0132A0
:102B2000EA831B68002BF9D144F00204AC832846E9
:102B30000DF0EDFC002800F05A8144F0200455E12E
:102B4000042A0DD1A4B2AC8328460DF0E0FC064661
:102B5000002800F04C8144F02004AC83002646E1BC
:102B60008749884A854840F21B130DF0A8FC40F2C3
:102B70001B1184480DF09AFC49B18349814A7F4872
:102B80004FF4AB730DF09BFC4FF4AB71F1E72B6886
:102B90004BB97E497B4A794840F257130DF08FFCC0
:102BA00040F25711E5E72B691F684FB97849754A1C
:102BB00072484FF4AD730DF082FC4FF4AD71D8E75D
:102BC000AC8B24F0070444F00604A4B2AC830E4698
:102BD0008A464FF00609AB68002B00F00F814FF0DA
:102BE000010B44F00804AC8305F1140420460CF0FA
:102BF0003DF8002878D15F495F4A60484FF49973E7
:102C00000DF05DFC214663480DF059FC4FF49971BD
:102C10008EE0022909D060495A4A584840F25D13B3
:102C20000DF04DFC40F25D11A3E7EE8B4EB15B4918
:102C3000544A52484FF4AF730DF041FC4FF4AF715A
:102C400097E72B695F684FB951494E4A4B4840F2AC
:102C500061130DF034FC40F261118AE7AC8B24F073
:102C6000070444F00404A4B2AC83B2464FF0040954
:102C7000B1E7012909D04A49424A40484FF4B273AA
:102C80000DF01DFC4FF4B27173E72B684BB93F494F
:102C90003C4A3A4840F265130DF011FC40F26511D0
:102CA00067E72B699F684FB93949364A33484FF473
:102CB000B4730DF004FC4FF4B4715AE7AC8B24F0FC
:102CC000070444F00504A4B20026AC83B2464FF0DA
:102CD000050980E72A492B4A284840F26B130DF07A
:102CE000EEFB40F26B1144E788F31188BFF36F8F5E
:102CF000BBF1000F1ED1002E33D117B12949284650
:102D0000B847EFF31188202383F31288BFF36F8F46
:102D100020460BF09DFF00284AD1174A2249174848
:102D200084230DF0CCFB214620480DF0C8FB842104
:102D300011481FE7A9680029DDD0D1F800800029DB
:102D4000D9D0D1F804B053464A462846D847B8F1FE
:102D5000000F04D0D8F8003041469846EFE74346CC
:102D6000FAE7314653464A46284636680DF0FBFBE3
:102D7000C1E700BF1F400100F23F0100F73D010025
:102D8000D85C01004C3F0100713F01007D3F010014
:102D9000A03F010036400100B73F0100CD3F0100D8
:102DA000DC3F0100292E00004B4001006040010083
:102DB00020460BF071FFAC8B24F00804A4B2AC8366
:102DC000E20621D524F01003AB8304F00701D5F807
:102DD00018A0AA8BBAF1000F22F00704BFF690AE3C
:102DE00000232E68C5E9003344F00104AC8304F0ED
:102DF000070989454FF000077FF4EDAE0EB9002FAB
:102E0000DED04FF0000BECE6A3067FF54EAE24F0CB
:102E10002003AB8304F007015CE688F31188BFF35D
:102E20006F8FBDE8F88F00BFF8B504460D4600F17E
:102E30001406EFF31187202383F31288BFF36F8FFB
:102E400030460BF005FF68B90C4A0D490D48842344
:102E50000DF035FB0C4831460DF031FB074884215D
:102E60000DF024FB30460BF017FFA5613A462046D3
:102E70000121BDE8F840FFF709BE00BFF23F0100A5
:102E80004B400100F73D0100604001002DE9F04793
:102E900004460E460DF057FB051E66DB04F11409CF
:102EA000EFF3118A202383F31288BFF36F8F484614
:102EB0000BF0CEFE804660B9374A38493848842343
:102EC0000DF0FDFA494637480DF0F9FA84213248F1
:102ED00043E048460BF0E0FEE38BA78B4FF6FF7212
:102EE000934207F0070743D0062F2CD8DFE807F0FE
:102EF0001F43092B1F041F006FF085054FF00008CA
:102F000002E00133E383022548460BF0AFFE0028C0
:102F100034D1214A244922484FF499730DF0CFFA55
:102F2000494622480DF0CBFA4FF49971CFE70023C0
:102F30003360636823B9C4E9006687B13D46DDE7C5
:102F40001E606660F9E71A4915481A4A4FF4E4739F
:102F50000DF0B5FA17484FF4E4710DF0A7FA524698
:102F600002212046FFF792FD3D462846BDE8F08746
:102F70006FF00A05C2E76FF00405BFE78AF3118816
:102F8000BFF36F8FB8F1000FEFD000233A46314600
:102F900020460DF0E8FAE8E7F23F01004B4001005F
:102FA000F73D0100604001001F4001003640010074
:102FB000DC3F01004C3F0100F8B5054600F1140666
:102FC000EFF31187202383F31288BFF36F8F30460E
:102FD0000BF03EFE60B9264A2649274884230DF0AF
:102FE0006EFA314625480DF06AFA842120482BE01C
:102FF00030460BF051FEAC8B04F00704022C17D0C6
:10300000012C0CBF6FF004046FF0850430460BF008
:103010002DFE38BB164A1A4917484FF499730DF024
:103020004EFA314617480DF04AFA4FF49971DDE730
:10303000EB8B5BB914491048144A40F2EF130DF0C2
:103040003EFA124840F2EF110DF030FA013B9BB20C
:10305000EB83002BDAD13A4621462846FFF716FDCE
:103060002046F8BD87F31188BFF36F8FF8E700BFE4
:10307000F23F01004B400100F73D010060400100BC
:103080001F40010036400100764001004C3F010026
:103090002DE9F0410F460546002850D000294ED0BA
:1030A00000F11406EFF31188202383F31288BFF395
:1030B0006F8F30460BF0CCFD60B9224A224923487D
:1030C00084230DF0FCF9314621480DF0F8F98421F4
:1030D0001C4817E030460BF0DFFD39462846AC8B24
:1030E0000DF0FAF980B104F00704231F022B0DD96B
:1030F00018491648184A40F22D230DF0E0F91648F9
:1031000040F22D210DF0D2F96FF0770430460BF02C
:10311000ADFD68B90B4A11490C484FF499730DF095
:10312000CEF931460E480DF0CAF94FF49971CFE748
:1031300088F31188BFF36F8F2046BDE8F0816FF0F0
:103140001504F9E7F23F01004B400100F73D010093
:1031500060400100844001004C3F01001F4001001D
:103160003640010008B54268816002F00302032A7C
:1031700003460AD06AB908490848094A45230DF0B0
:103180009EF9074845210DF091F9006800225A6028
:1031900008BD0020FAE700BFD85C0100F73D010040
:1031A000FB4001002DE9F34106460F4615464FF05E
:1031B00000082A4601A930460DF027FA044640B11E
:1031C0000246394601980FF0F8FF2D1BA044274412
:1031D000EFD14246311D30460DF035FA48B107496E
:1031E0000748084A48230DF06AF9064848210DF0BF
:1031F0005DF9404602B0BDE8F08100BF4C410100DE
:10320000F73D0100214101002DE9F34107460E463B
:1032100015464FF000082A4601A938460DF004FA79
:10322000044648B12EB10246019930460FF0C5FF61
:1032300026442D1BA044EED1424607F10A01384630
:103240000DF001FA48B107490748084A63230DF019
:1032500036F9064863210DF029F9404602B0BDE871
:10326000F08100BF4C410100F73D01002141010008
:10327000014B036000207047C038010007B51B49AF
:103280001B480DF06AFB70BB1A4919480DF065FB2D
:1032900048BB194916480DF060FB20BB174914487C
:1032A0000DF05BFBF8B90146154A11480DF03CFEE4
:1032B000C8B9024613490E4801230DF006FF90B924
:1032C00001230093014602230948EF220DF04EFA34
:1032D00048B907480DF074FA28B9054803B05DF8FD
:1032E00004EB0DF09DBA03B05DF804FBEC01002087
:1032F000F8060020D4010020BC010020A401002019
:10330000780100205541010008B505480DF0C1F8CD
:1033100004480DF0BEF804480DF0BBF8002008BDCD
:103320006E410100A2410100D541010001480CF0AD
:1033300039BB00BFC038010038B5044618B90F4B7F
:103340000F485B6898476168B1F5683F10D0B1F5E8
:10335000680F0DD00B4DA9420AD011F468612068A6
:1033600007D00146084808F0FFFC00232360656091
:1033700038BD14220FF02FFFF9E700BFA80400208A
:10338000024201002C5F5CA96811002008B520B33F
:103390004368B3F5683F10D101220368BFF35B8F28
:1033A00053E8001F002903D143E800200028F7D18B
:1033B000BFF35B8F0DD1002008BD094A93420AD0AC
:1033C00000684FF0FF324FF0FF3308F09FFF0028F6
:1033D000F1D00448F0E70448EEE76FF4E040EBE793
:1033E0002C5F5CA9E98FFFFFEA8FFFFF08B5D8B11A
:1033F0004368B3F5683F10D100220368BFF35B8FC9
:1034000053E8001F012903D143E800200028F7D129
:10341000BFF35B8F0BD1002008BD074A934208D051
:10342000006809F03BF8F6E76FF4E040F4E7034882
:10343000F2E70348F0E700BF2C5F5CA9E98FFFFFCC
:10344000EA8FFFFF10B5044618B91D4B1D485B6895
:1034500098476368B3F5683F2FD0B3F5680F2CD059
:10346000194A934219D1236803BB18484FF0FF3221
:103470004FF0FF33214608F0EBFB08B923681BB976
:103480000F4B13485B6898472068142200210FF007
:10349000A2FE4FF46863636008E0B3F5680F0DD8CF
:1034A0003A2B03D040F6BA629342DED120680FF087
:1034B00010FD636843F03A03636010BD054AF3E70B
:1034C000A8040020024201002C5F5CA968110020C2
:1034D000284201003A00003A08B506490648402350
:1034E00014220FF0D9FCBDE80840044904480CF050
:1034F000CBBA00BF680C002068110020C83801005A
:10350000DC38010008B50348034A0021121A0DF007
:10351000B5F808BD90070020B01600200748084AFB
:10352000084908B5121A0DF0ABF80748074A0849D0
:10353000BDE80840121A0DF0A3B800BF000000203B
:1035400090070020A069010000000020000000207A
:10355000A069010038B505460C4699B1D1E90123AF
:103560000F4809680CF095FFD4E90423E1680D4881
:103570000CF08FFFE1690C480CF08BFFA1690B4840
:103580000CF087FF012D05D1EFF3058108481039B4
:103590000CF07FFF21462846BDE8384008F066B8A9
:1035A0005542010085420100B5420100C5420100BB
:1035B000F442010030BFFFF7FDBF00BF2DE9F0412D
:1035C0000B4EDFF8308006EB0807CC1B0546324671
:1035D000094920460FF0F1FDA01942460021083CA0
:1035E0000FF0F9FDC5F8AC4007F10800BDE8F08127
:1035F00000000000080000001C38010010B51D4C40
:103600001D480CF046FFA36A990130D51B480CF009
:1036100040FF1E20A36ADA0103D519480CF039FFD8
:103620001F20144CA36A1B0303D516480CF031FF6E
:103630002120A36A590303D513480CF02AFF222046
:103640000C4CA36A9A0303D510480CF022FF2320E8
:10365000A36ADB0303D50E480CF01BFF2420054AA8
:10366000936A6FEA03436FEA1343936210BD1D2010
:10367000D0E700BF00ED00E0084301002143010056
:1036800035430100504301006F43010095430100A1
:10369000B043010070B5244C064624480D460CF09A
:1036A000F8FEA36AD90435D521480CF0F2FE1720A4
:1036B000A36A1A0503D51F480CF0EBFE18201A4C1C
:1036C000A36A9B050FD51C480CF0E3FEA16BA36A0F
:1036D000180407D519480CF0DCFE1EB1A36A23F4C8
:1036E0000043A3621920104CA36A590503D514485E
:1036F0000CF0CFFE1A20A36ADA050DD511480CF0A4
:10370000C8FE1B20084A936A43F47F439362002358
:103710002B7070BD1620CBE7A36A9B04F2D50A4834
:103720000CF0B7FE1C20EDE700ED00E0DC430100EB
:10373000F343010005440100194401003344010032
:1037400049440100654401007E44010070B5304CDD
:10375000064630480D460CF09CFEA36AD90646D5B5
:103760002D480CF096FE1120A36A1A0703D52B48AA
:103770000CF08FFE1220264CA36A9B070FD5284819
:103780000CF087FE616BA36A180607D525480CF07C
:1037900080FE1EB1A36A23F08003A36213201C4C99
:1037A000A36ADA0703D520480CF073FE1420A36A3D
:1037B0009B0603D51D480CF06CFE1520144B9A6A2D
:1037C000D60602D49A6A940713D59B6AD90610D5F7
:1037D0001749184A184840F22D130CF070FE17488C
:1037E0000CF06DFE134840F22D110CF05FFE10201E
:1037F000BAE7074B9A6A920642BF5A6A22F400520D
:103800005A629A6A42F0FF029A6200232B7070BDDE
:1038100000ED00E0AE440100C54401000544010094
:10382000F944010012450100294501007E440100D0
:103830007B45010049450100F73D0100C5450100F8
:10384000F0B5704B044658688BB0C0F308030025F0
:1038500085F31188BFF36F8F02F07F46B6F17F4F7B
:1038600006D102F00C06082E11D167480CF011FEAB
:103870006649674A674840F21B430CF020FE6648E1
:103880000CF01DFE40F21B4161480CF00FFE1607C4
:103890004CBF0C460125002CEAD00026DA1E8DF81C
:1038A0000760092A00F29F80DFE802F0059397760F
:1038B0009D9D9D9D9D9B59480CF0EBFD8DF80760EB
:1038C000504EF36A9A0704D555480CF0E2FD0023E8
:1038D0002AE0F36A002B01DA5248F6E7F36A5B004C
:1038E0006AD551480CF0D5FD7369A26943F4807321
:1038F0007361BFF34F8FBFF36F8F32F8023C726971
:1039000022F480727261BFF34F8FBFF36F8F03F4A5
:103910007F42B2F55F4F26D1DBB2022B23D1216863
:1039200042480CF0B6FD23689DF80720CAB902AEE4
:1039300004F1200720686168324603C20834BC42A3
:103940001646F7D1099A002D59D0C2F3080121B9C2
:103950006FEA52226FEA4222099202A91846FFF743
:10396000F9FD0BB0F0BD274B9A6AD2B232B10DF11E
:1039700007010120FFF7EAFE0346D5E79A6A12F431
:103980007F4F05D00DF107010120FFF783FEF3E71C
:103990009B6AB3F5803F02D3FFF730FEECE7244982
:1039A0001B4A1C4840F2ED230CF089FD21480CF025
:1039B00086FD40F2ED2167E71D49154A15484FF491
:1039C0003C730CF07CFD1C480CF079FD4FF43C710D
:1039D0005AE70DF107010020CCE70DF107010020A7
:1039E000D3E7164871E7A3F11002154B154910F4FF
:1039F000F87F08BF194614480CF04BFD67E76FF3DA
:103A00000802A9E700ED00E05746010083460100E7
:103A100049450100F73D010096460100D4460100EA
:103A2000EC4601000E4701001D4701003D47010023
:103A3000D85C01005A4701007E470100AE470100F3
:103A4000294601003E460100D3470100044B5A6954
:103A500042F010025A615A6922F008025A61704716
:103A600000ED00E0EFF30880EFF3098101B5724645
:103A7000FFF7E6FE01BD00BF002080F31488BFF30E
:103A80006F8F114880F3088800201049087005F0F6
:103A9000B9FB00200E490860BFF34F8F00F02EF8ED
:103AA000202080F311880B484FF40061401880F308
:103AB0000988EFF314800221084380F31488BFF3D0
:103AC0006F8F00F0D1F80000F0290020AD16002023
:103AD00094ED00E0B01C00200749D1F890200023AD
:103AE000C2F307221846934200DB7047C1F89830B2
:103AF000C1F8A0000133F6E700ED00E008B572B6AA
:103B0000002383F31388FFF7E7FF144B4FF0FF32D6
:103B1000C3F88020C3F88420C3F88820C3F88C2021
:103B2000C3F89020C3F89420C3F89820C3F89C20D1
:103B3000C3F88021C3F88421C3F88821C3F88C21FD
:103B4000C3F89021C3F89421C3F89821C3F89C21AD
:103B500062B6BFF34F8FBFF36F8F08BD00E100E087
:103B60001EF0040F0CBFEFF30880EFF309808169AA
:103B700011F8021C0229FFD001B572460CF082FD3B
:103B800001BD00BF40B2002807DB044A4109012300
:103B900000F01F00834042F82130704700E100E050
:103BA00040B200280CDB4309064900F01F00203317
:103BB0000122824041F82320BFF34F8FBFF36F8F64
:103BC000704700BF00E100E0054B420900F01F0014
:103BD00053F82220012303FA00F01040704700BF81
:103BE00000E100E038B54B1C072B04460D460FD909
:103BF000114A124912486B230CF061FC1148294606
:103C0000072322460CF05BFC0B486B210CF04EFCAA
:103C100040B20028ACBF00F160400B4A4FEA4313AA
:103C2000B8BF00F00F00DBB2AABF00F5614013542B
:103C300080F8003338BD00BFE74701001E4801008F
:103C4000F73D01003948010014ED00E0044B054A3E
:103C500023F07F039360BFF34F8FBFF36F8F7047E5
:103C60000010000000ED00E008B5FFF7EFFF074A85
:103C7000D2F8883023F47003C2F88830FFF742FC92
:103C8000FFF74CFC00F096F807F0F2FD00ED00E0C5
:103C900042F8203C009B42F81C3C0A49019B42F838
:103CA000183C029B42F8143C21F001014FF0807354
:103CB00042F8043C42F8081C0023203A0265C0F890
:103CC000B0307047212A000000B50C4B98600C4BB7
:103CD0001546D0F8AC201A600E462C4686F30988AB
:103CE0000020044B98472046002100220023024C6C
:103CF00020470000A9060100212A00001416002018
:103D000088110020014B10221A61704700ED00E07D
:103D1000054B5A699B689A421FBF044A536843F097
:103D200080535360704700BF1416002000ED00E080
:103D3000084B9B6883420BD1EFF3058343B1064BDD
:103D40005A6842F080525A605A6A22F400425A621B
:103D50000AF096BC1416002000ED00E012498A68B3
:103D60004FF030001044EFF3098C80E8F01F202062
:103D700080F31288BFF36F8F0C4F4FF000664A69D3
:103D80008A603E60D2F8AC00094C2060D2F8B000E6
:103D90000023C2F8B03080F3118802F1300090E8BF
:103DA000F01F8CF3098870471416002004ED00E022
:103DB00088110020044800232021C2180133302B31
:103DC00082F80013F9D1704700E100E008B5EFF385
:103DD0000583064A103B02EBC30152F833004968E1
:103DE0008847BDE80840FFF793BF00BFFC340100DF
:103DF000014800687047000088110020024B034A08
:103E00000348012100F066B80000042000000020F3
:103E1000EC380100084AC2F898000B6823F01F0331
:103E2000034343F01003C2F89C308B6843F0010356
:103E3000C2F8A030704700BF00ED00E02DE9F0436C
:103E4000DFF8608085B00E461F4604464FF000093B
:103E5000B14523DA6068D8B13FB1411E08421BD199
:103E60001F2819D92368194216D1236801930CF031
:103E70003EFCA36803430393D8F89050C5F307258D
:103E8000D0B2013DA84207D801A9FFF7C3FF421CE9
:103E900009F101090C34DBE76FF01502104605B09B
:103EA000BDE8F08300ED00E0044B0522C3F8942048
:103EB000BFF34F8FBFF36F8F704700BF00ED00E07F
:103EC000BFF35F8F024B0022C3F89420704700BFFE
:103ED00000ED00E038B50D4D01232A780C46FFF7C0
:103EE000ADFF287016300FD1094A0A490A4840F23E
:103EF00089130CF0E4FA094821460CF0E0FA044872
:103F000040F289110CF0D2FA38BD00BF9E16002095
:103F100079480100D85C0100F73D0100A848010084
:103F20002DE9F04F7F4E804DD6F890302C68C3F3CA
:103F300007239C4285B013D97C4A7D497D4840F2D5
:103F400002230CF0BCFAD6F890207B482146C2F33D
:103F500007220CF0B4FA40F2022174480CF0A6FAE1
:103F6000FFF7AEFF00200C2684422DD1734EDFF800
:103F7000B49134706846FFF77BF9714C714D8046FF
:103F80000027B84527D1337866490020D1F8902022
:103F9000C2F307229342C0F2BA80FFF785FFD1F83F
:103FA000903003F47F43B3F5006F00F0B6806649AC
:103FB0005E4A604840F27D230CF081FA63480CF0C1
:103FC0007EFA40F27D21C8E7696806FB0011FFF721
:103FD00021FF0130C8E7009A02EB07133901D3F83B
:103FE0000CA00AEA0400B0F5000F69D00AD8B0F5B9
:103FF000001F3DD0B0F5800F55D0B0F5801F15D013
:104000000137BEE7B0F1007F65D0B0F1805F6DD0C1
:10401000B0F1807FF4D19868D3F804A052580CF026
:1040200066FBCDE901A240F088700BE09868D3F8F8
:1040300004A052580CF05BFBCDE901A240F088507F
:1040400040F430200390D9F890303078C3F3072340
:10405000013B984254D93649344A364840F2352318
:104060000CF02DFA3A480CF02AFA40F2352174E7A8
:104070009868D3F804B052580CF039FB40F08850DF
:1040800040F400201AF0010FCDE901B20390DAD01C
:104090003049264A274884230CF011FA2E480CF0A8
:1040A0000EFA842159E79868D3F804A052580CF00E
:1040B0001EFB40F0C060CDE901A240F40030C1E732
:1040C0009868D3F804A052580CF011FBCDE901A276
:1040D00040F08270B6E79868D3F804A052580CF00C
:1040E00006FBCDE901A240F48020ABE79868D3F845
:1040F00004A052580CF0FBFACDE901A22843A1E735
:1041000001A9FFF787FE33780133337078E7C1F8F0
:104110009830C1F8A000013338E7002005B0BDE8B1
:10412000F08F00BF00ED00E0F83801007948010091
:10413000D85C0100F73D0100D44801009E16002024
:104140000000F0FF0000021187490100D74901007B
:104150005D490100084901002E49010008B5024BE4
:104160001B689847002008BD8C110020034B044AAF
:104170001860937843F00203937070478C1100200D
:104180002402002008B50649064821F00701C1F1C4
:10419000005202F58022FEF78DFB002008BD00BF13
:1041A000774900209011002070B54169867A0B4D47
:1041B000044659B1437ADB0706D42C2303FB06538C
:1041C0005B6A1B689B689847002363612C2021462B
:1041D00000FB0650BDE870400EF0A2BECC060020E9
:1041E000024B2C2202FB0030704700BFCC0600209F
:1041F00008B543684BB107490748084A5A230CF0F1
:104200005EF906485A210CF051F903824369C360F4
:1042100008BD00BF2C4A0100F73D0100074A01001C
:104220002DE9FF4705466846039117461C460EF0E8
:1042300041FFDDE9008955B95C495D4A5D4840F2BE
:1042400001130CF03CF940F20111594818E005F156
:104250001406EFF3118A202383F31288BFF36F8FC4
:1042600030460AF0F5FC68B9534A54495148842352
:104270000CF025F9314652480CF021F984214E48C2
:104280000CF014F930460AF007FD6B8B002B5AD066
:104290002A8B9A4239D900220023284608F0AEFA28
:1042A0000446002831D030460AF0E0FC68B9424AA2
:1042B000444940484FF499730CF001F931464248A3
:1042C0000CF0FDF84FF49971D9E78AF31188BFF328
:1042D0006F8F039D002D59D042464B4668460EF025
:1042E0000EFFA27A394B2C2101FB023320465B6A78
:1042F0001B6803A91E68DDE90023B0476061002840
:1043000037D12046FFF750FF2EE06C8B631E6B8386
:1043100030460AF0ABFC0028C9D08AF31188BFF3FD
:104320006F8F2B7F2A8B1B33121BAC6A23F0030386
:1043300002FB0344254B264AEB1A9B105343A372FE
:104340002B7FE372C5E730460AF090FC0028AED020
:104350008AF31188BFF36F8F23463A46284608F048
:104360004DFA04460028B4D10024204604B0BDE82C
:10437000F087039B9D420BD916490D4A0D484FF417
:10438000AB730CF09CF84FF4AB715EE765612B46A4
:104390000021012222816160E27A638204F1180027
:1043A0000EF019FF2046FFF723FFDEE7464A010023
:1043B000074A0100F73D0100F23F01004B400100B8
:1043C000604001001F40010036400100CC06002083
:1043D000A38B2EBA4B4A0100F8B5054698B1194E89
:1043E0002C272C466D68237ACBB9174A17491848F1
:1043F00040F2C1130CF063F8214616480CF05FF848
:1044000040F2C11108E014490F4A114840F2BB13B1
:104410000CF055F840F2BB110B480CF047F8013B8B
:10442000DBB2237253B9E3606360A37A07FB0363D3
:1044300020461B6A1BB19847002DD2D1F8BDFFF76B
:10444000B3FEF9E7CC060020074A0100654A0100E7
:10445000F73D01006E4A0100614A010008B558B9F4
:1044600007490848084A4FF4F3730CF028F8064847
:104470004FF4F3710CF01AF8027A0132027208BD9F
:10448000614A0100F73D0100074A0100034610B5EB
:10449000084659B91649174A174840F25D230CF0EF
:1044A0000EF840F25D2113480CF000F8CBB15A68C9
:1044B0004AB912490F4A10484FF418730BF0FFFF26
:1044C0004FF41871EFE78A4209D00D49094A0A48AA
:1044D00040F261230BF0F3FF40F26121E3E74A6809
:1044E0005A60446800234360FFF776FF204610BD02
:1044F000A94A0100074A0100F73D01008A4A01006C
:10450000984A010070B5034605688288DC889E6879
:10451000A818A41AAD1B641BA14209D90649074873
:10452000074A3E230BF0CBFF05483E210BF0BEFFB0
:104530000A449A8070BD00BFE94A0100F73D0100BE
:10454000AE4A010008B583888B4209D20749084862
:10455000084AB0230BF0B3FF0648B0210BF0A6FFCA
:104560005B1A9BB283800068184408BD0D4B0100A4
:10457000F73D0100AE4A010008B582888A42034631
:104580000BD2094909480A4A40F2C3130BF097FFBE
:10459000074840F2C3110BF089FF521A828000686D
:1045A0000844186008BD00BF0D4B0100F73D010035
:1045B000AE4A0100044A0123C2F840354FF0804260
:1045C0000020C2F87835704700E0014048B1054B43
:1045D000054A1B68B3FBF2F35843044B43F0010355
:1045E000184770479404002040420F0040380100F3
:1045F00008B50649064A074832230BF060FF064813
:104600000BF05DFF024832210BF050FFD85C010037
:104610001D4B0100F73D0100554B01002DE9F04114
:1046200090F82C3003F01F03012B04460F4600F1D5
:104630002C062FD0022B18D08BB394F82D102046C7
:104640000CF031F9024678B330460CF016FA1D4DE5
:10465000002834D113693BB33A4631462046984787
:104660000346FFF7C5FB2B5024E0018EC9B20CF0C6
:10467000F2FC05460028E0D030460CF0FEF9024678
:1046800068688368CAB99B6873B13A463146BDE829
:10469000F0411847018EC9B20CF0CDFCE9E790F863
:1046A0002D100CF0FBFCE4E7FFF7A2FB054B6FF0CD
:1046B00085021A500020BDE8F081DB68E4E7D3688A
:1046C000C9E700BF0C0000002DE9F04F044693B08D
:1046D00016460D4659B9A349A348A44A40F20733E8
:1046E0000BF0EDFEA14840F207310BF0DFFE0B7E30
:1046F00033F0800840F0AC847AB10846FFF76CFED6
:104700006B7EDF0703D49E0711D52B7E7BB9204635
:1047100013B0BDE8F04F0CF0DCB94A7E00F12C0973
:10472000900708D5802B0CD12846FFF755FE404650
:1047300013B0BDE8F08F910700F04E84002B40F0DD
:104740004B84D2072FD52B8A082B40F01B84EA68B4
:104750001368E3625368C9F8043029460020FFF764
:1047600095FE054610B1FFF737FEF0E048460CF025
:1047700084F9628E70B9B2B12946A0690DF011FCBE
:104780000146002800F05484204613B0BDE8F04FE5
:1047900000F0C8BE3AB1114620460CF003FE0546B3
:1047A000002800F04584FFF723FB94F82C80704F1D
:1047B000002318F0600FC351C8F3411307D0032B37
:1047C00040F0C681FFF714FB6FF0850338E04846E0
:1047D0000CF053F994F82D30002840F05681013B3D
:1047E0000A2BEFD801A252F823F000BF7549000050
:1047F000C5470000014A0000C547000019480000F5
:10480000C5470000C5470000C547000089480000B3
:10481000C5470000EB480000E18D7F29D2D8238EE8
:10482000002BCFD1638E002BCCD118F01F0FC9D134
:1048300094F83430022B05D1FFF7DAFA4FF0FF334A
:104840003B5076E0A069036993F880301B0707D5D9
:10485000C9B20CF074F9804628B1002D6CD166E71E
:10486000012384F83D3094F83430012B0AD1E38DD4
:1048700043B984F83430FFF7BBFA3B58002B00F003
:104880008E8056E00123F4E720460BF06AFFE28DAC
:10489000FF2A014696D8638E002B93D194F82C30D2
:1048A000D8068FD194F83430002BC5D02AB1D2B2BB
:1048B00020460CF0E6FA0028BED0E18D94F83C309A
:1048C0008B42D8D0C9B220460CF0E2FA80460028CC
:1048D000C3D1E28D002A14BF0223012384F83430AF
:1048E000052120460CF0B4FDC5E708F01F08B8F11B
:1048F000010F7FF467AF638E002B7FF463AFE28D0F
:10490000FF2A3FF65FAF218EFF293FF65BAF94F899
:104910003430022B90D1D2B2C9B220460CF0C5FC83
:1049200010F1020F804640F01881FFF761FA47F856
:10493000008065B14FF000082846FFF74DFDB8F143
:10494000000F7FF4F4AEFFF753FA3B583BB34846F1
:104950000CF093F80346A069002B00F06C838021D3
:1049600072E300BF614A0100F73D01006B4B01009B
:104970000C000000638E002B7FF424AF94F83430D9
:10498000002B3FF459AF012B218E02D100297FF477
:1049900053AF18F01F080CD0B8F1020F16D0638E79
:1049A000002B40F0E28220460CF07DF80028CED1AA
:1049B000ADE600297FF440AFE38D012BEFD194F8F1
:1049C000703061F3C30384F87030E8E7B4F82EA0C8
:1049D000BAF1000FE3D15FFA81F8414620460CF0AE
:1049E0001DFD0346FFF704FA3B50013302D14FF09F
:1049F000FF3832E75246414620460CF044F83AE789
:104A0000638E002B7FF4DEAEE28D238E022A5FFAE6
:104A100083FA11D108F01F085AEA08087FF4D2AED1
:104A2000A0690122190A0CF067F800287FF4CAAEC9
:104A3000012384F83D301EE794F8341000293FF438
:104A4000FBAE012902D1002B7FF4F6AE18F01F084F
:104A500011D0B8F1020FA2D1002AA0D151462046B0
:104A60000CF0C7FC0346FFF7C3F93B500133BED03F
:104A700001225146C0E7002B7FF4DEAE012A8ED121
:104A800094F8703043F008039DE70A2B3FF69AAE86
:104A900001A252F823F000BFC54A0000C54700003C
:104AA000C5470000C5470000C5470000C5470000D6
:104AB0003F4B0000C5470000E74E0000C54700001F
:104AC000114F0000638E022B7FF47CAE94F83430DB
:104AD000002B3FF4B1AE012B218E02D100297FF4CF
:104AE000ABAE18F01F0811D0B8F1020F1CD04FF078
:104AF000000805F10C0A50460BF0B7FF638E984290
:104B000018D2FFF775F96FF00B0399E600297FF4CF
:104B100093AE94F870304FEA930808F00208C3F39C
:104B2000001348EA0308E4E7C9B220460CF085FC0C
:104B30008046DEE7414650460BF001FE9BE6B4F8A6
:104B40002EA018F01F0F4FEA1A235FFA8AFA09D035
:104B500029462046FFF762FD8046B8F1000F7FF43A
:104B60007CAE88E6013B0E2B3FF62CAE01A252F83C
:104B700023F000BFB14B0000F14B00009B4C000044
:104B8000C5470000C5470000934C0000934C00004F
:104B9000C5470000C5470000C5470000C5470000E5
:104BA000C5470000C5470000C5470000F54D00009F
:104BB00005F10C0840460BF058FF83462046B4F838
:104BC00032A00BF0CEFD20B101287FF4FBADA16F28
:104BD00000E0616F002900F03F820A78DA4528BFC3
:104BE000DA46524528BF524640460BF095FD42E654
:104BF00020460BF0B6FD0AF1010201900146D2B247
:104C000020460CF018F9804600283FF4DBAD05F192
:104C10000C0AD0F804B050460BF027FF9BF8002098
:104C2000824228BF0246594650460BF075FDD8F81F
:104C30000CB0BBF1000F09D1298A638E99427FF62F
:104C40001AAEC91A5046FFF77DFC14E6DBF80400E3
:104C500083681B6B13B9DBF800B0EAE7019998474A
:104C60000028F8D0A0F1040858F8041F0029F2D059
:104C70000A78002AEFD05046CDE902210BF0F5FE6C
:104C8000029A0399904238BF82B250460BF044FD1D
:104C9000EAE720460BF065FD94E5524603212046E5
:104CA0000BF041FE834600283FF48CAD0BF0D8FE9C
:104CB000B4F832809BF81530C8B99BF814A08DF871
:104CC00028A08DF82930DBF8103005F10C0B1B887B
:104CD000ADF82A3058460BF0C8FED045424628BFF2
:104CE0005246824228BF02460AA958467DE7DBF8B1
:104CF00008208DF81530B04B1340B04A4FF0000A31
:104D000093428DF814A051D1102106A80DF010FB8C
:104D1000031EFFF657AD0AAA102BDFF8A4C206A89F
:104D2000934628BF1023534502F102022DD89B0061
:104D30000233DAB28DF8142005F10C0A50460192C4
:104D40000BF093FE019A424528BF4246904228BF8D
:104D5000104602280246804628BF022205A9504676
:104D600001920BF0D9FC019AA8EB02084FEA580215
:104D70000023934221D118F0010F3FF47CAD1BF8C2
:104D8000031050460BF0D4FC75E510F8011B4FEAF8
:104D9000111E01F00F011CF80EE01CF8011002F8C2
:104DA00002EC02F8011C0AF1010ABCE79BF814208E
:104DB0008DF81420DBF810B0BEE71BF80310A1F14A
:104DC00020005E280DD97F497F4A804840F24D235C
:104DD0000BF075FB7E480BF072FB7B4840F24D21D7
:104DE00083E45046CDE901320BF0A9FC019B029A05
:104DF0000133BEE720460BF0B4FC38B101282CD0BB
:104E0000FEF7F6FF6FF085033B5034E5636F002B30
:104E100000F022815B88B3F5007FF1D96D4B0A93D6
:104E200000238DF82C30236D04F1500B9B4508BFF7
:104E30000023BDF82A10A3B15A7D0F2A08D11A7D8C
:104E40000A44ADF82A209DF82C2001328DF82C2040
:104E5000626D934203D01B68EBE7A36FD7E7BDF801
:104E60002A10019105F10C0A50460BF0FEFDB4F832
:104E700032800199884528BF8846804528BF8046F2
:104E80004246052A28BF05220AA9504601920BF086
:104E900043FC019AB8EB02083FF4EDAC236D5B458F
:104EA0003FF4E9AC002B3FF4E6AC5A7D0F2A14D155
:104EB0001A7D19690193424528BF424650460BF0BE
:104EC0002BFC019B1A7D424594BFA8EB0208A8EB7E
:104ED0000808B8F1000F3FF4CEAC626D93423FF486
:104EE000CAAC1B68DEE794F83430002B3FF4A4AC66
:104EF000638E012B7FF466AC05F10C0840460BF085
:104F0000B4FD00283FF4FDAD94F83C10404639E76D
:104F100008F01F08B8F1010F7FF48EAC20460BF0AB
:104F20009EFF00283FF488ACB4F830A0BAF1FF0F20
:104F30003FF648AC43681B795345FFF443AC5FFA36
:104F40008AF30F2B3FF63EAC638E012B7FF43AAC15
:104F500005F10C0840460BF088FD00283FF4D1AD68
:104F600004EB0A0393F83E10D0E748460BF085FDAA
:104F700018B92846FFF730FA15E52946204600F013
:104F8000D1FA10B12846FFF7EEBBA069036993F888
:104F9000801011F004017FF4BAAB0DF016F805464D
:104FA00000283FF4D4AC0146204600F0BBFA0028AC
:104FB0003FF4ADABE6E700BF00FF020000030200D4
:104FC0003D690100D44B01009F4B0100F73D0100FA
:104FD000014C0100050F050052077FF5B8AC002B0E
:104FE0003FF4A2AB2846FFF7F7F994F83D30002BC9
:104FF0003FF49DAB94F82D30052B05D1E18DA069D0
:10500000C9B20BF09CFD064694F82D30032B09D154
:10501000E38D022B06D1218EA0690022090A0BF034
:105020006BFD0646002384F83D30B046FFF77FBB9A
:105030006FF00B068BE4638E002B3FF490AC16F1FF
:105040000C0118BF0121C9010CF0C1FEFFF75FBBC5
:105050006FF00408FFF76BBB6FF01508FFF7FDBB9F
:105060002DE9F0410B78062B0C4640D10369D3F8AB
:105070009C6006F12805EFF31187202383F3128843
:10508000BFF36F8F284609F0E3FD68B91C4A1D493C
:105090001D4884230BF013FA29461C480BF00FFA25
:1050A000842117480BF002FA284609F0F5FD6368E1
:1050B00000221A60726A9AB9C6E90833284609F0D4
:1050C000D5FD80B90E4A12490F484FF499730BF081
:1050D000F6F929460F480BF0F2F94FF49971E0E721
:1050E00013607362EAE787F31188BFF36F8F0A4892
:1050F00021460022BDE8F04100230DF0DBBE00BFD9
:10510000F23F01004B400100F73D0100604001000B
:105110001F40010036400100780600202DE9FF41C4
:1051200020264FF0FF337B484FF0FF3201A907F0F4
:1051300003F8039B1B69D3F89C40FCB194F87030D2
:10514000DF071BD504F12807236A002B45D0EFF3B6
:10515000118886F31288BFF36F8F384609F078FD07
:10516000C8B96D4A6D496E4884230BF0A8F93946D9
:105170006C480BF0A4F9842167480AE06A496B4A3D
:105180006748DE230BF09BF969480BF098F96748F4
:10519000DE210BF08BF9384609F07EFD256A2DB132
:1051A000626A2B682362954208BF6362384609F041
:1051B0005DFD68B9584A5F4959484FF499730BF03F
:1051C0007EF939465C480BF07AF94FF49971D3E7D0
:1051D00088F31188BFF36F8FC5B99DF80430062B93
:1051E0009FD0072B9DD801A252F823F04152000016
:1051F0003552000061520000475200008552000005
:105200007B520000235100000F5300002B7ED5F885
:105210001E2029465D06204609D1FFF755FA0246B1
:10522000002891D0072120460CF012F98CE700F0FD
:1052300045F9F4E70022012120460CF009F970E756
:1052400000221146F8E794F8703043F0040301A9F6
:1052500084F8703020460BF09AFC00220321EBE723
:1052600094F8703023F0040301A984F870302046CC
:105270000BF08DFC00220221DEE701A920460BF095
:1052800086FC4EE794F87030A76923F0040384F895
:105290007030D7F808803B69BFF35B8FD3F8A0303C
:1052A000BFF35B8F9A072FD5D8F83C303846984724
:1052B000D8F82430002138469847D8F840300546C1
:1052C00038469847ADB9294620460BF0E1FD054622
:1052D00078B9A0690CF098FE831E5842584194F8A2
:1052E000703084F8345023F0680343EA401384F8A4
:1052F00070300022042120460CF0AAF8002D3FF463
:1053000010AF2A46072197E74FF0FF35F1E7029AE1
:10531000062191E778060020F23F01004B40010092
:10532000F73D010060400100814C01004B4C010041
:10533000B84C01001F4001003640010030B589B073
:1053400000220023CDE9062300246FF00703CDE9F6
:105350000334CDE90144294B294900944FF480627C
:10536000284808F02FFA2849264808F05DF9274B0D
:1053700027498B421CD92749274A284840F227133E
:105380000BF09DF826480BF09AF840F227112248BE
:105390000BF08CF803F11402BFF35B8F52E8000F9F
:1053A00042E80045002DF9D1BFF35B8F1833E0E7E9
:1053B000F0D31C4B1C4900208B421AD91B49164ABA
:1053C000164840F22B130BF07AF815480BF077F8DB
:1053D00040F22B11DBE703F11402BFF35B8F52E8BD
:1053E000004F42E80005002DF9D1BFF35B8F183361
:1053F000E2E7F0D3002009B030BD00BF1D5100002E
:10540000B016002090070020D84C0100780700203B
:1054100090070020DD4C01004B4C0100F73D0100DE
:10542000FD4C010090070020900700201C4D01005A
:1054300038B502460949054680690CF04BFE044622
:1054400048B985F83C0028460BF0F8FB044610B13B
:10545000A8690CF072FE204638BD00BF6150000004
:1054600070B5054611B10024204670BD0D4C0E4E9E
:1054700008E0F8D2636828461968FCF78DFD00281B
:10548000F2D01834B442F4D90849094A0948D4235F
:105490000BF015F808480BF012F80548D4210BF072
:1054A00005F800BF7807002090070020DD4C0100C0
:1054B0003C4D0100F73D0100FD4C010010B559B90C
:1054C0000B490C480C4A40F207330AF0F8FF0A482F
:1054D00040F207310AF0EAFFD1F81A0083681B692D
:1054E00013B1BDE8104018476FF0850010BD00BF34
:1054F000614A0100F73D01006B4B010008B5064908
:105500000648074A40F207330AF0D9FF044840F240
:1055100007310AF0CBFF00BF614A0100F73D0100EF
:105520006B4B01002DE9F04105460C4609B9FFF728
:10553000E5FF0B7E5A063BD193B30BF03CF90028F4
:105540003AD12846D5F87480268A6F8E0BF009F977
:1055500070B101282AD01A491A4A1B484A230AF076
:10556000AEFF1A480AF0ABFF16484A210AF09EFF28
:1055700098F80720238A9BB1BE42698E334628BF24
:105580003B4699420CD9B3FBF2F102FB11333BB914
:1055900094F91830002BBEBF637E43F00803637696
:1055A000A8692146BDE8F0410CF06BBC4022E1E760
:1055B0006FF01500BDE8F0814FF0FF30FAE700BF53
:1055C000D85C0100734D0100F73D0100AD4D0100B5
:1055D0002DE9F0410646EFF31188202484F3128868
:1055E000BFF36F8F3C4809F033FB68B93B4A3C4935
:1055F0003C4884230AF063FF37493B480AF05FFFC9
:10560000842136480AF052FF3348384D09F044FBF4
:1056100031482F6809F02AFB68B9304A34493148CB
:105620004FF499730AF04BFF2B4932480AF047FFB9
:105630004FF49971E5E788F31188BFF36F8F5FB975
:105640002D492E4A274842230AF039FF2C480AF0F8
:1056500036FF2A484221D5E77B6893F87030DB0794
:1056600006D430462122BDE8F041002307F0D4BE25
:10567000EFF3118784F31288BFF36F8F164809F098
:10568000E7FA0028B2D0144809F006FB2C682CB1C8
:105690006A6823682B60944208BF6B600E4809F06B
:1056A000E5FA0028B9D087F31188BFF36F8F44B1B2
:1056B000606804F10801C36998471248214606F062
:1056C00053FB2B6833B130460022BDE8F041002384
:1056D00007F01ABEBDE8F081A4110020F23F0100DE
:1056E0004B400100F73D0100604001009C1100208B
:1056F0001F40010036400100194E0100E44D010039
:105700002D4E0100D80500207FB50646CDE90012D8
:1057100030480022002303A906F09AFA0446002824
:1057200055D1039BDDE900015E60083383E8030087
:10573000EFF31185202383F31288BFF36F8F264880
:1057400009F086FA68B9254A2549264884230AF0D3
:10575000B6FE214924480AF0B2FE84211F480AF00F
:10576000A5FE1D4809F098FA039B204A1C60516869
:1057700099B9C2E90033184809F078FA80B9174A94
:105780001B4918484FF499730AF099FE12491948B9
:105790000AF095FE4FF49971E0E70B605360EAE779
:1057A00085F31188BFF36F8F13480022002307F0A1
:1057B000ABFD00280BDA1149114A0A4833230AF0DD
:1057C0007EFE10480AF07BFE0D483321C7E704B087
:1057D00070BD00BFD8050020A4110020F23F0100D9
:1057E0004B400100F73D0100604001009C1100208A
:1057F0001F4001003640010000000020D85C01007D
:10580000E44D0100494E01002DE9F04106690D46C5
:10581000174606F19C04EFF31188202383F31288C6
:10582000BFF36F8F204609F013FA68B9194A1A4975
:105830001A4884230AF043FE214619480AF03FFE25
:10584000842114480AF032FE204609F025FA294640
:10585000F06B3A46FDF7A6FC0546204609F006FA2D
:1058600068B90C4A0F490D484FF499730AF027FEA6
:1058700021460D480AF023FE4FF49971E1E788F3C1
:105880001188BFF36F8F15B1012386F84130284688
:10589000BDE8F081F23F01004B400100F73D0100FF
:1058A000604001001F4001003640010038B54B78D0
:1058B000046945682069202B08D0222B19D0FEF7F7
:1058C00097FA114B6FF085021A5010E0CB88072B26
:1058D000F5D1D3681A6842609A8802819B798372F5
:1058E0000BF0D7FD2246082128460BF0BFFD002013
:1058F00038BD4B888381C3F3400203F00103027675
:10590000437622460921EFE70C00000008B5134654
:105910004A78212A14D133B9FEF76AFA0B4B6FF09B
:105920000B021A500AE0CA8801690969072A28BFD0
:105930000722043103F10C000AF0EEFE002008BD3E
:10594000FEF756FA014B6FF08502EAE70C00000003
:105950002DE9F34105698DF8071005F19C04202716
:10596000EFF3118887F31288BFF36F8F204609F099
:105970006FF968B9284A2949294884230AF09FFD0C
:10598000214628480AF09BFD842123480AF08EFD19
:10599000204609F081F9E86B01220DF10701FDF7BE
:1059A00001FC0646204609F061F968B91A4A1E4909
:1059B0001B484FF499730AF082FD21461B480AF0F8
:1059C0007EFD4FF49971E0E788F31188BFF36F8F84
:1059D000012E10D00DF0EFFAB0B1154BBFF35B8F75
:1059E000012253E8001F002903D143E800200028CA
:1059F000F7D1BFF35B8F2122002305F1480007F0A8
:105A000083FC02B0BDE8F081AB7E002BE5D0002125
:105A1000212008F0A5FDA3E7F23F01004B40010063
:105A2000F73D0100604001001F40010036400100C9
:105A3000A811002038B505690E49EB6B0024C3E9B5
:105A40000144DC606B6B05F14800C3E90144DC6094
:105A500007F0AAFB05F17800074907F09FFA07490C
:105A600005F1240007F09AFA28460BF012FD2046B3
:105A700038BD00BF13160100D916010065170100DB
:105A8000F8B50646476800690D46046959B93D49AD
:105A90003D483E4A40F207330AF011FD3B4840F2D0
:105AA00007310AF003FD0B7E4168896891F83D10CB
:105AB0002AB3994204D1042104F188000BF07EFD41
:105AC00033692A7E5B689B6893F836309A4204D12A
:105AD000052104F188000BF071FD33692A7E5B68B3
:105AE0009B6893F826309A4203D104F18C0007F0AA
:105AF00007F829463846BDE8F8400BF077BC9942D4
:105B000014D12A8AE968606BFDF74CFB28B1E36980
:105B10001BB104F1240007F0D1FA04F1880004213C
:105B20000BF04CFD04F1780007F0C8FA33692A7EC7
:105B30005B689B6893F836309A4215D1E3691BB1D4
:105B400004F1240007F0BAFA052104F188000BF0F3
:105B500035FDE36B5A89DB889A4205D00022002389
:105B600004F1480007F0D0FB33692A7E5B689B682C
:105B700093F826309A42BCD104F18C0006F0C8FE9E
:105B8000B7E700BF614A0100F73D01006B4B010020
:105B900008B506490648074A40F207330AF08FFC69
:105BA000044840F207310AF081FC00BF614A01005D
:105BB000F73D01006B4B0100F8B587681446FB6B9D
:105BC00005460E4698472146064800220023FEF768
:105BD00027FB044600B1067628463B6C98472046D2
:105BE000F8BD00BFCC060020EFF31180202383F323
:105BF0001288BFF36F8F0A4BD3F8001C032261B9E0
:105C000049F27531C3F8001CC3F8142DC3F8001C09
:105C100080F31188BFF36F8F7047C3F8142DF7E737
:105C200000E00640EFF31180202383F31288BFF3D6
:105C30006F8F0A4BD3F8001C61B949F27532C3F873
:105C4000002CC3F8141DC3F8002C80F31188BFF397
:105C50006F8F70470022C3F8142DF6E700E006406E
:105C600008B50B7F0D4A13F07F0F03D10123536555
:105C7000002008BD19070BD509490A480A4A40F215
:105C80006D430AF01CFC084840F26D410AF00EFC1E
:105C900043F48073C2F81835EAE700BF0070024091
:105CA000A34E0100F73D0100764E010010B5446897
:105CB000206801F0CBFE0D4B18600D4B1B782BB10B
:105CC0000C4B0022186811460BF014FF0022012132
:105CD0002720FDF787FF201D04F088FA04F1080053
:105CE00004F0D2FA0CF0B8FF002010BDBC11002067
:105CF000A31600201012002008B500F00F03082B97
:105D00000BD9094909480A4A4FF48B730AF0D7FBAB
:105D100007484FF48B710AF0C9FBC043C0F3C010B1
:105D200003EB001008BD00BFB64E0100F73D0100B7
:105D3000764E01002DE9F0410446EFF31186202351
:105D400083F31288BFF36F8F410600F0080723D05A
:105D500017BBDFF8A080FFF7CFFFD8F8005025FA77
:105D600000F3DA0718D50123834025EA030563B25F
:105D7000DB4324F08002DB0F02F2DA321B0103EB7B
:105D800042031D4AC8F80050C2F80038D2F804385F
:105D900043F00203C2F804382046FFF7ADFF174A6C
:105DA0000125136805FA00F023EA0003136067B9C0
:105DB000134F2306D7F80080204614D4FFF79CFF2A
:105DC00005FA00F028EA000038602046FFF794FF4B
:105DD000094A01238340C2F86C3486F31188BFF36B
:105DE0006F8FBDE8F081FFF787FF854045EA080522
:105DF0003D60EAE704120020007002400812002013
:105E00000C120020F8B50446FFF776FFEFF311827D
:105E1000202383F31288BFF36F8F631E062B25D8D0
:105E2000314D324B2E681B683343C34013F00103DE
:105E300008D12F4F04F5947147F821300123834096
:105E400033432B602B490D6825FA00F3DB073DD562
:105E5000294A2A492A4840F253430AF030FB214696
:105E600028480AF02CFB40F2534117E0882C18D147
:105E70001D4B1B68C340DF07E4D51C4B1B68C340A8
:105E8000DE07DFD520491C4A1D4840F24A430AF08C
:105E900016FB1E480AF013FB40F24A4116480AF06E
:105EA00005FB2506CED5104B1B68C340D907C9D5C5
:105EB000114A1749124840F24F430AF000FB2146AD
:105EC00014480AF0FCFA40F24F41E7E7012383400F
:105ED0002B430B60104B8021C3F8041182F311880F
:105EE000BFF36F8FF8BD00BF041200200C1200201A
:105EF0000070024008120020764E0100C14F0100E0
:105F0000F73D0100EC4F0100104F01005D4F010013
:105F1000824F0100A74F010000E100E070B5064686
:105F20000D460BF0A6FD04460BF0ACFD28BB204649
:105F30000BF0CBFD08B3802D16D1437E9A0744BFEA
:105F40000E4A15705B070FD50D4B1B7813B90D4B1F
:105F500001221A6520460BF0B4FD002201463046AE
:105F6000BDE870400BF0D2BD2846FFF74BFF20463E
:105F70000121BDE870400BF089BD70BDA116002065
:105F8000A61600200070024070B506460C460BF0C5
:105F900070FD05460BF076FD20BB28460BF095FD05
:105FA0000146F8B1ACB9437ED8071BD49A0704D593
:105FB0000D4B1C700D4B0122DA644B7E5B0708D53C
:105FC0000B4B1B7873B130460022BDE870400BF0DC
:105FD0009DBD2046FFF716FF28460121BDE8704011
:105FE0000BF054BD70BD00BFA11600200070024030
:105FF000A716002000F00F02082A08B541B209D9FF
:106000000F491048104AE7230AF059FA0E48E721D1
:106010000AF04CFA10F0080F0C4B0AD100294FF08F
:10602000140101FB0233B4BFD3F80806D3F8080704
:1060300008BD0029B4BFD3F8A806D3F8A807F7E72E
:10604000B64E0100F73D0100764E0100007002409F
:10605000F8B510F0080705460BD0194919481A4A37
:1060600040F285430AF02BFA174840F285410AF0C6
:106070001DFA030620D400F00F04A40004F18044AC
:1060800004F51C34D4F84434B3B1EFF31186202363
:1060900083F31288BFF36F8FFFF72EFE0B49C4F80E
:1060A000A074012303FA00F20B6823EA02030B60D9
:1060B00086F31188BFF36F8F054BC3F81855F8BDF1
:1060C000A34E0100F73D0100764E01000C120020A6
:1060D0000070024010B50B7F13F008040BD00C4980
:1060E0000C480D4A40F28F430AF0E9F90A4840F2A1
:1060F0008F410AF0DBF9094AC2F80C3543F480738A
:10610000C2F80C35087FFFF7A3FF204610BD00BF83
:10611000A34E0100F73D0100764E010000700240E1
:10612000012810B5014619D0022809D0A8B90F4B93
:10613000024618680BF0DEFC0D4B01221A700CE0D1
:106140000C4B0D4C00221A700C4BC4F80033272066
:10615000FDF718FD0123C4F8043510BD034B0022E0
:1061600018680BF0C7FC024B0022E7E71012002072
:10617000A3160020A216002000700240FDFFDF01E0
:10618000014601480DF007B8B406002008B5054BDC
:106190001970054B1B7813B10420FFF7F1FF0020A5
:1061A00008BD00BFA4160020A516002010B5046984
:1061B000087FFFF7A1FD0C4A012303FA00F01368E2
:1061C0000343136007F080FF4020FFF7D9FF4FF033
:1061D000FF324FF0FF3304F18401044807F0D6F991
:1061E00007F0E4FF002010BD00120020C4060020CC
:1061F0002DE9F047494B066988B00546186006F15D
:1062000084000CF066FE00220023CDE90623002462
:106210006FF00703CDE90334CDE90144404B414918
:1062200000954FF40072404807F0CCFADFF8FC808C
:106230003F493D483F4F07F0F7F9D8F814203E4B4F
:10624000134043F4820343F04003C8F81430C146BE
:106250004FF0240A88F81C40414628460BF01BFCEE
:10626000002857D10134092C18D00AFB0491082CBE
:106270008A7D324B42F040028A7508D1D9F8342128
:106280002F4911402F4A0A43C9F8342103E04A69D3
:106290003A401A434A6108F12408DBE72A4C2B4BA9
:1062A0006269244F134043F4041343F040036361D5
:1062B0008046A1464FF0240A68F07F0222772146EB
:1062C00028460BF0E8FB28BB08F10108B8F1090FDC
:1062D00018D00AFB0891B8F1080F8A7D174B42F0DD
:1062E00020028A7508D1D9F8342115491140154A80
:1062F0000A43C9F8342103E04A693A401A434A6123
:106300002434D9E796F8803023F0720343F0720307
:1063100086F8803008B0BDE8F08700BF101200207A
:10632000A5640000B01A002048080020581300207F
:10633000085001000000F9FF0000BEFF4000060009
:106340000000F7FFFF010800141200200000DEFF2C
:1063500010B50C46204611460BF0B9FB207FFFF725
:10636000CBFC014603480BF028FF0120FFF708FF94
:10637000002010BDA014002010B559B91A491B48BF
:106380001B4A40F24D630AF09AF8194840F24D61F9
:106390000AF08CF80C7F4FF0FF324FF0FF331548B6
:1063A00006F034FB2046FFF7C5FC04F00F02012382
:1063B0009340114A14F0800F14BFD2F81015D2F890
:1063C00014156FEA030315BF0B400B40C2F81035DC
:1063D000C2F81435074806F09BFA084B8022C3F830
:1063E0000421002010BD00BF11500100F73D010045
:1063F000764E0100A40600200070024000E100E09B
:1064000010B559B92249234A234840F23A630AF0A9
:1064100056F840F23A611F480AF048F80A7F91F9AD
:106420001C0002F00F02082A09D91C49194A1A480F
:1064300040F20E430AF043F840F20E41EBE7184BEE
:106440000028B4BFD3F81045D3F814450123934076
:1064500023420DD1124A0028B5BFD2F81005D2F858
:10646000140503430343B4BFC2F81035C2F8143512
:106470000B7F1A0709D40A4AC2F80C3543F480731B
:10648000C2F80C35087FFFF7E3FD002010BD00BF08
:1064900011500100764E0100F73D0100B64E01009B
:1064A000007002402DE9F04FC14E87B004464FF016
:1064B000FF3A4FF0FF3B0022CDE900AB4FF0FF3138
:1064C000BC480CF06FFEBB484FF0FF310CF066FE8D
:1064D00010F0080F80462FD0B74852465B4606F0B2
:1064E00095FAEFF31181202383F31288BFF36F8FA6
:1064F000B24B1B7883B1B24BD3F8002412F4007274
:106500000AD10120C3F82C05D3F82C05D3F80004D8
:10651000800548BFC3F82C2581F31188BFF36F8F26
:10652000A54806F0F5F9012120460BF082FA002279
:10653000032120460BF0DEFA18F0100F08D00021DE
:1065400020460BF076FA0022022120460BF0D2FA08
:1065500018F0200F08D0002120460BF06AFA002224
:10656000022120460BF0C6FA18F0020F63D118F092
:10657000010F0FD0BFF35B8F924B002253E8007FD7
:1065800043E800210029F9D1BFF35B8F0125002FDB
:1065900040F0E18018F0040F34D0894B4FF0000C2C
:1065A00086F800C0D3F88074FFB28DF81070D3F86D
:1065B0008404C0B28DF81100D3F88824D3F88C1469
:1065C00042EA012292B2ADF81220D3F89014D3F827
:1065D000945441EA0521ADF81410D3F89814D3F877
:1065E0009C5441EA052189B2774DADF81610002F71
:1065F00040F0CB80052840F0C88001232B70002993
:1066000000F0CF8018F0400F3FF451AF2069843084
:106610004FF0FF324FF0FF3305F078FE6B4D2968E5
:10662000002940F0FE806A4806F01CFF2069843093
:1066300005F034FF3BE7674BBFF35B8F002253E865
:10664000009F43E800210029F9D1BFF35B8F5C4F25
:106650004FF0010BB9F1000F89D099FAA9F3B3FA01
:1066600083F30F2B1D46C6BFA3F11005EDB245F015
:1066700080050BFA03F329EA03092B062946204675
:1066800053D50BF0F6F903900BF01BFA824658B97C
:106690005149524A524840F2DE4309F010FF40F29D
:1066A000DE414E4809F002FF039800210BF0EEF99D
:1066B0000022514620460BF029FA802D30D19AF85D
:1066C000193099070CD44749444A454840F2E643FB
:1066D00009F0F5FE444809F0F2FE40F2E641E0E739
:1066E000002186F800B02046C7F850B00BF0C1F981
:1066F0000BF0E7F9014698B1437E5A070CD43B49A9
:10670000364A374840F2F34309F0D9FE384809F0D9
:10671000D6FE40F2F341C4E7002220460BF0F6F922
:1067200029462046FFF7FAFB94E70BF0A2F98246D0
:106730000BF0C7F9039048B1002150460BF0A6F9C1
:10674000039B0022194620460BF0E0F9294620461B
:10675000FFF71AFC7EE797FAA7F3B3FA83F30F2B40
:106760001946C4BFA3F11001C9B205FA03F3D8BF9B
:1067700041F0800127EA03070B06204602D5FFF708
:10678000CDFB04E7FFF700FC01E71A4985F800C0DC
:10679000D3F870240978914230D1174B00221A7037
:1067A0003AE002F07F02ADF81220ADF81410F4E7E1
:1067B000A7160020B4060020A4060020A216002080
:1067C00000700240A0140020A61600200012002035
:1067D000C40600209C140020D85C0100764E010005
:1067E000F73D0100155001003150010049500100F2
:1067F00067500100A4160020A51600202849012298
:106800000A702A704FF4A062ADF81020D3F87034EB
:10681000ADF81230CDF814C004A920460BF0A0F951
:10682000F0E691FAA1F7B7FA87F70F2F3946C6BFFE
:10683000A7F11001C9B241F0800120460BF019F90F
:10684000804690F81C904FF0FF324FF0FF33154810
:1068500006F0DCF84846FFF76DFA124806F058F8E3
:10686000114B8022C3F80421414620460BF069F900
:10687000002140460BF00AF9BFF35B8F0123BB40B8
:106880000A4ADB4352E8000F184042E800010029A1
:10689000F8D1BFF35B8F2A6813402B60BFE600BFBF
:1068A000A5160020A406002000E100E09C140020B2
:1068B0004FF08053D3F83031082B02BF024B002237
:1068C000C3F81C2C704700BF007002402DE9F04156
:1068D00005464FF0FF324FF0FF33384806F096F888
:1068E000374B8022C3F884212720FDF76DF9A0B132
:1068F000344F354B3C681B686FF30F041C434FF05B
:1069000001088CBB314E40F2FF133B602720C6F8D4
:106910000445FDF745F9C6F800432D4A13788BB1BD
:106920002A4B0021C3F808110121C3F80026C3F83F
:1069300004165960D3F808110029FBD00021C3F8D0
:1069400008111170214B0024C3F80045FFF7B0FF78
:106950001A4805F0DDFF214628460BF0FDF9C0B1CD
:106960006FF00400BDE8F08194FAA4F6B6FA86F65A
:106970000F2E3346C6BFA6F11003D8B243F08000F5
:10698000030701D4FFF7D6F908FA06F624EA06044D
:10699000B7E7802128460BF0DFF90028E0D10D4B46
:1069A0000D491C682046FCF773FB10F1780F02D1EB
:1069B0002046FCF701FB00EAE070D3E7A4060020C4
:1069C00000E100E00C1200200812002000700240DC
:1069D0009F160020BC110020AC1100202DE9F04FC3
:1069E000934BDFF85082D3F85421934F85B00AB30C
:1069F0000022C3F85421D3F8042392021AD5D3F805
:106A0000C034002B14BF4FF001244FF480748B4B23
:106A10009B683BB998F80000FFF76EF901238340AB
:106A200024EA03043B68864A23433B60136823F04F
:106A3000012313607E4BD3F8604134B10022C3F8C8
:106A40006021D3F86C44C3F86C44D3F828214AB1D0
:106A50000022C3F828217B4B1878FFF74DF901235A
:106A600083401C4398F8005098F9006005F00F022D
:106A7000082A09D97449754A7548D42309F01FFDBD
:106A8000D421724809F012FD2B0700F18880002EF6
:106A9000B4BF704B704B920013441A685AB3002273
:106AA0001A602846FFF7A6FA6C4B1A7800F001002E
:106AB00050401870FFF7FCFE694B2846D3F8009051
:106AC000FFF71AF929FA00F919F0010F014679D1F7
:106AD000002E6BDA882D69D02846FFF70DF9584A49
:106AE0000123116883400B431360812388F8003031
:106AF000524805F00DFF84B13B68514ADFF864A1AC
:106B000024F001210B433B60136823EA0103136067
:106B1000A4B24FF00109002C5AD1454BD3F8002103
:106B20004AB10022C3F800214F4B1A704D4B04218B
:106B300018680AF0DFFF3E4BD3F85821002A00F016
:106B4000A5800022C3F85821D3F80044C3F80044BC
:106B5000E00505D5444B012208201A70FFF710FB11
:106B6000A10505D5404B002210201A70FFF708FB45
:106B7000620540F18B803C4A1378002B00F0868040
:106B80002B4BD3F82C15002978D038492F4A3048A0
:106B90004FF4057309F093FC4FF4057171E7344B22
:106BA000344A33EA260328BF134676E732480BF00F
:106BB00004FB0220FFF7E4FA002E8DDB6B1E062B90
:106BC0008AD992E7002DF7D1194B0122DA648CE7BC
:106BD00094FAA4F5B5FA85F509FA05F345F08005B0
:106BE0002946DAF8000024EA03040AF042FF0AF01A
:106BF0006CFF06462846FFF7FDF9014606F10C003A
:106C0000FDF7BAFC338A002B85D130460AF061FFCC
:106C100018B130460AF065FF7DE72846FFF76CF8AB
:106C2000014615480BF0C9FA0220FFF7A9FA72E7EE
:106C300000700240A01600200C120020A4060020C4
:106C400004120020A1160020B64E0100764E01006D
:106C5000F73D010008710240307102409F1600208C
:106C60000812002010120020A216002082500100FD
:106C7000507102402C7102409C14002011700122BE
:106C8000C3F8082520209A65FFF77AFA954BDFF8BC
:106C900058A2D3F85C31F3B1944B9B681BB998F8B8
:106CA00000305B0617D08F4B0022C3F85C21DAF866
:106CB00000308F4A23F00113CAF800303B6823F4F8
:106CC000803343F001033B601368042023F0011379
:106CD0001360FFF755FADAF800603B681E4000F0D9
:106CE000EE80804BD3F82C95B9F1000F40F0E7808F
:106CF0007E480022002305F089FE002840F0DF8056
:106D000016F0012314BF93FAA3F696FAA6F6B6FA84
:106D100086F60F2EF4B2C8BF103C764BCCBFE4B25F
:106D200044F08004186821460AF0A3FE00900AF09F
:106D3000CCFE024648B97049704A714840F26B2354
:106D400009F0BDFB40F26B219BE64FFA84FB04F097
:106D50000803BBF1000F019336DA009A058AD18B44
:106D6000C368C1F30A018D4213D90D464FF00009E3
:106D700003F06042B2F1005F1AD0402D12D9614990
:106D80005E4A5F4840F27A2309F099FB40F27A218B
:106D900077E600930AF09DFE80F00109009B5FFA00
:106DA00089F9E5E7194658482A460CF006FA564B89
:106DB000B9F1000F4BD0DAF800200121B14022EAEE
:106DC0000102CAF8002042E004F00801454BE9B195
:106DD000D3F8C03413F4803F08BF9946118AD068B5
:106DE000558A43186D1A5169401A03F06041B1F198
:106DF000005FA5EB00050ED04449404A404840F2F0
:106E0000852309F05CFB40F285213AE604F5947194
:106E100053F82190E2E74D4528BF4D46294602F13F
:106E20000C0003930292FDF76DFB009BD98BC1F31D
:106E30000A014945DDE90223BDD15169D068B2F8A4
:106E400012C0128A401AACEB00019142B3D04FF04D
:106E500080520120D2F83021082A02BF214A822123
:106E6000C2F81C1C3A6888F8004000FA06F604F0E4
:106E70000F0422EA0602082C3A6007D924491F4A67
:106E80001F48FA2309F01BFBFA21FAE50199154A7C
:106E9000C1B9BBF1000F4FF0140101FB0421A9BFE0
:106EA0000A3402EB8402C1F80037C1F80457AFBFBF
:106EB00042F82400C1F80036C1F80456506005B00D
:106EC000BDE8F08FBBF1000FB5BFC2F8A036C2F825
:106ED000A037C2F8A456C2F8A457B4BF5062906459
:106EE000EDE700BF0070024008120020A406002059
:106EF0000412002010120020614A0100764E0100A9
:106F0000F73D0100A3500100C0110020B550010061
:106F1000B64E010010B5EFF31184202383F31288DD
:106F2000BFF36F8F164B1B7803F0FF02CBB11549EF
:106F3000D1F82C3513B30023C1F82C354FF0805312
:106F4000D3F83031082B0CD10F4BD3F8000CC021F3
:106F500088B949F27530C3F8000CC3F8141CC3F8A3
:106F6000000C84F31188BFF36F8F002A0CBF6FF001
:106F70000A00002010BDC3F8141CF2E71A46F0E71F
:106F8000A21600200070024000E0064013B5002267
:106F900000921146402304460AF082FE024618B1D0
:106FA0006FF0040002B010BD009040238021204605
:106FB0000AF076FE0028F3D15B4901238B605B4B1E
:106FC0004860C8601868FBF761FF0028EADBEFF350
:106FD0001184202383F31288BFF36F8F544B4FF437
:106FE0000062C3F800240BF0D3F808B1FEF7FCFDF3
:106FF0004FF08053D3F83031082B18D1EFF31180C4
:10700000202383F31288BFF36F8F4A4BD3F8001C01
:10701000C022002972D149F27531C3F8001CC3F8AF
:10702000142CC3F8001C80F31188BFF36F8F404B02
:107030000122C3F80025D3F800241205FBD54FF434
:107040000062C3F800244FF08053D3F83031082B8E
:1070500017D1EFF31180202383F31288BFF36F8FD2
:10706000344BD3F8001C00294BD149F27532C3F8D8
:10707000002CC3F8141CC3F8002C80F31188BFF354
:107080006F8F0BF085F830B1FEF7CCFD0BF080F878
:1070900008B1FEF7A9FD4FF08053D3F83031082B2B
:1070A000234B0AD140F2E372C3F800284022C3F810
:1070B0000428BFF36F8FBFF34F8F8022C3F81C25C6
:1070C0000122C3F830251C4B40F2FF121A601B4B03
:1070D000002119601A4B19601A4B19701A4B9B68E2
:1070E000012B12D019491A481A4A40F26D3309F09F
:1070F000E6F9184840F26D3109F0D8F9C3F8142CBC
:1071000091E70022C3F8142CB7E7FFF7D1FB124B2D
:1071100019700BF03DF808B1FEF784FD84F3118877
:10712000BFF36F8F00203DE7AC110020BC110020A1
:107130000070024000E006400C12002008120020FF
:10714000041200209F160020A4060020D150010048
:10715000F73D0100764E0100A1160020142870B5FD
:107160000C4626D8144B13F810504DB91349144A45
:1071700014483D2309F0A3F93D21114809F096F97F
:1071800003EB40035A783AB90F490D4A0D483E23A4
:1071900009F095F93E21F0E7D1E90001A0FB0506D1
:1071A000002305FB0161FAF74DFEC4E90001002050
:1071B00070BD6FF01500FBE74E6901003051010012
:1071C00004510100F73D01003E51010030B585B08A
:1071D00000230193CDF807304B798DF80B300B79F4
:1071E00013F0200519D08A797F2A08BFFF228DF875
:1071F0000C20C3F3040203F01F03072B8DF80D20AE
:1072000015D80A780C2A12D8DFE802F00C091511FB
:1072100017111911111B1D111F00FF22E7E7012291
:107220008DF806204A78032A11D0042A12D06FF074
:10723000150005B030BD0222F2E70322F0E7042278
:10724000EEE70522ECE70622EAE70722E8E701225B
:107250008DF807204A8844F20A00824228D843F673
:10726000FE70824203D8002AE1D102222FE0A2F56B
:107270007F523F3A0B2ADAD801A050F822F000BF23
:10728000097300002F7200002F7200002F7200009F
:10729000D37200002F720000CD7200002F72000028
:1072A0002F7200002F7200002F7200006B7200001E
:1072B00044F21400824225D044F22800824223D0B6
:1072C00044F20F008242B2D1032200E001228DF885
:1072D00008201A48012404FA03F390F85020DBB286
:1072E000F5B18D797F2D11D1134380F850300B7992
:1072F00090F8512003F01F0304FA03F3134380F8BE
:10730000513009E00422E2E70522E0E722EA030225
:107310008DF8094080F8502001A803F0ADFA88E705
:10732000134380F850300B7990F8512003F01F037D
:1073300004FA03F322EA0303E1E700BFD0000020D0
:1073400010B50B4C94F83A3023B1BDE81040094811
:1073500003F0AEBC03F0EAFB40B16FF004036362DC
:1073600004F11400BDE810400AF064BF10BD00BF76
:10737000D000002079730000F8B50378002B40F0AE
:107380009480514CE36A94F850701F42254607D10F
:10739000A36A002B3FD14D48BDE8F8400AF04ABF30
:1073A00094F89810A26D94F85160A1B90121DBB254
:1073B0000B420BD00F4208D016EA010CB2F90000C4
:1073C00024D000EBD070401010800232490089B206
:1073D000B942EDD9DCE73340018915D002EB410118
:1073E0009142D5D0B2F9003003EBD3735B1022F891
:1073F000023BF5E732F91360002EB8BF22F8130004
:1074000001338B42F6DBC3E71846FAE70028B8BF22
:10741000A2F800C0D9E7236C43B1B4F84C202C4942
:107420002C48984701280BD0022831D0B4F84C30B2
:10743000B4F848209A422BD90133A4F84C300020EC
:1074400094F8983083B994F8521018B9A36D03EBEF
:107450004103A365A06D03F015FB28B16FF0040391
:107460001A4863620AF0E6FEE36B1BB9BDE8F84018
:10747000FFF766BFBFF35B8F55E8003F5A1E45E834
:1074800000210029F8D1BFF35B8F012BEEDCF8BDA2
:10749000E36B002B3FF47FAF94F89830002B7FF420
:1074A0007AAF0D4808F01AF875E7022B09D103F0FE
:1074B0003DFB0028EBD004486FF004034362143016
:1074C0006AE7052BE3D166E7D0000020E400002046
:1074D000F80000205434010030010020094BBFF3B4
:1074E0005B8F53E8002F511C43E800100028F8D1AF
:1074F000BFF35B8F0AB9FFF723BF6FF00F025A6229
:10750000704700BFD000002010B50D490D48002283
:107510000BF016FE002003F067F9044660B902463E
:1075200001210720FCF75EFB0748C36813B904304C
:107530000AF080FE204610BD6FF00404FAE700BF99
:10754000DD74000030010020D00000202DE9FF4153
:107550000F464FF0FF3377484FF0FF3205F056FAF1
:107560007E68731EFE2B21D80024254626FA04F3DC
:10757000DA0706D503F0A6F9E040C30716D50135B2
:10758000EDB20134082CF1D185B13B7C083B062BD0
:107590000CD8DFE803F0140B160B040B18000221C3
:1075A000012D7A7C11D0002A00F0A7806FF015041D
:1075B00060480AF03FFE204604B0BDE8F08100219B
:1075C000EEE70121ECE70321EAE7082AEED8DFE83D
:1075D00002F0050505050505050505003B68002BBE
:1075E00000F08B805C68002C40F0878018680138C0
:1075F0007F2800F282808DF808208DF809401B88D2
:107600005A1E7F2A0BD94C494C484D4A4FF4F87307
:1076100008F055FF4A484FF4F87108F047FF1B0186
:10762000484A013BADF80A30012382F898308DF8C2
:107630000C3002AA444B304603F0AAF90446002855
:10764000B6D13A686B0012B1928902FB0333FA6833
:107650009A426CD33B4E86F8525096F89830B868F0
:10766000B065B046002B51D03B689D890135A9B269
:1076700003F008FA044600289AD1BC46BCE80F0083
:10768000324D0FC5DCF800302B6074623B68002B74
:107690004AD00FCB2F1D87E80F00F36BB762A6F817
:1076A0004C40002B40D0BFF35B8F58E8003F48E8C8
:1076B0000042002AF9D1BFF35B8F96F8981039BBCE
:1076C000F46B2348234A4FF400470023E4FB0701EF
:1076D000FAF708FC0022CDE90001002305F128009B
:1076E00007F08EFE1C484FF0FF324FF0FF3305F0DD
:1076F0008DF900B17062746A5AE7124B002083F86A
:107700009800114B304603F0F9F897E72946AFE7A8
:1077100003F00CFA0028E5D06FF00403A5F1240073
:1077200073620AF087FDDDE7FFF70AFEDAE76FF024
:107730000B043DE7D40000207C510100F73D01001F
:107740004C510100D000002079730000F8000020A7
:107750003F420F0040420F00E400002037B50C46C6
:107760000A490B4A411A4023009349110546234612
:1077700008480AF061FD014628B12846234603B0B7
:10778000BDE83040184703B030BD00BFB81400203A
:10779000A7220100AC330100C9B2012908B509D9FB
:1077A00008490948094A7E2308F089FE07487E21D6
:1077B00008F07CFE03690C2201FB0233986C00F098
:1077C000070008BDF1510100F73D0100B45101006F
:1077D00070B5C9B20129034600690BD91749184889
:1077E000184A4FF4E87308F06AFE16484FF4E8713F
:1077F00008F05CFEEFF31186202484F31288BFF3B7
:107800006F8F0C2505FB0104A46C14F0C00401D09B
:10781000A24210D105FB010001228264002086F300
:107820001188BFF36F8F28B95B6803EBC1035B68F6
:107830009847002070BD4FF0FF30F0E7F151010094
:10784000F73D0100B451010070B50D460649411ADB
:107850000446491105484022FFF7BAFF2B4601466E
:107860002046BDE870401847B8140020AC33010032
:107870000022F8B5012105461046FCF7B3F911487E
:1078800001F0A2FD0446D0B9286900F025FA01F004
:10789000BBFD2F690C49384608F07BFE031E09DB4F
:1078A0000126BE642D69084905F1200008F071FE2B
:1078B000031E02DA1C462046F8BD6E65FBE76FF03A
:1078C0000404F8E77D790000983901001FB5002213
:1078D0000123CDE902236C46074A6B46CDE90044FB
:1078E0000AF0DAFC28B94FF480420023684605F01C
:1078F0008DF804B010BD00BFB322010010B5EFF346
:107900001184202383F31288BFF36F8F074A136813
:1079100023F00201DB07116002D4012001F0C8FD51
:1079200084F31188BFF36F8F10BD00BF10150020C6
:1079300030B4104B0C2202FB003301460020D3E987
:1079400010521864EFF31180202484F31288BFF3DF
:107950006F8F9C6C04F0C00444F002049C6480F3BC
:107960001188BFF36F8F1DB12B46034830BC1847F9
:1079700030BC7047B8140020AC330100012810B5AA
:1079800004460AD003280CD078B90E4B9B6C5B07D9
:1079900017D1BDE81040FFF7CBBF00F0ABF9204690
:1079A000F7E7BDE8104000F0B3B907490748084AB7
:1079B0004FF4417308F083FD05484FF4417108F01E
:1079C00075FD10BDB8140020D85C0100F73D010022
:1079D000B451010010B4EFF31180202282F3128819
:1079E000BFF36F8F17490B6843F0020413F00103D4
:1079F0000C601AD04FF08043D3F80C14D3F80C3439
:107A000013F0010311D0EFF3118182F31288BFF359
:107A10006F8F0D4A936C03F0C00343F0020393642D
:107A200081F31188BFF36F8F012380F31188BFF3B7
:107A30006F8F1BB110BC0020FFF77ABF10BC012074
:107A400001F006BD10150020B8140020024BC0B292
:107A500003EB4010704700BFB8140020F8B535495B
:107A6000BFF35B8F0646012251E8003F41E800204A
:107A70000028F9D1BFF35B8FA3B92F492F484B6082
:107A8000CB608A60FBF702FA00280BDA2C492D4AFA
:107A90002D4840F2A32308F012FD40F2A32129480B
:107AA00008F004FD7EB3731E012B38D80BF083FA67
:107AB000044650B1EFF31185202383F31288BFF3FE
:107AC0006F8F01244FF080470EE0204B1B78002B76
:107AD000F0D04FF080430222C3F808230546F1E7B7
:107AE00094B1284608F0F4FDD7F81824D7F81834D4
:107AF000D203F5D59B0701D0012EF1D14CB185F30E
:107B00001188BFF36F8FF8BD0021212006F028FDFA
:107B1000EAE74FF080430222C3F80423F3E70C495D
:107B2000084A094840F2B52308F0C9FC40F2B521E3
:107B3000B5E700BFB4140020A4140020D81400201E
:107B400015520100B4510100F73D0100AD160020AF
:107B5000D85C010008B5144BBFF35B8F012253E8DA
:107B6000001F002903D143E800200028F7D1BFF30C
:107B70005B8F17D10D4A0023D3600D4B5360032355
:107B800093600C4B11461868FBF780F9002809DA5E
:107B900009490A480A4A4D2308F091FC08484D213A
:107BA00008F084FC08BD00BF301500201815002027
:107BB000AD7C00001415002015520100F73D0100B6
:107BC0002D52010007B500220023CDE900230E4805
:107BD0004FF40032002307F013FC0C4B1868FBF73E
:107BE000EBF9002809DA0A490A480B4A552308F03C
:107BF00066FC0948552108F059FC084B00221A6020
:107C000003B05DF804FB00BFA005002014150020A0
:107C100015520100F73D01002D52010030150020E2
:107C200073B51D4D1D4CAE684C21F368284698472E
:107C300070B1002323701A46217809B1012A1FDD93
:107C4000174A13800AF0A7FE0123237002B070BD0B
:107C50000C2133696A46284698470028E9D1114A21
:107C6000019B93FBF2F3009A03EB82030C4AB2F9F7
:107C700000201BB29A1A002AB8BF524212B2DBE7A8
:107C8000094A1368013901332170136002B0BDE85D
:107C90007040FFF797BF00BF8C340100A81600208A
:107CA0009816002090D003002815002008B507483A
:107CB0000BF0B0F828B90AF06EFE054B01221A70DD
:107CC00008BDBDE80840034805F0F8B98C34010050
:107CD000A816002014040020034B044A1860002357
:107CE0001360034A13607047141500202C15002000
:107CF00028150020024B00221A70FFF72BBF00BF8F
:107D0000A8160020014807F0E9BB00BFA00500202D
:107D1000024A136801331360FFF754BF2C1500208B
:107D200008B507480BF076F838B10648FCF71EFA9C
:107D30000448FAF757FE002008BD6FF01200FBE779
:107D400000340100497D00000A2838B5074D04467B
:107D500004D1AB680D215B6828469847AB6803489F
:107D60005B68E1B29847204638BD00BF003401008F
:107D700038B5036961B92149214A2248642308F0D2
:107D80009EFB214808F09BFB64211D4808F08EFBF8
:107D9000486850B91D491A4A1A48652308F08FFBF4
:107DA0001B4808F08CFB6521EFE7586800B30024FE
:107DB000884219D108688CB99C685860A14200D1EA
:107DC0009860002008602AB15A680A609A68596071
:107DD00002B9996000200FE02846E9E72060986822
:107DE000814208BF9C60ECE705680446002DF3D192
:107DF000002AE9D16FF0150038BD00BFAA5201007A
:107E00006E520100F73D0100B3520100C252010061
:107E1000D452010008B50368590914D0012906D1CC
:107E20004FF6FF7203F01F03DA40D2070ED40B495E
:107E30000B480C4A4FF4826308F041FB09484FF4A9
:107E4000826108F033FB4FF0FF32EBE7036001295A
:107E5000054818BF4FF0A04008BD00BF1E530100E9
:107E6000F73D0100EB5201000003005070B544687B
:107E7000207C01F01F0545EA4015A06886B0002867
:107E800073D0B2F5001F04D1294602F09BF8002000
:107E90004FE06068667CC0F8246501A80026B2F552
:107EA000800F0196466033D1B3F1007F14BF0523E4
:107EB00004238DF804300023CDE904030393E36821
:107EC000CB4013F0010F6E4635D1B2F1A07F32D115
:107ED00068460095FFF79EFF009B03F5E07350F89E
:107EE0002330DB0727D4A0686A46294601F010FF3B
:107EF000163018D00296A06803AA294601F0A8FD02
:107F0000002816DBA0680122294601F0D9FFBEE750
:107F1000B3F1C06F05D0B3F1007F14BF012302237A
:107F2000C7E70323C5E7A068694601F0A9FF002859
:107F3000E0DA06B070BDA0683246294601F0E8FEDE
:107F40000028D8D19DF80010A06801F07DFF00281E
:107F5000D1D007490748084A40F2F11308F0AFFAB8
:107F6000054840F2F11108F0A1FA6FF08500E0E752
:107F70004C410100F73D0100415301002DE9F04360
:107F8000466840F20635337CD00687B001F01F0703
:107F900002EA050547EA431754BFC2F3401303231F
:107FA000B5F5837F14468DF8033044D00DD8062DE7
:107FB00016D005D8A5B1022D3FD06FF0150037E0DF
:107FC000B5F5807FF9D101250AE040F20222954201
:107FD00035D0B5F5407F34D0B5F5007FEDD1022521
:107FE000220330D5726801238B40C2F80835B0688F
:107FF00088BB03A80397FFF70DFF039B00EB8300EB
:10800000C4F3004383F00103C4F34044D0F80027D5
:1080100044EA43049DF8033022F4E16244EA830415
:1080200022F0070244EA05231343C0F8003700207A
:1080300007B0BDE8F0830725D2E70425D0E7052582
:10804000CEE70325CCE7630341BF012372688B4071
:10805000C2F80C35CBE70DF10202394601F058FEAB
:1080600014F4403F804617D1B068394601F0D4FE81
:10807000B8F1000FDBD19DF80210B06801F0E4FE0A
:108080000028D4D01E491F481F4AFC2308F017FAC5
:108090001D48FC2108F00AFA4FF0000901ABCDE9B8
:1080A0000199CDE90439CDF80C90B06803AA39469E
:1080B00001F0CEFC4845BADB14F4003314D0C4F30D
:1080C00000449DF803308DF80E3084F001048DF8E3
:1080D0000C508DF80D40B0684B4603AA394601F0AC
:1080E00079FD0028C4DAA2E7CDE904330DF10303DA
:1080F0000393B06803AA394601F0AAFCF1E700BF78
:108100004C410100F73D010041530100420970B5A7
:10811000034602D0012A1ED070BD144E3269516848
:108120000029F9D003F01F0301250C689D400029A8
:10813000F2D08A682A4012D04B6873B90C490D4AB4
:108140000D48892308F0BBF90C4808F0B8F9094834
:10815000892108F0ABF90A4EE0E7304698471CB198
:10816000236821461C46E2E72346FAE7E433010090
:108170006D5301006E520100F73D0100D452010021
:10818000C833010038B54568A86890B101F02AFEEF
:10819000014670B9A86801F0EFFD044658B90246DF
:1081A0000649A86801F09CFD224605210620FBF740
:1081B00019FD002038BD6FF00400FBE70D810000C1
:1081C00008B50368590914D0012906D14FF6FF728A
:1081D00003F01F03DA40D2070ED40B490B480C4AB8
:1081E0004FF4826308F06BF909484FF4826108F09C
:1081F0005DF94FF0FF32EBE703600129054818BF36
:108200004FF0A04008BD00BF1E530100F73D010024
:10821000EB520100000300502DE9F04F154685B0E8
:10822000824600EB81084FF00109D04503D10020C0
:1082300005B0BDE8F08FDAF80030C3F3C72B1BF0B0
:10824000080BC3F3C321C3F3080440F090804B4AEA
:108250001B0E565C40F2FF118C4208BF4FF0FF34FA
:10826000222B00F28780DFE803F01221255F285BD4
:108270005F85858585626C85858585858585858510
:10828000858585858585856F7376797C7F00C5F8C2
:108290000C45611C41D003A80394FFF791FF039B99
:1082A00009FA03F3C0F80835012714E0C5F81445AE
:1082B000002742E0C5F80845EBE7C5F80845002768
:1082C000631C2AD003A80394FFF77AFF039B09FAE3
:1082D00003F3C0F80C350121DAF80030019303F400
:1082E0000040002803A80CBF8B4601270394FFF72A
:1082F00067FF0399019B00EB8100C3F34124330224
:10830000D0F8001743EA84031D4C43EA0B030C40EA
:10831000234343EA4703C0F800370AF1040A84E71D
:10832000C5F80C450127CBE7C5F81045C0E7C5F8EF
:108330000845002EBCD100270626621CEDD0002186
:10834000CAE7C5F80C45F4E7C5F824450127F4E76A
:10835000C5F828459DE7C5F83045F7E7C5F8344529
:10836000F4E7C5F83845F1E7C5F83C4591E76FF00B
:1083700015005DE76FF085005AE700BF78690100DE
:10838000F0F8FCFF014B01221A60704700C000406A
:108390000C2903690BD15B6A064907484B4393FBE1
:1083A000F0F100FB113311605360002070476FF053
:1083B0008500704790D0030040420F00044B0069D5
:1083C0000022C3F80021D3F8003104F0A1BA00BFA5
:1083D00000C000407FB50569AB6A002B42D021F098
:1083E00040010C2941D105F110064FF0FF324FF04A
:1083F000FF33304603F08AFF1D4B01930024032313
:10840000A86A039469460293FAF740FDA04209DA8C
:108410001849194A19483D2308F051F83D211648DA
:1084200008F044F84FF0FF324FF0FF33284604F0D5
:10843000EDFAA86AFAF7C0FD002807DA0D490E4ADE
:108440000E48422308F03BF84221E8E70C4BD3F8F2
:1084500008256A6201225A60304604F01FF820465F
:1084600004B070BD6FF00A00FAE76FF08500F7E71F
:108470008583000017520100A2530100F73D01005F
:1084800000C0004010B504690020FFF7DFFAA062C9
:1084900048B911491148124A772308F010F81048DA
:1084A000772108F003F84FF0FF32002120460AF050
:1084B00045FD04F110000AF00CFD002201210C2002
:1084C000FBF790FB0C20FBF75DFB064B0122C3F88A
:1084D0000423002010BD00BFDC530100F73D010064
:1084E000A253010000C0004010B50D2903691446D5
:1084F00016D11988AF204FF6FF720023A1FB0001AF
:10850000F9F7F0FC2D3820601048114600234FF693
:10851000FF72A1FB0001F9F7E5FC6060002010BDCF
:10852000102910D15B88642253434FF6FF71B3FBCF
:10853000F1F12160C1EB01415B1A43F6095253434B
:108540009B0A6360EAE76FF08500E8E740420F00AE
:10855000F0B54C29436807698BB009D021492248FE
:10856000224A532307F0ABFF2048532107F09EFF18
:1085700002A9E0221868ADF804209B88079101AA9F
:1085800006210492002402220891072105928DF809
:1085900018408DF824109DF82410856811438DF83B
:1085A0002410AD6804A9A847A04203DA6FF00400C4
:1085B0000BB0F0BDBDF8086076BAB0B209F0C1FFEB
:1085C0009DF80A308342F1D1BDF80B506DBAA8B2C4
:1085D00009F0B7FF9DF80D308342E7D13E807D80E2
:1085E0002046E5E734540100F73D0100F85301004F
:1085F00070B505692A6A0B0103F0F003D6680C46D2
:10860000F0221121B0470028A1BF044B33F81430E9
:10861000EB840020B8BF6FF0040070BD483B010040
:1086200070B505692A6A0B0103F0F003D6680C46A1
:10863000F0221021B0470028A1BF044B33F81430BA
:10864000AB840020B8BF6FF0040070BD483B010050
:10865000F7B543681B6804469847051E0BDB26697F
:10866000336ADD6880231A4612212046A847002875
:1086700004DA6FF00405284603B0F0BD48F6B800F0
:108680000AF0C4FB336A0DF107029B680F212046F4
:1086900098470028EDDB9DF807306A2BE9D10021CF
:1086A000204609F09CFF01460028E2D11D4BF360F3
:1086B0002046FFF7B5FF0028DBD10421204609F052
:1086C0009EFF01460028D4D1174BF3612046FFF7E7
:1086D0008FFF05460028CCD1336A0722DF680A21C4
:1086E00003462046B8470028C3DB336A4622DF68CA
:1086F000122144232046B8470028BADB336ADF68DA
:1087000010231A4615212046B8470028B1DB336AEA
:10871000DE6880231A4616212046B0470028AADAD0
:10872000A7E700BF0000744200B8884508B5026999
:1087300043680549116258680AF06CFB00280CBFB9
:108740006FF01200002008BD243A0100F7B514466E
:10875000456803694AB932493248334A462307F02B
:10876000AEFE3148462107F0A1FE2A2952D1AA7A4D
:108770001B8C12F020016A7918BF1BB2002A49D065
:10878000EA792E7C042A09BF2A68EA89926812894C
:1087900009B1013EF6B24FF47A7783FB0232A3FBB4
:1087A000073107FB0212A8796946CDE90032FEF7CE
:1087B000D5FC074658BB0198009BC6F12001B6F1D5
:1087C000200200FA01F123FA06F343EA01035CBF39
:1087D00040FA02F213436E694FEAE37C18466146A1
:1087E0007EB1A6FB0301AA69104D002306FB0C1104
:1087F000F9F728FB0E4BC61845EB0102B342934133
:108800000BD30B4A0023F9F71DFBC4E900023846DD
:1088100003B0F0BD6FF08507F9E76FF02107F6E7C9
:10882000A1540100F73D01006554010020A107009B
:1088300040420F00F7B5002345680469074600224F
:1088400068460AF037FCDDE90023C4E906232868FE
:108850000AF0E0FA20B96FF01206304603B0F0BD1E
:10886000E869002838D128460AF010F806460028A2
:10887000F3D16B79002B00F0A8802A790123934073
:1088800063602B7C23746B7C637404F12003A3600E
:108890000223E36095F8283083F00103A3747B681A
:1088A000D869F0B97C68E0690028D6D094F8202017
:1088B00003690121914042681268114266D144491E
:1088C000444A454840F2A26307F0F9FD434807F0E7
:1088D000F6FD40F2A2611BE00AF09CFA0028C2D12A
:1088E000B9E793F820105B8C03F03002302AD0E90E
:1088F000014ED0F810C00ED13949364A364840F200
:10890000F73307F0DCFD374807F0D9FD40F2F731C7
:10891000304807F0CBFD03F00602042A09D13249A2
:108920002C4A2D4840F2FE3307F0C9FD40F2FE31DB
:10893000EEE724680125DA0705FA01F554BF43F490
:10894000B01383F4D013254223F480120CD12049B4
:10895000204A214840F2114307F0B1FD1F4807F0BB
:10896000AEFD40F21141D3E7DCF80040DB074CBF1D
:108970002C43AC43CCF80040DEF800309847002888
:1089800090DA10F1860F8DD0064666E71B683D69C8
:108990001942836814BF1B69DB6898471349606AF2
:1089A000134A0C464FF400470021E0FB0741002327
:1089B0002046F9F797FA02460B4668460AF07AFB1A
:1089C000DDE90023C5E9062347E76FF0850644E7A4
:1089D0008E550100B4540100F73D0100CC55010053
:1089E000E55401001E5501005B5501003F420F0098
:1089F00040420F00054BD3F81C312BB9044B1878BB
:108A0000003818BF01207047012070470020004047
:108A1000AA160020074BD3F8082142B10020C3F862
:108A20000801D3F80821D3F818350B7070474FF0C0
:108A3000FF30704700200040024BD3F88004C3F899
:108A400080047047002000400020094B30B50546E7
:108A5000141A002C02DDD3F8084104B930BDC3F864
:108A60000851D3F80841D3F818450C540130EFE70A
:108A7000002000400D4B00221A700D4B01229A601D
:108A80008022C3F80423EFF31183202282F312889B
:108A9000BFF36F8F074A12781AB1074A0421C2F850
:108AA000001183F31188BFF36F8F7047A916002060
:108AB00000200040AA16002000E100E0014B012246
:108AC0001A707047A9160020024B0422C3F8042331
:108AD000704700BF00200040024B0422C3F8082367
:108AE000704700BF0020004008B5074BD3F80403CF
:108AF00010F0800004D0054B1B7813B9FFF77AFF04
:108B000008BD0020FCE700BF00200040A91600209F
:108B1000034BD3F80801003818BF0120704700BF8D
:108B200000200040024B4FF40072C3F8042370474A
:108B300000200040024B4FF40072C3F80823704736
:108B40000020004008B50B4AD2F804331B0605D4B8
:108B5000D2F8040310F0040005D108BDFFF7C4FFEC
:108B60000028FAD1F4E7D2F80801003818BF012034
:108B7000F3E700BF00200040024B1960024B1A606F
:108B8000704700BFA8150020A41500200E4A0F4B07
:108B9000117851B1D3F81C1139B18021C3F80813F1
:108BA0000121D960002313707047D3F8242122B12A
:108BB0000022C3F82421D3F82431054B1B6813B1DC
:108BC000044A116818477047A91600200020004089
:108BD000A8150020A4150020F8B50E460AF0EBF900
:108BE0001B4D90BB64240127BFF35B8F55E8003F0A
:108BF000002B03D145E80072002AF7D1BFF35B8F49
:108C000007D021200021013C05F0AAFC14F0FF044C
:108C1000EAD1104B0022C3F81C21D3F81C110E49D5
:108C20000A7001229A6042F21074C3F81C65FFF7C3
:108C3000E1FE20B9012009F071FE013CF7D1054B9E
:108C40000122DA6000232B60F8BD01232B60E0E7EE
:108C5000A015002000200040AA160020F7B5614AA8
:108C6000436805690024C2F800451F68064601AA4A
:108C70002146384609F052FC00280FDB019B3A6878
:108C800019791868FFF7C8FA002807DB6B7936698D
:108C9000012B06D0032B03D06FF0850003B0F0BD8D
:108CA0001024AB79032BF7D1EB79002BF4D1297980
:108CB00011B10229F0D10E212B68B3F5164F72D0F5
:108CC0002BD8B3F5165F70D014D8B3F5966F6ED06D
:108CD00008D8B3F5967F6DD0B3F5167FDCD14FF48D
:108CE0001C3341E0B3F5166F67D0B3F5965FD3D16F
:108CF0003D4B39E0B3F5E14F62D007D8B3F5615F82
:108D000060D0B3F5964FC7D1384B2DE047F612220D
:108D10009342C1D14FF4000326E0B3F5613F54D034
:108D200011D8B3F5963F52D008D84DF6C0229342E1
:108D30004FD0B3F5614FAFD12D4B15E0B3F5E13F07
:108D4000AAD12C4B10E0B3F5612F45D007D82A4AA1
:108D5000934243D0B3F5E12F9ED1284B04E0284A3B
:108D6000934299D14FF080531E4A0C43C2F82435E8
:108D7000C2F86C4595E8030086E80300002404234C
:108D8000C2F80035C2F80841D2F808311D4B012164
:108D90001160022022461970FAF724FF0220FAF728
:108DA000F1FE20467AE7184BDEE7184BDCE74FF47C
:108DB0009E23D9E74FF4A033D6E74FF41D23D3E722
:108DC000134BD1E74FF46C13CEE7124BCCE7124BA9
:108DD000CAE74FF46503C7E7104BC5E74FF0806360
:108DE000C2E700BF0020004000B0130000A04E000A
:108DF00000F0EB0000E0D70190D0030000705F07A7
:108E000040420F00AA16002000509D00005027008D
:108E100000F0750000B0AF0300903A0100D0BE0E24
:108E2000F8B500240A4D0B4F2646131B002B02DD1C
:108E3000FFF7E0FD08B92046F8BDC5F81C61D5F87C
:108E40001C310B5D3E700134C5F81C35EDE700BFE9
:108E500000200040AA16002038B51149D1E90030A1
:108E6000D41AE31840F1000022F07F45C1E9003038
:108E7000A5F50013B3F5400F09D20A4B1B681A0A77
:108E80001B065819084B42F10001C3E9000106F026
:108E90006FF901462046BDE8384006F0CFB800BF64
:108EA00038090020B4150020400900200D4B186837
:108EB000010A0006BFF35F8F0B4BD3F80435181877
:108EC00041F10001B3F5801F0AD2084BD3E900231A
:108ED000904271EB030303D210F1807041F1000165
:108EE000704700BFB4150020001001404009002069
:108EF0002DE9F7432E4CD4F8043399070BD5D4F859
:108F0000043143B12B4A0023C4F80431D4F80431AE
:108F1000136801331360D4F80433DA0343D5BFF385
:108F20005B8F254B53E8002F22F0010143E800102E
:108F30000028F7D1BFF35B8FD30702D4D4F84031B8
:108F40008BB30025C4F84051D4F84031FFF7AEFF91
:108F5000EFF31182202383F31288BFF36F8F174B37
:108F6000D3E90267B042B94120D34FF0FF304FF050
:108F7000FF31C3E90201D3E900981D604FF480334B
:108F8000C4F84833C4F84051D4F8403182F3118812
:108F9000BFF36F8FB9F1000F05D0CDF800803246D6
:108FA0003B460020C84703B0BDE8F083A946EDE783
:108FB00000100140B4150020AC1500202809002045
:108FC0002DE9F84F4B4DBFF35B8F06460F4655E832
:108FD000008F28F0010345E80032002AF7D1BFF3E3
:108FE0005B8F454C4FF48039C4F80893BFF35F8F13
:108FF000BFF36F8FFFF75AFFB04271EB070308F022
:10900000010840D23D4B301A67EB0101984271F1E3
:1090100000014CD23A4BD3E902239F4208BF96424B
:109020003ED04FF0000CC4F84893C4F840C126F07D
:109030007F40D4F84031DFF8CCA0834603216FF0A5
:10904000020E2BF07F43C4F84035C4F84493D4F8A3
:109050000425AEEB02035B4423F07F4353451FD945
:10906000D4F840315BB1D4F80425131A23F07F43C0
:10907000B3F5000F14D9C4F840C1D4F8403101EB66
:10908000020B0131DDE7204BBFF35B8F53E8001F7C
:1090900041F0010143E80012002AF7D1BFF35B8FD2
:1090A000174B1A4A1A60C3E9026700225A60B8F1E6
:1090B000000F1CD0BFF35B8F55E8003F43F0010366
:1090C00045E80032002AF7D1BFF35B8F4FF48033BD
:1090D000C4F804330C4BBFF35B8F1B68BFF35B8F8B
:1090E000DB0742BF0A4B4FF40032C3F80021BDE852
:1090F000F88F00BFB0150020001001400100800073
:1091000028090020FDFF7F00AC150020598E0000CB
:1091100000E100E070B5194C194BC4F80833C4F8ED
:109120004833184B00254FF0FF304FF0FF31C4F8A3
:109130000855C3E902014FF48033C4F80433124BDD
:1091400002264FF40032C4F804630121C3F88021E1
:1091500011202A46FAF746FD1120FAF713FD0123E4
:109160000A4AA3600021236009481360FFF728FF23
:109170003046FEF773FC284670BD00BF001001406A
:1091800003000F002809002000E100E0B0150020D6
:10919000FFFF7F00431C10B50F4C05D08442A8BFD1
:1091A0000446012CB8BF0124FFF780FE0B4AD2E928
:1091B0000031C01AB0F5000F074A0AD2204490428D
:1091C00028BF1046C018BDE8104041F10001FFF76C
:1091D000F7BE1046F6E700BFFFFF7F00380900200A
:1091E00008B5FFF763FE024B1B68C01A08BD00BF3D
:1091F00038090020024AD2F80034002BFBD0704717
:1092000000E0014010B54FF08053D3F83021082A18
:109210004ED14FF080420021C2F80C11C2F810115B
:10922000C2F8381502F54042D3F80414C2F82015EC
:10923000D3F80814C2F82415D3F80C14C2F8281572
:10924000D3F81014C2F82C15D3F81414C2F8301542
:10925000D3F81814C2F83415D3F81C14C2F840150A
:10926000D3F82014C2F84415D3F82414C2F84815D2
:10927000D3F82814C2F84C15D3F82C14C2F85015A2
:10928000D3F83014C2F85415D3F83414C2F860156A
:10929000D3F83814C2F86415D3F83C14C2F8681532
:1092A000D3F84014C2F86C15D3F84434C2F87035C2
:1092B00009F024FB18B1374B374AC3F88C2609F064
:1092C0001DFB18B1354BFB22C3F8182509F016FB1E
:1092D00058B14FF080424FF08051D2F8E43ED1F8BF
:1092E000581261F30303C2F8E43E09F007FB20B112
:1092F0002B4B4FF40072C3F840264FF08053D3F845
:109300003031082B17D14FF08043D3F80024D20717
:1093100044BF6FF00102C3F800244FF08053D3F82C
:109320003431042B81BF4FF01023D3F808224FF0C3
:109330008043C3F858254FF01023D3F80022002AA9
:1093400003DBD3F80432002B22DA164901234FF055
:109350001020C1F804351224FFF74CFFC0F800427A
:10936000FFF748FFC0F80442FFF744FF0023C1F8AD
:109370000435FFF73FFFBFF34F8F0B490B4BCA6814
:1093800002F4E0621343CB60BFF34F8F00BFFDE7F1
:1093900010BD00BF005000404881030000F00040B5
:1093A0000090024000E0014000ED00E00400FA05FA
:1093B000014B00201B681847B8150020014B1B68A3
:1093C000184700BFB815002010B50C4C237993B98D
:1093D000012323710A4B2060002818BF184600F0B3
:1093E000BDF850B923680748002BBDE8104008BFFE
:1093F000184600F02FB96FF0770010BDB8150020A7
:10940000B1930000BD93000008B50C4B1A794AB91E
:109410000B490C480C4AB12307F051F80A48B12116
:1094200007F044F81B682BB10020FAF7CDFB08B910
:10943000FAF7A8FB054B01221A7008BDB8150020E9
:109440002F560100F73D0100F2550100AB16002038
:1094500008B5124B1B795BB91149124A124840F208
:10946000051307F02CF840F205110E4807F01EF81E
:1094700058B101280DD00D490A4A0B484FF4927398
:1094800007F01DF84FF49271EFE7BDE8084000F0D7
:10949000F3B8BDE8084000F075B800BFB81500206B
:1094A0002F560100F2550100F73D0100D85C010084
:1094B00008B5124B1B795BB91149124A124840F2A8
:1094C0002B1306F0FCFF40F22B110E4806F0EEFFC6
:1094D00028B1012807D1BDE8084000F081B8BDE8F7
:1094E000084000F015B90949064A07484FF4A5732A
:1094F00006F0E5FF4FF4A571E7E700BFB8150020BF
:109500002F560100F2550100F73D0100D85C010023
:1095100038B54FF080440123C4F80833636000235A
:10952000C4F80031D4F8003142F21075D4F80C249C
:10953000D4F80C34D20307D5DB0705D5012009F098
:10954000EDF9013DF2D138BD09F02EFA0028FAD02C
:10955000014B00225A71F6E7C015002010B50849EA
:109560000C794CB9012308600B7109F01DFA08B998
:10957000002010BD4C71FBE76FF07700F9E700BFEA
:10958000C015002008B512490B794BB91149124892
:10959000124A772306F093FF1048772106F086FFE2
:1095A0004FF080430022C3F80021D3F800210122AC
:1095B0001A60096811B1C3F8042308BDD3F800216B
:1095C000002AFBD00022C3F80021D3F80031F4E7D1
:1095D000C01500202F560100F73D01004D56010037
:1095E00008B5084B1B794BB907490848084A892335
:1095F00006F065FF0648892106F058FFBDE80840DF
:10960000FFF786BFC01500202F560100F73D01006F
:109610004D56010010B54FF08043D3F80423D20714
:1096200015D5D3F8002192B10022C3F80021012101
:10963000D3F80021C3F8081309F0B6F9044B10B1B0
:109640005A7922B95971BDE810401B68184710BDFE
:10965000C0150020074A13794BB9012153711060DE
:1096600011714FF080421846C2F8183570476FF0FC
:1096700077007047C815002010B5214C23794BB9ED
:1096800020492148214AE52306F019FF1F48E5211A
:1096900006F00CFF4FF08043D3F81814D3F81824C9
:1096A000C90315D5900701D009F09CF94FF080430C
:1096B0000022C3F81825C3F80421D3F8042101229D
:1096C0009A60226872B9D3F80421002AFBD011E015
:1096D000D3F81424D107E9D5D3F81C249207E3D199
:1096E00022681AB10222C3F8042310BDD3F8042162
:1096F000002AFBD00022C3F80421D3F80431F4E798
:10970000C81500202F560100F73D010090560100BA
:1097100008B5094B1B795BB908490948094A4FF458
:10972000917306F0CCFE07484FF4917106F0BEFE2F
:10973000BDE8084009F056B9C81500202F560100B1
:10974000F73D01009056010038B54FF08041D1F847
:109750000C24D1F80C34D0032AD5DA0728D5D1F857
:109760001834DB0324D5154C637903F0FF0213BBD7
:10977000C1F80C210125D1F80C31657109F023F9EC
:1097800010B10223C1F8343C4FF080431D612268C0
:1097900022B10822C3F80423002038BDD3F80C21DD
:1097A000002AFBD00022C3F80C21D3F80C31F3E7D8
:1097B0006FF07600F1E76FF00F00EEE7C8150020BC
:1097C0002DE9F0414FF080431E4FD3F804430125AB
:1097D00004F01A0400260CB9BDE8F081B4FA84F153
:1097E000C1F11F018B0003F580739BB203F180432D
:1097F00005FA01F2186892B224EA02040028EAD0BD
:109800004FF080481E60082A1B68C8F808230FD054
:10981000102A13D0022A11D00B490C480C4A4FF4DD
:10982000F57306F04CFE0A484FF4F57106F03EFE63
:1098300009F0C9F808B1C8F8346C7E713B68C8B249
:109840009847C8E7C8150020D85C0100F73D010023
:1098500090560100034A430900F01F00D35C1844EE
:10986000C0B270478069010010B504460846FFF792
:10987000F1FF04EB4000838ADA051CD5C3F34321D2
:1098800023F4F853838204F1120204F1720032F8D7
:10989000023F13F4807F03D0C3F3432399420AD0DD
:1098A0009042F4D104EBC10300225A6004F1780025
:1098B00009F054F800B910BD05490648064A4FF4AE
:1098C000DB7306F0FCFD04484FF4DB7106F0EEFD9F
:1098D0004C410100F73D0100D356010008B5026874
:1098E0000146104609F097F858B91149114A124833
:1098F0004FF4826306F0E3FD4FF482610D4806F0F9
:10990000D5FD02F01F0352090B600BD0012A0CD0C9
:109910000A49084A084840F2194306F0D0FD40F2CF
:109920001941EBE74FF0A04008BD0548FCE700BF38
:109930001E530100EB520100F73D0100D85C01000D
:1099400000030050072808B50BD908490848094A00
:1099500040F2A73306F0B3FD064840F2A73106F007
:10996000A5FD800000F5807008BD00BF46570100CE
:10997000F73D010011570100024611F0010030B51A
:1099800015D18B07C1F3400022D51249D1F820052B
:1099900050604FF08052C1F82005D2F83021082ADB
:1099A00008BFD1F82025003818BF012010E04FF083
:1099B000A0444FF08055D4F820351360C4F820350A
:1099C000D5F83051082D08BFD4F82045002BD8D049
:1099D00030BD00BF00030050F7B504460846FFF74E
:1099E00039FF04EB40060D46B38ADB072AD5204633
:1099F00009F004F92946204609F01FF850B1204625
:109A000009F04AF8276807EB80000023C0F81035FA
:109A1000C0F81035204629460024FFF725FFB48200
:109A200001A80195FFF75AFF019B00EB8300074B4C
:109A3000D0F80027134043F00203C0F80037204657
:109A400003B0F0BD6FF01500FAE700BFF0F8FCFFBF
:109A50002DE9F0430E4685B01746044658B95A49D9
:109A60005A485B4A40F25E4306F029FD584840F2EE
:109A70005E4106F01BFD0846FFF7ECFED7F80080BC
:109A80000546B8F1000F19D0204608F0FAFF18BBC0
:109A9000CDE900008DF80E008DF80F0043460DF162
:109AA0000F020DF10E01304609F01FF804EB4502DC
:109AB000938A23F0020343F0010393827B689BB3F4
:109AC0003146204693F80080D3F8049008F0CEFF8A
:109AD00028B1B9F1000F1FD06FF0150027E004EB9B
:109AE0004500838A23F4604323F020038382B9F185
:109AF000000F11D0B8F1030FEED87B6821685B68C6
:109B000093F800C04FEA8C031944B8F1000F11D14B
:109B1000C1F81085C1F8108504EB4502938A23F043
:109B20001C0343EA88039382BB6843BB002005B053
:109B3000BDE8F083D1F8102522F00302C1F810250A
:109B400022681344D3F8102522F44F3222F44072D5
:109B5000C3F810253202D3F8101502F47C5242EA01
:109B600008420A43C3F8102504EB4C03A3F87C60B9
:109B7000838A43EA4C3343F020038382CCE7D3E962
:109B8000007831462046FFF76FFE002FCED0636885
:109B90009F4206D004F1780008F0C2FE002804DAE3
:109BA000C5E7A3689845F5D1002004EBC003C3E9DD
:109BB000017804EB4505C0B2AB8A43EA402343F485
:109BC0008073AB82B2E700BF50570100F73D010040
:109BD000D35601002DE9FF410C4616461F460546A7
:109BE00058B93C493C483D4A4FF48D6306F067FC48
:109BF0003A484FF48D6106F059FC0846FFF72AFEFB
:109C0000804616B3284608F031FF18B9284608F0F8
:109C100014FF08BB2146284608F01AFF10B17378DC
:109C2000012B19D001238DF80F300023CDE90063FB
:109C3000721CB31C0DF10F01204608F056FF05EB16
:109C40004802938A43F003039382002F3FD02146BA
:109C5000284608F00BFF20B96FF0150004B0BDE8EE
:109C6000F0813E782B6803EB8603002205EB480069
:109C7000C3F81025C3F81025838A23F4604323F02A
:109C80002003838279784FEA860C01B32A68BF7873
:109C900062440904D2F8103523F4991323F4F853DD
:109CA000C2F81035230201F4403103F47C530B4316
:109CB0003905D2F8105501F480110B432B43C2F83B
:109CC0001035838A43EA463343F020038382002021
:109CD000C4E700BF50570100F73D0100D356010013
:109CE00008B558B907490848084A40F2714306F0D8
:109CF000E6FB064840F2714106F0D8FBC0E90312CA
:109D000008BD00BF50570100F73D0100D3560100C8
:109D100070B51546044658B91349144A144840F220
:109D20007A4306F0CCFB40F27A41104806F0BEFBC5
:109D30004AB910490D4A0E4840F2233306F0BFFBE2
:109D400040F22331F1E708F078FE48B10846FFF70A
:109D500081FD04EB40040020A38A5B0B2B7070BDD7
:109D60006FF01500FBE700BF50570100D35601000C
:109D7000F73D01005A59010070B5044658B916491B
:109D80001648174A4FF4916306F099FB14484FF4B4
:109D9000916106F08BFB90F88C50D5B96022294672
:109DA000143009F018FA2668E8B20135FFF7CAFD49
:109DB000082DF9D10025C6F87C5146F30730D6F8B6
:109DC0007C31F9F7DFFE012384F88C30A367284645
:109DD00070BD6FF07700FBE750570100F73D0100C1
:109DE000D356010008B558B908490948094A40F254
:109DF0008F4306F064FB074840F28F4106F056FBA4
:109E000090F88C00003818BF012008BD50570100A1
:109E1000F73D0100D356010008B558B90749084875
:109E2000084A40F29D4306F04AFB064840F29D4135
:109E300006F03CFBBDE80840FFF7CEBD50570100DF
:109E4000F73D0100D356010008B558B90849094843
:109E5000094A40F2A44306F032FB074840F2A4410D
:109E600006F024FBBDE80840044808F077BD00BFB9
:109E700050570100F73D0100D3560100980400201F
:109E800010B50C4658B90A490A480B4A40F2AB4390
:109E900006F015FB084840F2AB4106F007FB074807
:109EA00008F03EFD0028A4BF2070002010BD00BFB8
:109EB00050570100F73D0100D356010098040020DF
:109EC0002DE9F3410D461646044658B93849394A3A
:109ED00039484FF4A56306F0F2FA4FF4A56135480E
:109EE00006F0E4FA08F0B4FD48B93449314A324882
:109EF00040F2354306F0E3FA40F23541EFE7204601
:109F000008F09BFD2768F8B1204608F0AFFD8046B9
:109F1000D0B9204608F0C0FD0546FFF713FD47F80D
:109F200000803B58236803EB8503D3F8102542F0EB
:109F30000102C3F8102526B122680123AB40C2F804
:109F4000043302B0BDE8F081D7F80433002BA4BF7E
:109F50004FF00043C7F804334EB91949154A164863
:109F600040F24F4306F0ABFA40F24F41B7E72846C4
:109F7000FFF770FC04EB4004A38AC3F38203042BB5
:109F800012D0052B12D001A80195FFF7A7FC019B69
:109F9000D0F81015D94001F001010231284602B075
:109FA000BDE8F04108F0EEBD0321F7E70221F5E737
:109FB00050570100D3560100F73D01005B570100E7
:109FC0007C57010008B558B907490848084A40F2CB
:109FD0002F5306F074FA064840F22F5106F066FA45
:109FE000BDE8084008F00ABE50570100F73D0100E7
:109FF000D35601002DE9F04F07468BB058B975498B
:10A000007548764A40F25C6306F059FA734840F2AC
:10A010005C6106F04BFA8046082258F804ABDAF887
:10A020000413C9B241F00041504608F0BAFD051EC4
:10A030002FDA0023032108A8CDE90833FFF79CFCA1
:10A04000674B02930DF120094FF0000B029A65490E
:10A0500012F8013B0292DA0803F007038A5C22FA45
:10A0600003F3DB071CD40BF10103022B09F10409F4
:10A070004FF0010BEAD14FF000410022504608F0AA
:10A0800090FD032108A8FFF777FC0028D8D125F020
:10A0900000450124002D40F086800BB0BDE8F08F14
:10A0A000514B5B440393D9F800100029DBD0039B8C
:10A0B00091FAA1F11C78B1FA81F141EA44142046E9
:10A0C000FFF7C8FB07EB40000794828AC808C2F379
:10A0D000820319F800600193CDE9042301F0070120
:10A0E000012303FA01F126EA010109F8001007A88B
:10A0F000FFF7F4FB0799049A059B01F5E07112F054
:10A10000100F50F82160C6F3014633D0019A214662
:10A11000404608F0CBFC07A80794FFF7DFFB079B3E
:10A1200003F5E073F6B250F82330C3F301439E42C7
:10A1300007D10021204608F025FD3146204608F0D1
:10A1400021FD07A80794FFF7C9FB079B012202FA2C
:10A1500003F3C0F820354FF08053D3F83031082B8B
:10A1600001BFD0F82035D0F82035D0F82035D0F810
:10A17000203598E7022E14BF0221032120460493C4
:10A1800008F000FD049B032B03D0022E07D1012B06
:10A19000D7D1019A2146404608F088FCD1E7032E2A
:10A1A000CFD1022BF4E795FAA5F3B3FA83F304FABF
:10A1B00003F225EA020503F5A27207EB43035AF8FE
:10A1C0002220B3F87C10C2F30142404608F06EFC36
:10A1D00060E700BF50570100F73D0100D356010072
:10A1E00090690100843A01009069010010B548B9F6
:10A1F0001B491C481C4A722306F061F91A48722157
:10A2000006F054F9194C23783BBB0278C2F34003A3
:10A2100092070FD54FF08053D3F83021082A08D188
:10A22000D3F83431022B02BF4FF080430122C3F830
:10A23000382601234FF08042C2F88035037803F0BE
:10A240000103C2F878350020F9F7BEFC08B9F9F728
:10A2500099FC01232370002010BD6FF07700FBE70D
:10A26000CD590100F73D010087570100AC160020D1
:10A270004FF080434FF46072C3F80823014B002273
:10A280001A607047D015002008B558B909490A4826
:10A290000A4A40F2431306F012F9084840F243110B
:10A2A00006F004F9FFF7E4FF03680BB1044A1360FA
:10A2B00008BD00BFC4570100F73D010087570100EA
:10A2C000D015002010B54FF08043D3F80443620747
:10A2D00014D54FF4847008F0B3FC78B1404B1B6880
:10A2E0005BB94049404A414840F26F1306F0E7F835
:10A2F00040F26F113C4806F0D9F89847A30613D5F1
:10A300004FF48A7008F09CFC70B1394B1B684BB954
:10A310003849354A35484FF4BC7306F0D0F84FF44D
:10A32000BC71E7E700209847600613D54FF48C70A6
:10A3300008F086FC70B12E4B1B684BB92D492A4A98
:10A340002A4840F27F1306F0BAF840F27F11D1E7B5
:10A3500001209847210613D54FF48E7008F070FC49
:10A3600070B1254B1B684BB924491F4A1F484FF455
:10A37000C47306F0A4F84FF4C471BBE700209847FB
:10A38000E20513D54FF4907008F05AFC70B11A4BE7
:10A390001B684BB91949144A144840F28F1306F050
:10A3A0008EF840F28F11A5E701209847A30515D537
:10A3B0004FF4927008F044FC80B10F4B1B684BB90E
:10A3C0000E49094A09484FF4CB7306F078F84FF468
:10A3D000CB718FE7BDE810400220184710BD00BFC9
:10A3E000D8150020DC57010087570100F73D010018
:10A3F000D4150020FD570100D01500201F58010082
:10A4000080F08003042B04D8054B034413F8800C20
:10A41000704707289ABF034B185C0020704700BFA5
:10A420009269010097690100064B93F82E000128FC
:10A4300006D0022818BF042814BF0120002070474E
:10A4400000207047DC15002010B5164B164A00207E
:10A45000C3F8000592F82F40D3F8041382F82E4079
:10A46000146821F033010CB141F02301C3F81C0141
:10A47000D3F81C41C3F81801D3F81841C3F80801F8
:10A48000D3F8080192F8340092F8332002F0010268
:10A4900000F00100D20142EA80120A43C3F800230F
:10A4A00010BD00BF00700040DC15002070B50D4AE3
:10A4B000002392F8301001251E4618B90BB182F81E
:10A4C000301070BD90FAA0F3B3FA83F305FA03F4E9
:10A4D0000C3302EB430320EA0400DE8021EA04018E
:10A4E0000123EAE7DC15002038B5431EFE2B09D90D
:10A4F0000F491048104A9A2305F0E1FF0E489A21AF
:10A5000005F0D4FF0D4B012493F8305000220823AE
:10A51000204203D0254208D00132D2B2013B4FEA9B
:10A520004404F5D10A70184638BD6FF01500FBE7FA
:10A530007C580100F73D01003F580100DC15002068
:10A5400073B50023044601AA0E464FF480710193AF
:10A5500008F097FB4FF48A71204608F092FB4FF405
:10A5600082710546204608F08CFB20B11EB115B162
:10A57000144BD3F8343601AA4FF48471204608F006
:10A5800080FB4FF48671204608F07BFB4FF4887106
:10A59000204608F076FB0C4B234083B14FF48E75B8
:10A5A000294601AA204608F06CFB291F083589B20C
:10A5B0002046ADB208F065FBB5F5AE7FF0D101984D
:10A5C00002B070BD00700040C0FF3F002DE9F04FA9
:10A5D0009A464FF0805393B0D3F830411C9D082C1D
:10A5E0003FD1D3F83431012B3BD00DF1080C0AAF29
:10A5F0003E4C3E46E046002304EB031E0133DEF8EA
:10A60000189548F8049B082BDEF81CE546F804EB87
:10A61000F2D1D4F8F065D4F8403601934FF0010E32
:10A620000023D4F84496D4F84886C4F8FC3FC4F814
:10A63000FCEF2E4C5CF804BB04EB031E0133CEF898
:10A6400018B557F804BBCEF81CB5082BF2D1019B06
:10A65000C4F84036F6B2C4F84496C4F84886C4F844
:10A66000F065234B002483F8334083F834409C602A
:10A670001C611D6083F831009C831C4BC3F8F015EE
:10A68000C3F8F4257DB32322C3F80023184D174CDB
:10A6900000220127110107FA02F301F1804603406D
:10A6A00006F5E04619BF95F81EE095F81FC09C46D8
:10A6B0009E46002B04EB0103C6F810E5C6F814C54E
:10A6C000D3F8181514BF5646002621F080710132C8
:10A6D00041EA0661082AC3F8181505F10205D9D127
:10A6E00013B0BDE8F08FC3F80053CFE7007000400F
:10A6F000DC150020F8B50446C079FF2809D12B49A4
:10A700002B482C4AE62305F0DAFE2A48E62105F01C
:10A71000CDFE267A6779617AFFF772FE10B96FF085
:10A720001500F8BD244A01F10C0502EB4503012F89
:10A73000987139D13046FFF763FE0028EFD002EB65
:10A740004505E871E378A0781B03000200F4E0609F
:10A7500003F480530343207800F00300034320797F
:10A76000000400F4E02003436078000100F03000B2
:10A770000343A079000600F0807003436079000570
:10A7800000F480100343080100F1804000F5E04030
:10A79000C0F81835012303FA01F192F830300B4369
:10A7A00082F830300020BCE70020C8E7B458010030
:10A7B000F73D01003F580100DC150020084B012245
:10A7C0009A600022C3F81421D3F81411054980209F
:10A7D000C1F88001C3F80025C3F80025704700BF09
:10A7E0000070004000E100E070B5204D95F82E406B
:10A7F000002C38D1FF20012685F82E60FFF756FE89
:10A800001B4B1C48C3F80041D3F80021C3F8044196
:10A81000D3F80421C3F81041D3F81021C3F8144130
:10A82000D3F814311C239A0806FA02F111F0330F01
:10A830001CBF03F1804101F5E24102F1FF3218BF74
:10A840000C6006FA02F218BF096812F0330F1CBF41
:10A850001C501A5808335C2BE5D10720F9F792F900
:10A860000020286070BD6FF07700FBE7DC1500204A
:10A8700000700040FC70004008B50E4B93F82E307D
:10A88000024603B158B90C490C480D4A4FF4EA731B
:10A8900005F015FE0A484FF4EA7105F007FEFFF7D0
:10A8A000C3FD20B9BDE808401046FFF723BF6FF095
:10A8B0000F0008BDDC15002023590100F73D010001
:10A8C0003F58010008B5094B93F82E205AB90849A2
:10A8D0000848094A4FF4F07305F0F1FD06484FF4BB
:10A8E000F07105F0E3FD93F8300008BDDC150020A1
:10A8F00064590100F73D01003F5801002DE9F04384
:10A900001E4F994697F82E3085B005468846164664
:10A910005BB91B491B481C4A4FF4FC7305F0CFFD83
:10A9200019484FF4FC7105F0C1FDFFF77DFDF0B94A
:10A930000DF10F012846FFF7D7FD0446D0B9134BA0
:10A94000C3F8F805331E18BF0123CDF80090324636
:10A9500041462846FFF73AFE9DF80F3087F832301F
:10A96000022387F82E30204605B0BDE8F0836FF053
:10A970000F04F8E76FF01504F5E700BFDC150020C1
:10A9800064590100F73D01003F580100007000408C
:10A990002DE9FF47344E994696F82E3080468A4678
:10A9A000154603B15AB931493148324A4FF40A7356
:10A9B00005F085FD2F484FF40A7105F077FDFFF78C
:10A9C00033FD0746002846D10DF10F014046FFF741
:10A9D0008BFD0446002841D16B8833B19DF80F30C0
:10A9E000012B3ED8B9F1000F3BD02A786B782AB101
:10A9F00023B99DF80F10012933D80127CDF8009015
:10AA000051464046FFF7E2FD6B881B4A8BB1A3F12C
:10AA10005001B1F5F66F0AD318491548184A40F2AB
:10AA2000AA5305F04CFD164840F2AA51C5E743F47D
:10AA30008053C2F8F8359DF80F3086F832302B7904
:10AA400086F83530042386F8367086F82E30204696
:10AA500004B0BDE8F0876FF00F04F8E76FF015045D
:10AA6000F5E76FF08504F2E7DC1500209659010048
:10AA7000F73D01003F58010000700040D659010029
:10AA8000E358010070B5244A92F82E5004465DB98F
:10AA900022492348234A4FF4197305F010FD214839
:10AAA0004FF4197105F002FD13695BBB00F06043C0
:10AAB000B3F1005F29D192F83260B1FBF6F306FBE7
:10AAC000131028BB0BB2002B22DD052D06D8032D59
:10AAD0000BD8022D0ED06FF0760070BD062DFAD186
:10AAE000114BC3F82C46C3F8301693683BB1C2E94A
:10AAF0000441F2E78E420BD1C2E90246EDE7C2E91A
:10AB00000241EAE76FF07700E7E76FF00C00E4E757
:10AB10006FF00600E1E700BFDC150020645901007A
:10AB2000F73D01003F580100007000402DE9FF4152
:10AB3000594C94F82E20012A0BD858495848594AA4
:10AB400040F29D2305F0BBFC564840F29D2105F0E4
:10AB5000ADFCA368002B00F09B80022A06D0042ADB
:10AB600033D06FF0760004B0BDE8F0814E4D012681
:10AB7000C5F800652168E26849B1032184F82E1008
:10AB8000C5F82C36C5F830262E600020EBE7C5F856
:10AB90002C36C5F830262E6008F08BF804F1080337
:10ABA0006E60019301990220FFF7CAFC0028F9D0DA
:10ABB0003D4B0022C3F80821D3F80811C3F80C213B
:10ABC000D3F80C11C3F80025DFE7374D4FF001082B
:10ABD000C5F80085276857B1052284F82E20E26861
:10ABE000C5F82C36C5F83026C5F80080CDE7A18B16
:10ABF00094F83220039203EB41030293C5F82C36FC
:10AC0000C5F83026C5F8008008F053F894F83630BF
:10AC100063BB254D01236B6002A90220FFF790FC66
:10AC20000028F9D00023C5F80831D5F80821C5F867
:10AC30000C31D5F80C21A18B94F832200A44E1683C
:10AC400092B28A42A28321BF184AA383D2E90201A9
:10AC5000236124BFC2E900011846134B4FF00002E4
:10AC600038BF6FF00F00C3F800257CE7D5F8F46516
:10AC7000F6B208FA06F6013EBE42CAD9C5F804800B
:10AC800000210420FFF75CFC0028F9D00137F3E72E
:10AC90006FF00B0067E700BFDC150020F5590100DD
:10ACA000F73D01003F58010000700040E41500200E
:10ACB000F8B5334E96F82E10024659B9314932484C
:10ACC000324A40F2293305F0FAFB304840F229318C
:10ACD00005F0ECFBFFF7A8FB00284ED12C4C86F8C2
:10ACE0002F10072386F82E3001237260C4F8003538
:10ACF000D4F80453C4F80003E3603AB125F0C0056A
:10AD000045F03305C4F800530020F8BD00211020A1
:10AD1000FFF716FC0028F9D00023C4F80431D4F85A
:10AD200004311C4BC4F82C3601270223C4F83036FA
:10AD3000276007F0BEFFA76000212020FFF700FC7E
:10AD40000028F9D0124B0022C3F80421D3F80411D3
:10AD5000C3F80821D3F80811C3F8002596F82F107E
:10AD600086F82E10C3F81C21D3F81C11C3F8182143
:10AD7000D3F81821C3F80053C6E76FF00F00C4E7FB
:10AD8000DC15002064590100F73D01003F58010027
:10AD900000700040F41500207FB56249614E3320F9
:10ADA000FFF7CEFB10F0100F05460BD05E4B1022C4
:10ADB000C3F80823B218C3F82C260222C3F83026A1
:10ADC00001221A6015F0200F584C10D094F82E3044
:10ADD000554A072B05D0D2F834369BB2E3600023E6
:10ADE0002361D2F80433DB0601D5FFF72DFBA8075A
:10ADF00017D5002294F82E308DF80420A268029214
:10AE0000062BE268ADF80C2017D0072B33D0032BAC
:10AE100007D1FFF7D3FC022384F82E30236801A862
:10AE20009847E9074ED594F82E30033B042B49D8B8
:10AE3000DFE803F0594828405D0094F8353023B12D
:10AE4000236913B1384B01221A60236801A898477F
:10AE5000374B93E8030086E8030000232361A368CF
:10AE6000002BDED1FFF7AAFC042384F82E30052343
:10AE70008DF80430D2E7FFF7E7FA02238DF80430AB
:10AE80006368CCE704238DF8043001A82368984751
:10AE9000254BD3F8F825D20444BF01225A60226919
:10AEA000062384F82E302AB11F4B6169C3F82C2683
:10AEB000C3F8301623692BB903238DF8043001A899
:10AEC0002368984794F82E30072B0AD0164B194860
:10AED000D3F8043300211840FFF732FB012685091F
:10AEE0004DB904B070BD104B01225A60EAE70E4B19
:10AEF00001229A60E6E795FAA5F3B3FA83F306FA1E
:10AF000003F225EA02055A08DB4303F001038DF83A
:10AF100009308DF8046023688DF8082001A898474F
:10AF2000DEE700BFE415002000700040DC150020C3
:10AF3000EC150020C0FF3F0038B5450914D0012DA5
:10AF400006D14FF6FF7400F01F00C440E4070ED492
:10AF500011491248124A4FF4826305F0B0FA1048C2
:10AF60004FF4826105F0A2FA4FF0FF34EBE70D4C8D
:10AF7000012D18BF4FF0A04404EB80001B02D0F855
:10AF80000057094C43EA82022C4042EA4101214326
:10AF9000C0F8001738BD00BF1E530100F73D010087
:10AFA000EB52010000030050F0F8FCFF13B5394BE1
:10AFB00001930023C0F80431D0F80421C0F82431F3
:10AFC000D0F82421C0F81C31D0F81C21C0F8083179
:10AFD000D0F80821C0F800324B6381F82F300123EC
:10AFE000036291F82D209A4218BF83604B6B8A6AE6
:10AFF000934204460ED24A6AD35CC0F81C350B68F3
:10B0000003B340F286238B608B68C4F804330020BE
:10B0100002B010BD91F82C3013B10123C361EEE7EB
:10B020000B6A13F0400F4FF0010316BFC361436179
:10B0300081F82D30E3E7204607F043FE28B1019B5D
:10B04000013B0193019B002BF5DC91F82F0058B9CF
:10B05000019B002BDCDC0023C4F800350523C4F879
:10B0600000356FF08B00D3E7D4F8C434C4F8C4348F
:10B0700063B19A075ABF03F001008C386FF00400E7
:10B0800013F0040F18BF6FF00A00E1E76FF08B00B8
:10B09000DEE700BFA086010013B5314B019300230A
:10B0A000C0F80431D0F80421C0F82431D0F82421AC
:10B0B000C0F81C31D0F81C21C0F80831D0F80821A4
:10B0C0004B6381F82F308B6A012B044617D10B6A32
:10B0D000580614D40223C4F800320123236291F8E5
:10B0E0002D20022A18BF23600B688BB140F2862303
:10B0F0008B608B68C4F80433002002B010BD0123BC
:10B10000E9E7204607F0DDFD28B1019B013B0193F3
:10B11000019B002BF5DC91F82F0058B9019B002B07
:10B12000EBDC0023C4F800350523C4F800356FF0CC
:10B130008B00E2E7D4F8C434C4F8C43463B19A078E
:10B140005ABF03F001008C386FF0040013F0040FB5
:10B1500018BF6FF00A00E1E76FF08B00DEE700BF79
:10B16000A086010070B50D46044600B149B92849D2
:10B17000284A2948BB2305F0A2F9BB21254805F040
:10B1800095F990F8321000293FD1C0E90123C16040
:10B1900080F8311080F8351080F834106B7B80F81F
:10B1A0003C30AE7B80F83D60B6B9D5E900039842EB
:10B1B00007D11A49174A1848E82305F080F9E82111
:10B1C000DCE7062303223146FFF7B6FE6868062354
:10B1D00003223146FFF7B0FEEB7B33B9D5E900120D
:10B1E0002368C3F80815C3F80C252368AA68C3F8B8
:10B1F0002425636823B1206840F30730F8F7C2FCC8
:10B20000012384F83230002070BD6FF07700FBE737
:10B21000925A0100575A0100F73D0100A95A010056
:10B2200008B558B91049114A11484FF49A7305F0FE
:10B2300046F94FF49A710D4805F038F990F832301C
:10B24000012B09D00B49094A09484FF49C7305F0BA
:10B2500036F94FF49C71EEE703680522C3F8002528
:10B26000022380F8323008BD50570100575A0100C0
:10B27000F73D0100C85A010008B558B91549164AEA
:10B28000164840F2431305F01AF940F243111248F0
:10B2900005F00CF990F832304BB911490E4A0F48BD
:10B2A00040F2471305F00BF940F24711EFE703684E
:10B2B0000C4AC3F80823D3F8002222F00302C3F893
:10B2C00000220022C3F80025012380F8323080F8E4
:10B2D000342008BD50570100575A0100F73D0100C6
:10B2E000F25A0100864204002DE9F0410D4616464F
:10B2F000044658B93C493D4A3D4840F2B32305F065
:10B30000DEF840F2B321394805F0D0F890F8323039
:10B31000022B00F104080DD1CB680BB94B684BB977
:10B320002B690BB9AB682BB963686BB92B78023BFF
:10B33000012B09D82F492D4A2D4840F2B92305F099
:10B34000BEF840F2B921DEE794F83130D4F800E0DD
:10B35000012B05D12B78012B07D16FF076000FE080
:10B36000022B02D12B78012BF7D1234BCEF80833D7
:10B3700094F8343033B1E368CEF804336FF00F0043
:10B38000BDE8F081C6F3800383F00103DBB284F8EB
:10B3900034306662AC46BCE80F0004F110070FC7FA
:10B3A000DCF800303B606B68E362EB68A3626B78AB
:10B3B000CEF888352B78012B10D06BB9C6F3401628
:10B3C00084F8306041467046FFF7F0FD6368002B5B
:10B3D000D6D184F83430D3E70126F1E741467046F0
:10B3E000FFF75AFEF2E700BF50570100575A01001D
:10B3F000F73D01001E5B0100864204002DE9F0418B
:10B40000044686B058B931493148324A40F2E12306
:10B4100005F055F82F4840F2E12105F047F80146C4
:10B4200051F8048B404607F04CFC002847D194F8B3
:10B43000335005BB227C931E012B1CD8A06AE36904
:10B44000984218D1236AA362A369E36294F8243076
:10B4500084F83150C3F34013032A84F83030404657
:10B4600004D106B0BDE8F041FFF7A0BD06B0BDE8CD
:10B47000F041FFF711BE04F110070FCF01AE0FC668
:10B480003B68336065B1D8F8C454C8F8C454A90700
:10B4900018D46A0718D405F00105C5F10405EDB20A
:10B4A000002384F83430636A8DF800505B0702D5BE
:10B4B00094F833301BB1D4E901316846984706B09F
:10B4C000BDE8F0810125EBE70225E9E750570100CF
:10B4D000F73D0100575A010008B50368590914D017
:10B4E000012906D14FF6FF7203F01F03DA40D2079D
:10B4F0000ED40B490B480C4A4FF4826304F0DFFF73
:10B5000009484FF4826104F0D1FF4FF0FF32EBE7BE
:10B5100003600129054818BF4FF0A04008BD00BFD7
:10B520001E530100F73D0100EB52010000030050E3
:10B53000F7B50C46064607F05CFC204607F059FCC0
:10B5400001A80196FFF7C8FF019B2F4D019400EB66
:10B55000830040F20D67D0F800372B403B43C0F822
:10B56000003701A8FFF7B8FF019B00EB8300D0F87C
:10B5700000372B403B43C0F80037042007F0CEF9DA
:10B580000925012701A80194FFF7A6FF019AD0F829
:10B590001035D340DB0715D401A80196FFF79CFFB7
:10B5A000019B07FA03F3C0F80C35042007F0B6F945
:10B5B000304607F01EFC013D042007F0AFF915F0FE
:10B5C000FF05DFD101A80194FFF786FF019A01234F
:10B5D0009340C0F80C35042007F0A0F9204607F08E
:10B5E00008FC042007F09AF901A80194FFF774FF02
:10B5F000019AD0F81035D34013F0010F0CBF6FF053
:10B600008B00002003B0F0BDF0F8FCFF38B54369B3
:10B6100005463BB90024EA68537843F001035370B0
:10B62000604238BD984704460028F3D000F1FF037C
:10B63000FE2B0ED9094A0A490A48212304F03FFF8C
:10B6400029680948224604F03AFF0448212104F001
:10B650002DFFEB6844421C70DDE700BF9F5C0100DA
:10B66000C25C0100F73D0100DA5C010070B50446E0
:10B67000EFF31186202383F31288BFF36F8F0E4BF5
:10B680009D6807F0DAFB042C0CD10C490C4A0D48DC
:10B69000872304F014FF0C4804F011FF08488721A9
:10B6A00004F004FF86F31188BFF36F8F2846BDE8CE
:10B6B0007040F8F73DBB00BF14160020215D01006B
:10B6C000FF5C0100F73D01003E5D010038B50A4B0B
:10B6D00053F82040013053F82050A54200D838BD1F
:10B6E000606830B1037EDB0701D4FFF78FFF0834B9
:10B6F000F3E723689847FAE7883A010070B5374BBB
:10B70000374C384D86B0012203201A70FFF7DEFF58
:10B7100007F052FD0420FFF7D9FFAC42264628D996
:10B720003149324A3248442304F0C9FE314804F01A
:10B73000C6FE44212D4804F0B9FE54F80C3C059394
:10B7400054F8103C049354F8143C039354F8183CF8
:10B75000029354F81C3C019354F8203C009354E9A4
:10B760000A2354E90C0101F06FFF54F8303C5E6588
:10B77000D3E7AE4204F13004DFD302F0A5FC184C4D
:10B78000AC421FD91849194A1948682304F097FE9A
:10B79000184804F094FE6821CCE7D4E90A23B3F1F9
:10B7A000FF3F08BFB2F1FF3F05D052EA0301206816
:10B7B00003D102F007FF3034E2E70F49183003F0FD
:10B7C000F5FAF8E7E9D302F0F1FCF6F78FFE0B4A41
:10B7D000938923F00103938106B070BDAD1600205C
:10B7E0007C3601007C360100945D0100735D010030
:10B7F000F73D0100FD4C0100B5DC0000000A00200F
:10B8000070B5154E154D164986B0B82303FB00667A
:10B81000144B059301220F23CDE903320023CDE918
:10B820000133142303FB00554FF4A072044602FBBE
:10B8300000110D4B0095304601F006FF337C2C744F
:10B8400023F004033374094BEE60013403EBC4238B
:10B850006B6006B070BD00BF4809002014160020C0
:10B86000B0240020C15D0100E1BE0000B01C00203A
:10B870007FB50020FFF72AFF324B83F30888324C54
:10B88000636943F400736361E02384F8223000238A
:10B89000E37723766376A37684F82030626A42F4F5
:10B8A000E022626284F82330F8F7D0F8F8F72AFA39
:10B8B0004FF0FF33A362E362F8F732FBF8F79EFA2A
:10B8C000224801F0C5FF224B224A93420ED9224959
:10B8D000224A2348CC2304F0F2FD224804F0EFFD75
:10B8E0001E48CC2104F0E2FD1C33EEE7FCD301201E
:10B8F000FFF7ECFE0220FFF7E9FE02F011FD1A4B04
:10B900001A4C5C611A4B05930025012319490095D7
:10B910004FF48062CDE90353CDE90155164B204623
:10B9200001F092FE237C064623F004032046237494
:10B9300002F032F92846FFF763FF0F4A31462046EE
:10B94000F8F7C2F9B024002000ED00E0B80A0020AA
:10B95000AC330100FC340100C65D0100735D0100E1
:10B96000F73D0100FD4C010014160020000A0020E4
:10B97000DE5D0100F0250020FDB600002DE9F04F4E
:10B980008BB0DDE914A7CDE9051206463B465246C9
:10B9900008A807F08FFBDDE90834D046CDE9023472
:10B9A000B94606F11404EFF31185202181F31288C2
:10B9B000BFF36F8F204603F04BF960B9354A364923
:10B9C0003648842304F07BFD2146354804F077FD9A
:10B9D0008421304835E0204603F05EF9EFF305811D
:10B9E00011B157EA0A0321D106F10C0307934FF076
:10B9F000200BDDE90512169B30469847074610B923
:10BA000058EA09081FD1204603F030F9002839D13F
:10BA1000204A244921484FF4997304F050FD2146EF
:10BA2000214804F04CFD4FF49971D2E71F49204A98
:10BA30001A48582304F043FD1E4804F040FD1C48FA
:10BA4000582104F033FDDDE9022308A807F057FB75
:10BA5000DDE908A7079ACDE900A72946204602F0AC
:10BA600071F9D046B946EFF311858BF31288BFF315
:10BA70006F8F204603F0ECF800289FD0204603F09B
:10BA80000BF9B6E785F31188BFF36F8F38460BB01B
:10BA9000BDE8F08FF23F01004B400100F73D01008F
:10BAA000604001001F40010036400100055E0100BA
:10BAB000E35D01004A5E010038B50D4C0D4DAC420E
:10BAC00013D90D490D4A0E48252304F0F8FC0D4802
:10BAD00004F0F5FC0948252104F0E8FCD4E9011242
:10BAE000204607F0ADF91834E9E7F7D3002038BD58
:10BAF000F8050020280600204D5E0100E35D0100EE
:10BB0000F73D0100FD4C010030B54B1E0B4285B0E6
:10BB10000CD00B490B4A0C48892304F0D0FC0B488D
:10BB200004F0CDFC0748892104F0C0FCDDE908459C
:10BB3000074B0293CDE90045FFF720FF05B030BD6C
:10BB4000DC3D0100E35D0100F73D0100143E010012
:10BB5000A1270000F8B505460E4600F11404EFF3E6
:10BB60001187202383F31288BFF36F8F204603F0E1
:10BB70006FF868B91B4A1C491C48842304F09FFCD9
:10BB800021461B4804F09BFC8421164804F08EFCDF
:10BB9000204603F081F82846314604F0DCFB05F12D
:10BBA0000C0002F075FB28B139462046BDE8F8408C
:10BBB00007F049BA204603F059F868B9094A0D4917
:10BBC0000A484FF4997304F07AFC21460A4804F0BD
:10BBD00076FC4FF49971D8E787F31188BFF36F8F24
:10BBE000F8BD00BFF23F01004B400100F73D0100EE
:10BBF000604001001F4001003640010038B50E4C86
:10BC00000E4DAC4212D90E490E4A0F48A22304F041
:10BC100056FC0E4804F053FC0A48A22104F046FCEE
:10BC2000204607F017F920B92034EAE7F8D30020BE
:10BC300038BD6FF01500FBE7D8050020F80500209F
:10BC40008B5E0100665E0100F73D0100FD4C0100C6
:10BC50002DE9F74305460F4691461C4600F10806BC
:10BC6000EFF31188202383F31288BFF36F8F3046E0
:10BC700002F0EEFF60B9324A32493348842304F0BF
:10BC80001EFC3146314804F01AFC84212C4826E081
:10BC9000304603F001F82B691BB33B601C68EB696D
:10BCA0002C610133EB6114B96A6993421FD0EB68D0
:10BCB000E41A09D4D5E905235A43A24204D9B4FBB6
:10BCC000F3F203FB124494B12149224A1E48F723A0
:10BCD00004F0F5FB204804F0F2FB1E48F72104F0C5
:10BCE000E5FB59EA040214D13B606FF00B043046C7
:10BCF00002F0BCFFF0B9124A184913484FF4997387
:10BD000004F0DDFB3146164804F0D9FB4FF499717D
:10BD1000BCE7CDE900942A464146304602F012F8CD
:10BD2000044618B90F4B9B685B693B60204603B023
:10BD3000BDE8F08388F31188BFF36F8FF6E700BF8B
:10BD4000F23F01004B400100F73D0100604001005F
:10BD5000A85E0100665E0100245F01001F40010033
:10BD600036400100141600202DE9F843C368CB1AB1
:10BD700005460E4623D4D0E90512514399421ED9F7
:10BD8000B3FBF2F102FB1133CBB900F10807EFF37B
:10BD90001189202484F31288BFF36F8F384602F094
:10BDA00057FFD8B9414A42494248842304F087FBEF
:10BDB0003946414804F083FB84213C480CE03F496C
:10BDC0003F4A3C4840F21F1304F079FB3D4804F021
:10BDD00076FB3B4840F21F1104F068FB384602F046
:10BDE0005BFFD5F81080B8F1000F40D1EFF311835D
:10BDF00084F31288BFF36F8F83F31188BFF36F8FC3
:10BE00005BB93149314A2B48BB2304F058FB304819
:10BE100004F055FBBB212D48DEE72C68A54226D057
:10BE20002CB3A3683BB92B49284A2248A42304F029
:10BE300046FBA421EFE7D4E9003213605A60237C6B
:10BE4000C4F8088023F002032374C4E9008804F1D5
:10BE5000180003F087F82046C4F8B480666101F04A
:10BE60009BFE49463846BDE8F84307F0ECB82B691D
:10BE70003360EB692E61013BEB61384602F0F6FE60
:10BE800068B90A4A14490B484FF4997304F017FB38
:10BE90003946124804F013FB4FF499718DE789F38A
:10BEA0001188BFF36F8FBDE8F88300BFF23F010038
:10BEB0004B400100F73D010060400100D85C0100EB
:10BEC000665E01003F5F01008C5F0100615F010061
:10BED0004A5E0100A45F01001F40010036400100DE
:10BEE00008B50D4B9B6893F90E30002B09DB20241D
:10BEF000EFF3118384F31288BFF36F8F04F0DBFB41
:10BF0000F6E706490648074A1C2304F0D8FA054814
:10BF10001C2104F0CBFA00BF14160020DC5F0100E6
:10BF2000F73D0100BB5F010008B583684BB90B49C1
:10BF30000B480C4AA42304F0C2FA0A48A42104F0D6
:10BF4000B5FAD0E9003213605A60027C0023C0E9E0
:10BF5000003322F002020274836008BDA45F010076
:10BF6000F73D0100615F01002DE9F74F04469DF8A0
:10BF70003090884692461E46EFF3058373B152EA2D
:10BF800006030BD05F49604A6048992304F097FA92
:10BF90005F4804F094FA99215B4819E004F1080520
:10BFA000EFF311874FF0200B8BF31288BFF36F8FE5
:10BFB000284602F04DFE68B9564A57495348842333
:10BFC00004F07DFA2946554804F079FA8421514855
:10BFD00004F06CFA284602F05FFE626A23699A4216
:10BFE00077D2EFF311838BF31288BFF36F8F83F354
:10BFF0001188BFF36F8F5BB949494A4A4348BB2355
:10C0000004F05DFA424804F05AFA4648BB21DFE7E3
:10C010002668B4421AD0CEB13046FFF785FF06F14C
:10C02000180002F09FFFE26870694146002407F0A3
:10C03000C4F83046C6F8B44001F0AEFD3946284693
:10C0400007F001F8204603B0BDE8F08F206A66696A
:10C05000B04207D3A3695A1E904203D8E268191A66
:10C06000914207D23049284A2848B42304F027FADD
:10C07000B42191E7B9F1000F21D0414607F09DF8B6
:10C08000236AE2681344A2692362934201D163697F
:10C090002362636A013363620024284602F0E6FDEE
:10C0A00050BB1C4A214919484FF4997304F007FA10
:10C0B00029461F4804F003FA4FF4997187E7E169B4
:10C0C0008E4218BF0B46981AE061414607F075F89A
:10C0D000DFE75AEA06030CD0164B9B682246C3F8EA
:10C0E00014803946CDE900A6284601F02BFE04460F
:10C0F000A8E76FF02204D0E787F31188BFF36F8FB2
:10C10000A0E700BF055E010004600100F73D0100EB
:10C110004A5E0100F23F01004B4001006040010017
:10C120008C5F0100615F0100266001001F4001007B
:10C1300036400100141600202DE9F74304468846D6
:10C1400017461D46EFF3058383B152EA05030DD070
:10C150006149624A62484FF4977304F0B0F961484C
:10C1600004F0ADF94FF497715C4818E004F108064B
:10C17000EFF31189202383F31288BFF36F8F3046CA
:10C1800002F066FD68B9584A58495548842304F0BE
:10C1900096F93146564804F092F98421524804F049
:10C1A00085F9304602F078FD636A002B68D0E268BA
:10C1B000E169404607F001F8E369E2681344A269C7
:10C1C000E361934204BF6369E361636A013B6362B5
:10C1D000EFF31183202282F31288BFF36F8F83F372
:10C1E0001188BFF36F8F5BB94249434A3C48BB2378
:10C1F00004F065F93B4804F062F93F48BB21CEE703
:10C200002568AC424CD0002D4BD02846FFF78CFE61
:10C2100005F1180002F0A6FE206A6369984207D370
:10C22000A3695A1E904203D8E2681B1A934209D2AE
:10C2300032492A4A2A484FF4A47304F040F94FF4D3
:10C24000A47191E7696906F0B8FF236AE2681344B4
:10C25000A2692362934204BF63692362636A013364
:10C26000636200242846C5F8B44001F095FC4946B5
:10C27000304606F0E8FE2546284603B0BDE8F083C8
:10C2800057EA05031FD01E4B9B682246C3F8148053
:10C290004946CDE90075304601F054FD0546EBE70F
:10C2A0000025304602F0E2FC80B90F4A15490C48DF
:10C2B0004FF4997304F003F93146134804F0FFF882
:10C2C0004FF499716AE76FF02205EAE789F3118864
:10C2D000BFF36F8FD0E700BF055E0100046001006F
:10C2E000F73D01004A5E0100F23F01004B400100B2
:10C2F000604001008C5F0100615F01002660010069
:10C30000141600201F400100364001002DE9F341C2
:10C31000044617461E46EFF3058565B15449554A54
:10C320005548732304F0CBF8544804F0C8F851483A
:10C33000732104F0BBF8EFF31188202383F31288F4
:10C34000BFF36F8F4E4802F083FC60B94D4A4E49EF
:10C350004948842304F0B3F849494C4804F0AFF845
:10C3600084214848E5E7464802F096FC484BE268DD
:10C370009B6892B1A068984227D057EA06022CD158
:10C380003F4802F073FC90B188F31188BFF36F8FC0
:10C390006FF00F0002B0BDE8F08193F90E1038483D
:10C3A00021610132C4E9023202F060FC78B9354AF9
:10C3B000384931484FF4997304F081F830493648D0
:10C3C00004F07DF84FF49971CBE72169E7E788F332
:10C3D0001188BFF36F8F0020DCE793F90E1090F9FE
:10C3E0000E30994205DA9942A8BF194606F069FD58
:10C3F0000546CDE9007622482246414601F0A2FCDE
:10C400000028E8D0EFF31186202383F31288BFF3CE
:10C410006F8F1B4802F01CFC002897D0184802F0D0
:10C420003BFCA068C0B1236821699C420AD04BB193
:10C4300093F90E309942A8BF19466FF07F039942D5
:10C44000B8BF194606F03DFD30B10D48314606F043
:10C45000FAFD6FF00A009DE7002DF6D1084802F0C2
:10C4600005FC0028A3D086F31188BFF36F8FF0E797
:10C47000EE600100CC600100F73D010000610100A9
:10C4800038160020F23F01004B40010060400100DF
:10C49000141600201F40010036400100F8B5054683
:10C4A000EFF3058363B15649564A5748EA2304F02F
:10C4B00006F8564804F003F8EA21524803F0F6FF64
:10C4C0008368002B00F09580514A9268934240F0B7
:10C4D0009380C3684BB94F494A4A4B484FF4817324
:10C4E00003F0EDFF4FF48171E7E7012B03D0013B2F
:10C4F000C3600020F8BDEFF31187202484F3128875
:10C50000BFF36F8F444802F0A3FB60B9434A44492C
:10C510003D48842303F0D3FF3F49424803F0CFFF57
:10C5200084213E48CAE73C4802F0B6FB2969A86866
:10C5300006F0C7FCEFF3118384F31288BFF36F8F0B
:10C5400083F31188BFF36F8F5BB93749374A2E48A1
:10C55000BB2303F0B4FF364803F0B1FFBB213348DF
:10C56000ACE72C68A54215D10023C5E902332A485F
:10C5700002F07CFB002837D1284A2E4922484FF48C
:10C58000997303F09CFF24492B4803F098FF4FF464
:10C590009971C6E7002CE7D0A3683BB92749234A25
:10C5A0001948A42303F08BFFA421D8E7D4E9003273
:10C5B00013605A60237C002623F002032374C4E92D
:10C5C0000066A66004F1180002F0CCFCAC6094F99F
:10C5D0000E302B612046C4F8B46001F0DDFA0E483D
:10C5E000394606F030FD84E787F31188BFF36F8F7B
:10C5F0007FE76FF015007DE74FF0FF307AE700BF6F
:10C60000EE600100CC600100F73D01000061010017
:10C61000141600202561010038160020F23F0100A9
:10C620004B400100604001008C5F0100615F010030
:10C630004A5E01001F40010036400100A45F010076
:10C6400008B583684BB90B490B480C4AA42303F087
:10C6500036FF0A48A42103F029FFD0E90032136015
:10C660005A60027C0023C0E9003322F00202027407
:10C67000836008BDA45F0100F73D0100615F010018
:10C680002DE9F04704469DF820600D4691469A46F4
:10C6900000F10807EFF31188202383F31288BFF31A
:10C6A0006F8F384602F0D4FA60B94B4A4B494C4878
:10C6B000842303F004FF39464A4803F000FF842135
:10C6C00045481BE0384602F0E7FA06B16568EFF32B
:10C6D0001183202282F31288BFF36F8F83F31188B6
:10C6E000BFF36F8F63B94049404A3D48BB2303F015
:10C6F000E6FE3F4803F0E3FE3C48BB2103F0D6FED4
:10C70000234653F80C6F9E4216D0AEB13046FFF769
:10C7100097FF002406F1180002F024FC3046C6F80A
:10C72000B440C6F8149001F037FA4146384606F096
:10C730008AFC2046BDE8F087BAF1000F14D008202B
:10C7400003F0CAF800283FD00122C0F8049002602C
:10C75000016801F003015DB922680A430260626862
:10C7600020606AB960600BE0C9F800A04846EFE7B6
:10C770002A68032A1DD801606168A1B9C4E90000D4
:10C780000024384602F072FA08BB134A19491448CB
:10C790004FF4997303F093FE3946174803F08FFE68
:10C7A0004FF499718CE70A6802F0030202430A60B1
:10C7B000D8E722F003020A4302602A6802F003026B
:10C7C00040EA02032B60DBE76FF00B04D9E788F344
:10C7D0001188BFF36F8FACE7F23F01004B400100BF
:10C7E000F73D0100604001008C5F0100615F0100C6
:10C7F0004A5E01001F400100364001002DE9F74369
:10C80000064690461F4600F10805EFF311892023E4
:10C8100083F31288BFF36F8F284602F019FA68B9C4
:10C82000244A25492548842303F049FE2946244803
:10C8300003F045FE84211F4803F038FE284602F02D
:10C840002BFA3468F4B12368726823F0030394422E
:10C850002046336008BF7360012106F041FB0446A7
:10C86000284602F003FAE8B9124A164913484FF471
:10C87000997303F024FE2946134803F020FE4FF479
:10C880009971D8E758EA0703EAD0CDE9008706F1A5
:10C890000C024946284601F055FA38B90B4B9B6803
:10C8A0005C6903E089F31188BFF36F8F204603B002
:10C8B000BDE8F083F23F01004B400100F73D01006D
:10C8C000604001001F4001003640010014160020A6
:10C8D00008B583684BB90B490B480C4AA42303F0F5
:10C8E000EEFD0A48A42103F0E1FDD0E90032136017
:10C8F0005A60027C0023C0E9003322F00202027475
:10C90000836008BDA45F0100F73D0100615F010085
:10C9100070B50446EFF31186202585F31288BFF326
:10C920006F8F304802F094F960B92F4A2F49304890
:10C93000842303F0C4FD2B492E4803F0C0FD84215D
:10C94000294818E0274802F0A7F9EFF3118385F38F
:10C950001288BFF36F8F83F31188BFF36F8F63B9B2
:10C960002549264A2248BB2303F0A9FD244803F0A9
:10C97000A6FD2248BB2103F099FD2568AC4213D0E7
:10C9800095B12846FFF7A4FF05F1180002F0EAFA76
:10C9900000232846C5F8B43001F0FEF831461148AE
:10C9A000BDE8704006F04FBBD4E902329A4218BF8E
:10C9B00001330C48A36002F059F968B90A4A1149D9
:10C9C0000B484FF4997303F07AFD06490E4803F0C3
:10C9D00076FD4FF49971B3E786F31188BFF36F8F3B
:10C9E00070BD00BF3C160020F23F01004B4001002B
:10C9F000F73D0100604001008C5F0100615F0100B4
:10CA00004A5E01001F40010036400100F7B50446B0
:10CA100016461D46EFF305837BB152EA05030CD0A1
:10CA20002D492E4A2E48882303F049FD2D4803F056
:10CA300046FD2A48882103F039FDEFF311872023B2
:10CA400083F31288BFF36F8F274802F001F960B9B2
:10CA5000264A27492248842303F031FD22492548EC
:10CA600003F02DFD84212148E5E71F4802F014F969
:10CA7000A368D3B1013B1C48A36002F0F7F868B982
:10CA80001A4A1D4916484FF4997303F018FD1649C8
:10CA90001A4803F014FD4FF49971E4E787F3118805
:10CAA000BFF36F8F002003B0F0BD56EA05030BD132
:10CAB0000D4802F0DBF80028E2D087F31188BFF3BD
:10CAC0006F8F6FF00F00EEE7CDE900652246394623
:10CAD000054801F037F9E6E75C6101003C610100BF
:10CAE000F73D01004A5E01003C160020F23F0100C4
:10CAF0004B400100604001001F4001003640010032
:10CB00002DE9F0410546EFF31188202787F31288BD
:10CB1000BFF36F8F314802F09BF8064660B9304A88
:10CB200030493148842303F0CAFC2C492F4803F0D4
:10CB3000C6FC84212A4819E0284802F0ADF80023F9
:10CB4000EFF3118287F31288BFF36F8F82F311889E
:10CB5000BFF36F8F62B92649264A2348BB2303F0EF
:10CB6000AEFC254803F0ABFC2248BB2103F09EFC41
:10CB70002C68A54210D07CB12046FFF7A9FE04F135
:10CB8000180002F0EFF96FF00A03C4F8B430204641
:10CB900001F002F83346D3E70022AA608BB90F48B0
:10CBA00002F064F898B90E4A14490F484FF499738B
:10CBB00003F085FC0949124803F081FC4FF4997198
:10CBC000B8E741460548BDE8F04106F03CBA88F3B5
:10CBD0001188BFF36F8FBDE8F08100BF3C160020C5
:10CBE000F23F01004B400100F73D010060400100B1
:10CBF0008C5F0100615F01004A5E01001F4001007F
:10CC0000364001002DE9FF41794E0446EFF31187CC
:10CC1000202383F31288BFF36F8F764802F018F851
:10CC200068B9754A75497648842303F048FC714910
:10CC3000744803F044FC84216F4803F037FC6D48CE
:10CC400002F02AF8D4F8BC50F5B9022104F1D4005E
:10CC500006F080F9002840D004F1CC050022012123
:10CC6000284601F045FE0028F8D1002302934FF03A
:10CC7000FF324FF0FF33CDE90023394604F1C402FF
:10CC80005C4801F093FEC1E7D4F8C0202B68C4F8DB
:10CC9000BC30954208BFC4F8C030D4F8D4305548F1
:10CCA00043F00203C4F8D430EB68D5F8048023F0D5
:10CCB000040343F00103EB6001F0D8FFF8B94E4ADA
:10CCC00051494F484FF4997303F0F9FB49494F48D4
:10CCD00003F0F5FB4FF49971AEE7D4F8D430DD06DC
:10CCE000C3D5C4F8D400434801F0C0FF0028E6D003
:10CCF00087F31188BFF36F8F04B0BDE8F08187F32D
:10CD00001188BFF36F8FB8F1000F0AD140493C483A
:10CD1000404A40F2F32303F0D2FB3E4840F2F321B5
:10CD20008BE72846C047EFF31187202383F312884F
:10CD3000BFF36F8F2F4801F08BFF00283FF471AFD6
:10CD40002C4801F0A9FFEB68D90623F0010236D484
:10CD5000EA60EB689A0716D5306823F00203EB60AF
:10CD600088B10368002270B141688D4235D10368F3
:10CD70006ABB72683360904200D17360002340F850
:10CD8000083BFFF7C5FDD4F8D43023F00203C4F804
:10CD9000D430DB0529D4D4F8BC50003D18BF0125A0
:10CDA000144801F063FF002889D087F31188BFF38E
:10CDB0006F8F002D3FF42AAF01F0BAFA26E723F077
:10CDC0001103EB6005F11000FFF7A2FDC1E713604E
:10CDD0007368984208BF7260D0E702461BB11968B9
:10CDE00018460B46BFE71946FAE70025D8E700BF0B
:10CDF0004016002048160020F23F01004B40010081
:10CE0000F73D0100604001001F4001003640010075
:10CE1000EB610100A9610100F8B5C3689A070446F7
:10CE20000E46C3F340054FD45F074FD40B680BB9D0
:10CE300083680B60E368D80736D5A3685BB92549DA
:10CE40002548264A40F2571303F039FB234840F2A5
:10CE5000571103F02BFB33600225376867B3204B73
:10CE60009A68D7F8B8309A4220D106F0A4F880F03A
:10CE70000100C0B2D7F8D430D907C3F380021ED561
:10CE800002B308B300232360D7F8C03083B9C7E9E1
:10CE90002F44384606F078F8E36843F00403E36073
:10CEA0003368A3602846F8BD0125D6E70020E1E7F6
:10CEB0001C60C7F8C040ECE76FF0150506E06FF0A6
:10CEC000120503E01B07DDD56FF00F05002333606B
:10CED000E8E700BFCA610100F73D0100A961010058
:10CEE0001416002073B50446EFF31185202383F355
:10CEF0001288BFF36F8F224801F0AAFE68B9214A59
:10CF000021492248842303F0DAFA1D49204803F01E
:10CF1000D6FA84211B4803F0C9FA194801F0BCFE77
:10CF200000230193D4E90423B3F1004F08BF012A81
:10CF300011D0134801F09AFEE0B9124A154913487E
:10CF40004FF4997303F0BBFA0D49134803F0B7FA95
:10CF50004FF49971DEE70321201FA4F1100605F0BC
:10CF6000F9FF0028E5D0A369019301A93046FFF736
:10CF700053FFDEE785F31188BFF36F8F02B070BDFA
:10CF800048160020F23F01004B400100F73D010030
:10CF9000604001001F4001003640010038B50D46D9
:10CFA000044648B90C490D4A0D489C2303F087FA02
:10CFB0009C210A4803F07AFA39B90A49074A084815
:10CFC0009D2303F07CFA9D21F3E71022002106F057
:10CFD00002F9656038BD00BF43620100A96101002C
:10CFE000F73D0100EB61010037B50C46019059B9DE
:10CFF0002849294A294840F27D1303F060FA40F29B
:10D000007D11254803F052FA4B684BB92449224A56
:10D0100022484FF4BF7303F052FA4FF4BF71F0E7A8
:10D02000EFF31185202383F31288BFF36F8F1D4820
:10D0300001F00EFE60B91C4A1C491848842303F015
:10D040003EFA18491A4803F03AFA84211648D9E7FB
:10D05000144801F021FE204601A9FFF7DDFE044639
:10D06000104801F003FE68B90F4A12490B484FF40B
:10D07000997303F024FA0B490F4803F020FA4FF498
:10D080009971E3E785F31188BFF36F8F204603B0F2
:10D0900030BD00BF43620100A9610100F73D0100FE
:10D0A000E561010048160020F23F01004B400100FD
:10D0B000604001001F400100364001000146014868
:10D0C00005F069BF900B0020F0B589B004460E9DB5
:10D0D00058B92F492F4A304840F2533303F0EFF943
:10D0E00040F253312B4803F0E1F949B92B49294A61
:10D0F00029484FF4557303F0E2F94FF45571F1E705
:10D10000D0F8D40010F0010009D02549214A224866
:10D1100040F2553303F0D3F940F25531E2E7C4E968
:10D120002F0004F1C400C4E9310004F1CC00C4E9CB
:10D13000330055B32879002840F2011008BF0120C0
:10D14000C4F8D40000204FF0FF364FF0FF37CDE990
:10D150000330CDE90100CDE90667124B009420466B
:10D1600000F030FB55B1296811B1204600F05CFA9F
:10D170006B791BB1A38943F00103A381204601F021
:10D1800021FAC4F8B84009B0F0BD0120D8E700BFCB
:10D1900036620100A9610100F73D01003C62010017
:10D1A0000262010005CC000038B50D46044658B9AE
:10D1B0000F49104A104840F20F4303F080F940F243
:10D1C0000F410C4803F072F949B90C49094A0A4861
:10D1D0004FF4826303F073F94FF48261F1E7302278
:10D1E000002105F0F8FF4FF480736560E36038BDFF
:10D1F00042620100A9610100F73D0100EB610100FD
:10D20000F7B50C46019016461D4658B93349344AC5
:10D21000344840F2864303F052F940F286413048E8
:10D2200003F044F949B930492D4A2E4840F287436A
:10D2300003F045F940F28741F1E7EFF3118720232E
:10D2400083F31288BFF36F8F284801F001FD60B9A6
:10D25000274A28492348842303F031F923492648E3
:10D2600003F02DF984212248DAE7204801F014FD6B
:10D27000E36813F01E0F27D155EA060216D12046A7
:10D2800001A9FFF7C9FD0446184801F0EFFCE8B911
:10D29000174A1A4913484FF4997303F010F91349C8
:10D2A000174803F00CF94FF49971DCE743F00803D9
:10D2B000E360019BA36204F11000124932462B4641
:10D2C00001F074FD0124DFE70024DDE787F3118816
:10D2D000BFF36F8F204603B0F0BD00BFD0610100E7
:10D2E000A9610100F73D01004262010048160020DB
:10D2F000F23F01004B400100604001001F4001006F
:10D3000036400100E5CE000001460148FFF778BF36
:10D31000900B0020F7B50C46019016461D4658B9F3
:10D320003249334A334840F2A94303F0C8F840F287
:10D33000A9412F4803F0BAF849B92F492C4A2D4882
:10D3400040F2AA4303F0BBF840F2AA41F1E7EFF341
:10D350001187202383F31288BFF36F8F274801F0D2
:10D3600077FC60B9264A27492248842303F0A7F8AE
:10D370002249254803F0A3F884212148DAE71F4811
:10D3800001F08AFC204605F0F0FD55EA060316D1AF
:10D39000204601A9FFF740FD0446184801F066FC4D
:10D3A000E0B9174A194913484FF4997303F087F805
:10D3B0001249174803F083F84FF49971DDE7E368E9
:10D3C000144943F00803E360019BA36204F11000D9
:10D3D00032462B4601F0EAFC0124DEE787F3118890
:10D3E000BFF36F8F204603B0F0BD00BFD0610100D6
:10D3F000A9610100F73D01004262010048160020CA
:10D40000F23F01004B400100604001001F4001005D
:10D4100036400100E5CE000001460148FFF77ABF23
:10D42000900B002008B583684BB90B490B480C4A98
:10D43000A42303F044F80A48A42103F037F8D0E904
:10D44000003213605A60027C0023C0E9003322F0EE
:10D4500002020274836008BDA45F0100F73D010071
:10D46000615F01002DE9F8430546EFF3118820279D
:10D4700087F31288BFF36F8F3A4801F0E9FB60B978
:10D48000394A3A493A48842303F019F8354939486A
:10D4900003F015F88421344818E0324801F0FCFB11
:10D4A000EFF3118387F31288BFF36F8F83F3118833
:10D4B000BFF36F8F63B93049304A2D48BB2302F068
:10D4C000FEFF2F4802F0FBFF2C48BB2102F0EEFFCD
:10D4D0002C68A54227D034B32046FFF7A3FF04F100
:10D4E000180001F03FFD0026B146C4F8B490204674
:10D4F00000F052FB0136EFF3118387F31288BFF37C
:10D500006F8F83F31188BFF36F8F002BD3D02C68FC
:10D51000A54222D00CB32046FFF784FF04F1180087
:10D5200001F020FDE1E70F4801F0A0FB68B90E4AC9
:10D5300014490F484FF4997302F0C1FF094912488A
:10D5400002F0BDFF4FF49971A5E788F31188BFF38E
:10D550006F8F00263046BDE8F8830248414605F04B
:10D5600072FDF7E74C160020F23F01004B4001002E
:10D57000F73D0100604001008C5F0100615F010028
:10D580004A5E01001F400100364001002DE9F341D1
:10D590001C4652EA040307460D46164608D10846C3
:10D5A000FEF77CFF6FF00A04204602B0BDE8F08170
:10D5B000EFF31188202383F31288BFF36F8F154890
:10D5C00001F046FB68B9144A14491548842302F057
:10D5D00076FF1049134802F072FF0F48842102F0D1
:10D5E00065FF0C4801F058FB2846FEF757FFCDE9D0
:10D5F000006408483A46414600F0A4FB044600286F
:10D60000D2D14FF0FF324FF0FF332846FEF77EFEB7
:10D61000CAE700BF4C160020F23F01004B4001005A
:10D62000F73D01006040010010B5044608B9054B04
:10D630009C681F2204F17C0005F0D5FD002084F8D1
:10D640009B0010BD141600202DE9F04F85B0044654
:10D65000119EDDF838B0DDF84C800F2E0F4699464C
:10D660004CD14C498B424DD104F15801A673D61DC3
:10D67000C4E9161126F007061299A181002507EBCF
:10D68000060A04212174C4E906555146A560E573D4
:10D690002046F5F793FF0730109B20F00700C4E900
:10D6A0002776C4F8A40002930F9BAAEB0006CDE9ED
:10D6B00000B332464B4639462046F6F7E9FA0F9B4F
:10D6C0002367109B6565C4E91A9B6367EFF31189B3
:10D6D000202383F31288BFF36F8F2F4801F0B8FA2D
:10D6E00018BB2E4A2E492F48842302F0E8FE2A490F
:10D6F0002D4802F0E4FE8421284814E006F11001D0
:10D700001E29B1D9294A2A49264840F24B2302F062
:10D71000D6FE284831466FF00F030E2202F0CFFEEE
:10D72000224840F24B2102F0C1FE234F1A4801F07B
:10D73000B3FA3B6A1848A3673C6201F097FA68B9EC
:10D74000164A1E4917484FF4997302F0B8FE124961
:10D750001B4802F0B4FE4FF49971CDE789F31188AC
:10D76000BFF36F8FB8F1000F11D01F22414604F1B3
:10D770007C0005F038FD84F89B50BB680BB1D3F8F2
:10D78000A830C4F8A830304605B0BDE8F08F84F862
:10D790007C80F2E7E1BE00005C160020F23F010051
:10D7A0004B400100F73D010060400100576201005D
:10D7B0007A620100FA620100141600201F40010085
:10D7C00036400100F0B587B0DDE912760446EFF38C
:10D7D000058575B119491A4A1A4840F2173302F003
:10D7E0006EFE194802F06BFE154840F2173102F048
:10D7F0005DFE0595109D04950F9D03950E9D029568
:10D800000D9D01950C9D0095FFF71EFFB6F1FF3FA2
:10D8100008BFB7F1FF3F05D056EA070305D1204600
:10D8200000F0D0FE204607B0F0BD3A46334604F182
:10D830001800064901F0BAFAF4E700BFEE600100F3
:10D8400057620100F73D01002B630100B5DC0000C9
:10D85000012310B5037483810023C0E927330446F4
:10D8600002F034F8014B9C6010BD00BF141600207C
:10D8700070B590F91020037C002A49DBD90647D106
:10D8800063F07F030374264B984209D1254926484B
:10D89000264A522302F013FE2448522102F006FECB
:10D8A000234C2246E16952F8183F934207D1C0E960
:10D8B00000210860E0610FE08B42F8D01B68002B6C
:10D8C000F5D093F90E6090F90E50AE42F4DD596830
:10D8D000C0E9003108605860A569954200D005B9DB
:10D8E000E568A3685BB91349134A0F48EA2302F0BD
:10D8F000E6FD124802F0E3FD0F48EA21CEE71A7C6C
:10D90000D20606D1DA897F2A03D9AA690AB96361E6
:10D9100070BDAB4202D0284601F014F96561F7E70B
:10D920004809002072630100F73D010050630100C7
:10D9300014160020BF630100936301004A5E0100DA
:10D9400038B590F91020037C002A01461BDA224AE0
:10D9500003F07F039042037409D12049204A2148F3
:10D960005A2302F0ACFD5A211D4802F09FFDDC074E
:10D9700007D51D491A4A1B485B2302F0A0FD5B2115
:10D98000F2E705F01EFB194D2A46AB6852F8184F16
:10D99000944200D004B9EC688B4214D05BB91449AE
:10D9A000144A1048EA2302F08AFD134802F087FD6A
:10D9B0001048EA21D9E71A7CD20604D1DA897F2AF5
:10D9C00001D9A2692AB1A34202D0204601F0BAF8D7
:10D9D00023466B6138BD00BF480900207263010017
:10D9E00050630100F73D0100E663010014160020BA
:10D9F000BF630100936301004A5E010008B5144A49
:10DA0000936880B1197C11F0090F0CD11149124AA9
:10DA10001248D92302F053FD114802F050FD0E4880
:10DA2000D92102F043FD6FF00A01C3F8B4100D498B
:10DA3000C3F8B0004B6843F080534B60002383F37E
:10DA40001188BFF36F8F9368D3F8B40008BD00BF8F
:10DA50001416002029640100FF630100F73D010056
:10DA60009264010000ED00E070B504460D46F9B97E
:10DA7000EFF30586E6B91A4B5A699B689A4217D0AC
:10DA800001F0F4F878B9174A1749184840F26D13B5
:10DA900002F015FD2146164802F011FD40F26D110D
:10DAA000104802F003FD3046BDE87040FFF7A6BF06
:10DAB000204601F0DBF868B90A4A0B490B484FF4DD
:10DAC000997302F0FCFC2146094802F0F8FC4FF47F
:10DAD0009971E5E785F31188BFF36F8F70BD00BFC3
:10DAE00014160020F23F01001F400100F73D010025
:10DAF0003640010008B583684BB9094909480A4A0C
:10DB0000A42302F0DCFC0848A42102F0CFFC05F0BD
:10DB100058FA037C23F0020303740023836008BDDA
:10DB2000A45F0100F73D0100615F010038B5184CAA
:10DB3000A168E0690B68814214BF1A460022496857
:10DB40000B605960A368E1692AB9124AC3E9002150
:10DB50000B60E3610AE092F90E5093F90E008542E2
:10DB600012DD5168C3E900210B605360A569094BC0
:10DB70009D4200D005B9E568A3689D4202D02846C1
:10DB800000F0E0FF656138BD8A42DED01268DBE755
:10DB9000141600202C16002038B50446EFF311852A
:10DBA000202383F31288BFF36F8F174801F050F8DA
:10DBB00068B9164A16491748842302F080FC1249B6
:10DBC000154802F07CFC8421104802F06FFC0E48DE
:10DBD00001F062F82046FFF74BFE0B4801F046F8D3
:10DBE00068B90A4A0D490B484FF4997302F067FC73
:10DBF00005490B4802F063FC4FF49971E4E785F3A3
:10DC00001188BFF36F8F38BD50160020F23F01001E
:10DC10004B400100F73D0100604001001F40010042
:10DC20003640010038B50446EFF31185202383F315
:10DC30001288BFF36F8F184801F00AF868B9174AC5
:10DC400017491848842302F03AFC1349164802F099
:10DC500036FC8421114802F029FC0F4801F01CF821
:10DC6000A36813B12046FFF745FF0B4800F0FEFF05
:10DC700068B90A4A0D490B484FF4997302F01FFC2A
:10DC800005490B4802F01BFC4FF49971E2E785F35C
:10DC90001188BFF36F8F38BD50160020F23F01008E
:10DCA0004B400100F73D0100604001001F400100B2
:10DCB0003640010038B5A0F11804EFF31185202398
:10DCC00083F31288BFF36F8F174800F0C1FF68B964
:10DCD000164A17491748842302F0F1FB12491648E7
:10DCE00002F0EDFB8421114802F0E0FB0E4800F049
:10DCF000D3FF204605F093F90B4800F0B7FF68B951
:10DD00000A4A0E490B484FF4997302F0D8FB0649B2
:10DD10000B4802F0D4FB4FF49971E4E785F31188C6
:10DD2000BFF36F8F38BD00BF50160020F23F0100D7
:10DD30004B400100F73D0100604001001F40010021
:10DD4000364001002DE9F047DFF8D4A0354D364BC1
:10DD50001746A842DAF808201A60DDE90898044658
:10DD60000E460BD131493248324A40F2B92302F013
:10DD7000A6FB304840F2B92102F098FBEFF3118383
:10DD8000202383F31288BFF36F8F284600F060FFD3
:10DD900060B9294A29492648842302F090FB294684
:10DDA000274802F08CFB84212348E5E7284600F051
:10DDB00073FFDAF808503946284605F00AF9B8F139
:10DDC000FF3F08BFB9F1FF3F06D01E494A46434610
:10DDD00005F1180000F0EAFF204600F047FF68B99F
:10DDE0001949154A124840F26D1302F068FB2146AA
:10DDF000164802F064FB40F26D11D5E7094800F0C7
:10DE000035FF40B910490C4A094840F26D1302F041
:10DE100056FB0449ECE73046BDE8F047FFF7EEBD9E
:10DE2000141600205016002054160020BA64010079
:10DE3000F73D010050630100F23F01004B4001003B
:10DE400060400100B5DC00001F40010036400100C9
:10DE500070B50546EFF31186202383F31288BFF3D4
:10DE60006F8F1B4800F0F4FE68B91A4A1A491B4824
:10DE7000842302F024FB1649194802F020FB842178
:10DE8000144802F013FB124800F006FF2C68A5426C
:10DE900015D014B12046FFF72DFE0D4800F0E6FE28
:10DEA00078B90C4A0F490D484FF4997302F007FBFB
:10DEB00007490D4802F003FB4FF49971E0E7002495
:10DEC000EBE786F31188BFF36F8F204670BD00BF6C
:10DED00050160020F23F01004B400100F73D0100C9
:10DEE000604001001F400100364001002DE9F04173
:10DEF00004460D46EFF31187202383F31288BFF306
:10DF00006F8F594800F0A4FE60B9584A58495948E3
:10DF1000842302F0D4FA5449574802F0D0FA8421FD
:10DF2000524818E0504800F0B7FE237C03F01F026F
:10DF3000002A0CBF0126002662D103F07F03237460
:10DF40004E4B9C4209D14E494E4A4A485A2302F050
:10DF5000B6FA5A214B4802F0A9FA204605F031F8EA
:10DF6000237C43F080036DB2DA07A573237407D5D1
:10DF70004549444A3F48532302F0A1FA5321E9E7B7
:10DF8000DFF808814246D8F81C1052F8183F934237
:10DF900008D1C4E900210C60C8F81C400DE08B4298
:10DFA000F7D01B68002BF4D093F90E00A842F6DDE1
:10DFB0005968C4E900310C605C60D8F8184094429C
:10DFC00000D00CB9D8F80C40D8F808309C4202D0E8
:10DFD000204600F0B7FDC8F81440234800F046FE84
:10DFE00000283AD1214A2A4922484FF4997302F075
:10DFF00066FA1D49274802F062FA4FF499718FE7DB
:10E000009B0728D5A16841B923491A48234AA4236C
:10E0100002F055FA2148A4219DE720466DB204F094
:10E02000D0FFA5730B68994209D14B68C4E900136E
:10E030001C604C60D1E74A689342F6D01B68002B05
:10E04000F3D093F90E20AA42F5DD5A68C4E90032F4
:10E0500014605C60C1E7A573BFE787F31188BFF365
:10E060006F8F3046BDE8F08150160020F23F01006E
:10E070004B400100F73D01006040010048090020CD
:10E080007263010050630100E66301001416002072
:10E090001F40010036400100A45F0100615F0100E4
:10E0A000034648B9EFF3058232B9064A51699268CE
:10E0B000914201D0FFF7A2BC83F31188BFF36F8FA9
:10E0C000704700BF1416002010B5EFF31184202311
:10E0D00083F31288BFF36F8F284800F0B9FD60B951
:10E0E000274A28492848842302F0E9F92349274888
:10E0F00002F0E5F98421224812E0204800F0CCFD2E
:10E10000EFF3058373B12249224A1F4840F23B33A3
:10E1100002F0D5F9204802F0D2F940F23B311D4817
:10E1200002F0C4F91D4B9A68D37B012B0CD11C491A
:10E13000184A15484FF44F7302F0C1F9164802F01F
:10E14000BEF94FF44F71EAE7013BD3730B4800F07F
:10E150008DFD68B90A4A13490B484FF4997302F0D0
:10E16000AEF90649104802F0AAF94FF49971C2E7D6
:10E1700084F31188BFF36F8F10BD00BF50160020CD
:10E18000F23F01004B400100F73D010060400100FB
:10E19000EE600100506301004A5E01001416002089
:10E1A000F36401001F4001003640010070B5EFF339
:10E1B0001186202383F31288BFF36F8F2A4800F063
:10E1C00047FD68B9294A2A492A48842302F077F989
:10E1D0002549294802F073F92448842102F066F9A0
:10E1E000264D214800F058FDAB68DA7B6AB9244916
:10E1F000244A204840F24D3302F061F9224802F0EF
:10E200005EF940F24D311F48E8E7EFF3058161B157
:10E210001E491C4A174840F24E3302F050F91A4882
:10E2200002F04DF940F24E31EDE70132DA732A4641
:10E2300052F8184F944200D004B9EC681A7CD20608
:10E2400004D1DA897F2A01D9A2692AB1A34202D076
:10E25000204600F077FC23466B6131460248BDE85A
:10E260007040FFF701BC00BF50160020F23F0100D4
:10E270004B400100F73D01006040010014160020F2
:10E2800024650100506301004A5E0100EE60010058
:10E2900038B50446EFF31185202383F31288BFF3CA
:10E2A0006F8F184800F0D4FC68B9174A174918480E
:10E2B000842302F004F91349164802F000F984217E
:10E2C000114802F0F3F80F4800F0E6FC204604F095
:10E2D000BCFE04460B4800F0C9FC68B90A4A0E4966
:10E2E0000B484FF4997302F0EAF806490B4802F024
:10E2F000E6F84FF49971E3E785F31188BFF36F8F68
:10E30000204638BD50160020F23F01004B4001006E
:10E31000F73D0100604001001F4001003640010050
:10E32000024B03F11802C3E90622704714160020BD
:10E3300070B5EFF3058373B13849394A39484FF462
:10E34000906302F0BCF8384802F0B9F834484FF452
:10E35000906102F0ABF8EFF31186202383F312886B
:10E36000BFF36F8F314800F073FC60B9304A314918
:10E370002C48842302F0A3F82C492F4802F09FF880
:10E3800084212B48E5E72D4C284800F085FCA16846
:10E39000E0690B68814214BF1A46002249680B608D
:10E3A0005960A368E1692AB9254AC3E900210B60D5
:10E3B000E3610AE092F90E5093F90E00854223DDE5
:10E3C0005168C3E900210B605360A5691C4B9D4255
:10E3D00000D005B9E568A3689D4202D0284600F048
:10E3E000B1FB1248656100F041FC88B9104A15493B
:10E3F0000C4840F26D1302F062F80C49124802F02A
:10E400005EF840F26D11BCE78A42CDD01268CAE7CF
:10E410003046BDE87040FFF7F1BA00BFEE60010082
:10E4200050630100F73D01004A5E010050160020D4
:10E43000F23F01004B400100604001001416002033
:10E440002C1600201F400100364001002DE9F0414C
:10E4500006460C46EFF3058777B13449344A354810
:10E460004FF4936302F02BF8334802F028F8304859
:10E470004FF4936102F01AF850EA010304D1FFF758
:10E4800057FF0020BDE8F081EFF31188202383F3CC
:10E490001288BFF36F8F294800F0DAFB60B9284A71
:10E4A00028492448842302F00AF82449264802F027
:10E4B00006F884212248DDE7244D204800F0ECFBDB
:10E4C000234BA8681860FFF73BFAA8682149234648
:10E4D0003246183000F06AFCAA68137C43F004034B
:10E4E00004461374154800F0C1FB68B9144A1A4970
:10E4F000104840F26D1301F0E2FF1049174801F097
:10E50000DEFF40F26D11D5E74046FFF777FAAB68C2
:10E51000D3E90A23B3F1004F08BFBA42B1D104F0E6
:10E52000C3FD201A20EAE070ACE700BFEE600100F6
:10E5300050630100F73D01004A5E010050160020C3
:10E54000F23F01004B400100604001001416002022
:10E5500054160020B5DC00001F40010036400100C9
:10E5600070B506460D46EFF3058474B11149124AA1
:10E57000124840F2C64301F0A2FF114801F09FFF8C
:10E580000D4840F2C64101F091FFFFF75FFFB5F182
:10E59000FF3F08BFB6F1FF3F1FBF47F6FF734FF4C1
:10E5A0007A72E0FB0234D80B14BF40EA44404FF0CB
:10E5B000FF3070BDEE60010050630100F73D0100C7
:10E5C0004A5E010038B50446EFF31185202383F33A
:10E5D0001288BFF36F8F204800F03AFB68B91F4ADA
:10E5E0001F492048842301F06AFF1B491E4801F09F
:10E5F00066FF8421194801F059FF174800F04CFBD1
:10E60000237C5B0710D504F1180000F0ABFC237CE1
:10E6100023F0040320462374FFF72AF929460E4805
:10E62000BDE83840FFF720BA0B4800F01FFB68B97F
:10E630000A4A0E490B484FF4997301F040FF06490E
:10E640000B4801F03CFF4FF49971D3E785F3118833
:10E65000BFF36F8F38BD00BF50160020F23F01009E
:10E660004B400100F73D0100604001001F400100E8
:10E6700036400100014B9868704700BF1416002017
:10E680002DE9F84304468789EFF31185202383F3AE
:10E690001288BFF36F8F844800F0DAFA68B9834AB2
:10E6A00083498448842301F00AFF7F49824801F0AE
:10E6B00006FF84217D4801F0F9FE7B4800F0ECFA6A
:10E6C000237C180717D5784800F0D0FA68B9774A44
:10E6D0007A4978484FF4997301F0F1FE724978480D
:10E6E00001F0EDFE4FF49971E4E785F31188BFF373
:10E6F0006F8FBDE8F883D90943F0080240F08680A7
:10E700002274A36813B12046FFF7F4F904F118004E
:10E7100000F028FCA66D04F15808B04511D04FF068
:10E72000000976B13046FFF7E5F906F1180000F070
:10E7300019FCC6F8B4903046FFF79AF8A66DB045BC
:10E74000EFD1DFF88081D8F808309C427DD1EFF31B
:10E750000589B9F1000918BF4FF00109D8F8186010
:10E76000594A964200D00EB9D8F80C60B34202D094
:10E77000304600F0E7F92046C8F8146001F091FF38
:10E78000204600F091FAB9F1000F02D04F48FFF790
:10E790005FF8D8F808309C426AD1EFF30586002E66
:10E7A00066D1A389DA071FD53F4800F05FFA002839
:10E7B0008DD085F31188BFF36F8F86F31188BFF377
:10E7C0006F8F0423184602DFEFF31185202383F3B4
:10E7D0001288BFF36F8F344800F03AFA00283FF4F4
:10E7E0005EAF314800F058FA2F4800F03FFA78BB8E
:10E7F0002E4A32492F4840F26D1301F060FE2A493B
:10E800002F4801F05CFE40F26D1153E7304A03F0EF
:10E810007F0343F008039442237408D12D492E4A04
:10E8200024485A2301F04BFE5A212B4843E7D907CD
:10E8300007D52A49284A1F485B2301F040FE5B2187
:10E84000F3E7204604F0BDFB5BE74FF0000985E7E6
:10E850002846FFF7D3F822491F4A16484FF4EE73B3
:10E8600001F02DFE1F4801F02AFE4FF4EE71DCE7A7
:10E870000D4800F0FBF900283FF429AF85F311881B
:10E88000BFF36F8FFB077FF534AF134A1649094872
:10E8900040F2A25301F013FE2146144801F00FFE8E
:10E8A00040F2A251C1E700BF50160020F23F010024
:10E8B0004B400100F73D0100604001001F40010096
:10E8C00036400100141600202C160020B80A002043
:10E8D000480900207263010050630100E6630100F3
:10E8E0005565010060650100826501008D650100CC
:10E8F0002DE9F843064688461746EFF31189202391
:10E9000083F31288BFF36F8F214800F0A1F9054609
:10E9100068B9204A20492148842301F0D0FD1C49D0
:10E920001F4801F0CCFD84211A4801F0BFFD1848B2
:10E9300000F0B2F93468A6421FD004B32046C4F8F0
:10E94000B4806761FFF7D6F804F1180000F00AFB05
:10E950002046FEF78DFF0E4800F088F988B90D4A71
:10E9600010490E484FF4997301F0A9FD08490E486B
:10E9700001F0A5FD4FF49971D6E70025EBE7254698
:10E98000E9E789F31188BFF36F8F2846BDE8F88364
:10E9900050160020F23F01004B400100F73D0100FE
:10E9A000604001001F40010036400100D3B5DDE9A1
:10E9B0000667089CCDE90067FFF7C4F91CB1034B5B
:10E9C0009B685B69236002B0D0BD00BF14160020B5
:10E9D0002DE9F0470546884616461F46EFF3118994
:10E9E000202383F31288BFF36F8F284800F030F99B
:10E9F00068B9274A27492848842301F060FD234944
:10EA0000264801F05CFD8421214801F04FFD1F489C
:10EA100000F042F92868854208D038B16B68984206
:10EA200014BFD0F800A04FF0000AB0B9002416B10E
:10EA300039462046B047154800F018F9F8B9144A8D
:10EA4000174915484FF4997301F039FD0F491548DE
:10EA500001F035FD4FF49971D6E73946C0470446B9
:10EA60000028E4D1BAF1000F07D06B68534501D0FC
:10EA7000DAF800405046A246D7E75446FAE789F351
:10EA80001188BFF36F8F2046BDE8F0875016002035
:10EA9000F23F01004B400100F73D010060400100E2
:10EAA0001F40010036400100027C12F01F020346A5
:10EAB00010D10A4988420DD00949086868B1D9893E
:10EAC0007F2909D893F90E20064B1B689A42B8BFDC
:10EAD000002070470020704710467047480900200A
:10EAE0009C0400205816002008B568B10F4B9842CE
:10EAF0000AD303F11802904206D2C01A1822B0FBC2
:10EB0000F2F302FB13034BB109490A480A4A3F23B7
:10EB100001F0D5FC08483F2101F0C8FC074BC010AC
:10EB20005843074B01221A5408BD00BF700B002048
:10EB3000D3650100F73D0100AB650100ABAAAAAAAD
:10EB4000AE16002070B50C4B0C4D1E7CFFF7ACFFD1
:10EB5000182303FB06550446284600F003FA084B29
:10EB600000229A553CB1621E28460649BDE8704015
:10EB7000D31700F01BB970BD14160020700B0020D5
:10EB8000AE160020E9EA000038B5EFF31185202326
:10EB900083F31288BFF36F8F234800F059F868B9E8
:10EBA000224A23492348842301F089FC1E49224834
:10EBB00001F085FC84211D4801F078FC1A4800F022
:10EBC0006BF81E4B1E4A9C681068A04213D1FFF7D9
:10EBD000B9FF154800F04AF800BB144A1949154816
:10EBE0004FF4997301F06BFC0F49174801F067FC73
:10EBF0004FF49971DFE700211B7C1160134AD35C4D
:10EC0000002BE6D02046FFF74FFF0028E1D0237C01
:10EC1000DB0601D1FEF78AFF2046D8E785F311888D
:10EC2000BFF36F8F38BD00BF50160020F23F0100C8
:10EC30004B400100F73D0100604001001416002028
:10EC4000541600201F40010036400100AE1600207F
:10EC5000006838B1044B1B7C00F00300C01A18BFD9
:10EC6000012070470120704714160020002302681D
:10EC70000360EFF30581074B986811B1017CC90768
:10EC800005D41B7C1843831A584258417047012011
:10EC9000704700BF14160020024B1A7C9B68134378
:10ECA000036070471416002038B50446EFF3118551
:10ECB000202383F31288BFF36F8F1D48FFF7C8FF2F
:10ECC00068B91C4A1C491D48842301F0F8FB184907
:10ECD0001B4801F0F4FB8421164801F0E7FB1448BF
:10ECE000FFF7DAFF174A136AA34214D19B6F13622E
:10ECF0000F48FFF7BBFFB0B90E4A13490F484FF456
:10ED0000997301F0DCFB0A49104801F0D8FB4FF47D
:10ED10009971E1E71346002BEAD09A6FA242F9D12C
:10ED2000A26F9A67E4E785F31188BFF36F8F38BD50
:10ED30005C160020F23F01004B400100F73D01004E
:10ED400060400100141600201F4001003640010001
:10ED5000024B1868984208BF00207047A0040020AA
:10ED6000034B1B680BB9FAF73BBA0020704700BF92
:10ED70006016002030B570B10B4B5B6898420AD02A
:10ED8000036843B1D3E90421D0E90445121941EBEA
:10ED90000501C3E90421D0E9003213605A60002361
:10EDA000C0E9003330BD00BFA0040020B3F1FF3F35
:10EDB00008BFB2F1FF3F2DE9F84F04469B461546C8
:10EDC0001F4600F0B280D0F80090B9F1000F0CD0CF
:10EDD0005749584A5848642301F071FB574801F0DD
:10EDE0006EFB5448642101F061FB8160EFF31188F0
:10EDF000202383F31288BFF36F8F5148FFF728FF5A
:10EE0000824660B94F4A50494B48842301F057FB72
:10EE10004B494E4801F053FB84214A48E3E74848F8
:10EE2000FFF73AFFBBF1000F494A1FDBFFF798FFDE
:10EE3000474A0135D2E900174BF1000B2D184BEB77
:10EE4000E073C4E904536D18064643EB0707FFF768
:10EE50007FFFDFF800E1DEF804900346EBB9C4E978
:10EE600000E9C9F80040CEF8044028E0D2E90012D9
:10EE70006FF001035B1A4FF0FF3161EB02025B1B85
:10EE800062EB0B02012B72F10001BCBF01234A4669
:10EE9000C4E904324FF0000AD9E7D3E9041CD4E9ED
:10EEA00004208A4270EB0C0B2EDA891A5A686CEB3C
:10EEB0000000C3E90410C4E9003214605C60FFF78D
:10EEC00047FF84420ED1244B1B685BB9BAF1000F97
:10EED00002D1FFF745FF0646304604F0CEF8002188
:10EEE000FAF758F91648FFF7C1FEB0B9154A1B49A1
:10EEF00011484FF4997301F0E2FA1149184801F0F2
:10EF0000DEFA4FF4997188E7521A60EB0C004B451A
:10EF1000C4E90420A3D01B68A0E788F31188BFF3DD
:10EF20006F8F28463946BDE8F88F00252F46F8E751
:10EF3000FE670100DA670100F73D01004A5E01004B
:10EF400064160020F23F01004B40010060400100C8
:10EF5000880B0020A0040020601600201F40010044
:10EF60003640010070B50446EFF31186202383F389
:10EF70001288BFF36F8F2A48FFF76AFE68B9294AE3
:10EF800029492A48842301F09AFA2549284801F0A2
:10EF900096FA8421234801F089FA2148FFF77CFE84
:10EFA00023683BB3FFF7D4FE05462046FFF7E2FE99
:10EFB00000224FF00043A542C4E9042312D00024EC
:10EFC0001748FFF753FE20BB164A1A4917484FF45B
:10EFD000997301F074FA1249174801F070FA4FF46E
:10EFE0009971D7E7FFF7BCFE04F047F80021FAF764
:10EFF000D1F8E4E7D4E90423B3F1004F08BF012AB4
:10F0000004D100224FF00043C4E904236FF015043B
:10F01000D6E786F31188BFF36F8F204670BD00BF1F
:10F0200064160020F23F01004B400100F73D010053
:10F03000604001001F400100364001002DE9F0470B
:10F04000DFF80891DFF808A1C9F800000246FFF7D1
:10F050007FFE8846044600260027DAE900134FEABF
:10F06000E27C54B1D4E90450AA427CEB000E1FDAD2
:10F07000AD1A60EB0C00C4E9045052184FF00004C4
:10F0800043EB0C032046CAE90023C9F8004003F013
:10F09000F4FF2146FAF77EF82E48FFF7E7FDD0B1DE
:10F0A00088F31188BFF36F8FBDE8F047FFF76CBDA1
:10F0B000691843EBE5732046C4E90467CAE9001305
:10F0C000FFF758FE01224FF00043C4E90423214812
:10F0D000FFF7CCFD78B9204A204921484FF49973B5
:10F0E00001F0EDF91B491F4801F0E9F94FF499715E
:10F0F000194801F0DBF988F31188BFF36F8FA3681B
:10F1000020469847EFF31188202383F31288BFF33A
:10F110006F8F1048FFF79CFD58B90F4A12491048ED
:10F12000842301F0CCF90B49104801F0C8F984217F
:10F13000DEE70848FFF7B0FDD9F80020521BC9F8F8
:10F140000020FFF705FE044687E700BF6016002099
:10F15000880B002064160020F23F01001F400100D0
:10F16000F73D0100364001004B40010060400100C6
:10F1700010B5EFF31184202383F31288BFF36F8F50
:10F180000B48FFF765FD68B90A4A0B490B48842311
:10F1900001F095F906490A4801F091F905488421E2
:10F1A00001F084F90248FFF777FD204610BD00BF4B
:10F1B00064160020F23F01004B400100F73D0100C2
:10F1C0006040010070B5EFF31186202383F31288AD
:10F1D000BFF36F8F1A48FFF73BFD68B9194A1A4908
:10F1E0001A48842301F06BF91549194801F067F9B1
:10F1F0008421144801F05AF91148FFF74DFDFFF73B
:10F20000AFFD144AD2E90045041945EBE0750C48FE
:10F21000FFF72CFD68B90B4A0F490C484FF499735E
:10F2200001F04DF906490D4801F049F94FF4997183
:10F23000DFE786F31188BFF36F8F2046294670BD44
:10F2400064160020F23F01004B400100F73D010031
:10F2500060400100880B00201F4001003640010083
:10F26000F8B50446EFF31187202383F31288BFF328
:10F270006F8F5B48FFF7ECFC68B95A4A5A495B4804
:10F28000842301F01CF95649594801F018F98421EA
:10F29000544801F00BF95248FFF7FEFCD4E904236F
:10F2A000B3F1004F08BF012A13D04D48FFF7DEFC31
:10F2B000002840F08F804B4A4E494C484FF49973D8
:10F2C00001F0FDF846494C4801F0F9F84FF4997106
:10F2D000DEE7D4E90A566A1C46F10003022A73F1FC
:10F2E000000334D3013D46F1FF36002EBCBF00259C
:10F2F0002E4603F0DDFE013041F10001401946EBDE
:10F300000101012871F100015BDB03F0D1FE013046
:10F3100041F100016FF00203401946EB0101834205
:10F320006FF000438B4151DB03F0C2FE013041F12D
:10F3300000016FF00102401946EB0103121A4FF071
:10F34000FF3161EB03032D492046FFF72FFD236BAF
:10F35000256A01332363D5B12148FFF787FC0028D4
:10F36000A9D087F31188BFF36F8F2046A847EFF32A
:10F370001187202383F31288BFF36F8F1848FFF79C
:10F3800067FC00283FF479AF1548FFF785FC54F877
:10F39000185FA54289D0002D87D02846FEF742FC91
:10F3A00000230F48C5F8B430FFF760FC002882D076
:10F3B00087F31188BFF36F8F2846BDE8F840FEF74A
:10F3C000EBBB6FF001024FF0FF33BCE700224FF0C0
:10F3D0000043B8E787F31188BFF36F8FF8BD00BF14
:10F3E00068160020F23F01004B400100F73D01008C
:10F3F000604001001F4001003640010061F2000042
:10F400002DE9F843064614461D4691469846EFF30B
:10F410001187202383F31288BFF36F8F2748FFF7EC
:10F4200017FC68B9264A27492748842301F047F882
:10F430002249264801F043F88421214801F036F89A
:10F440001E48FFF729FCB5F1FF3F08BFB4F1FF3FAD
:10F4500011D11A48FFF70AFC50BB194A1C491A4837
:10F460004FF4997301F02BF814491A4801F027F86A
:10F470004FF49971E1E7002D0ADB012C75F10003CF
:10F480002246BCBF0122002512F1FF3945F1FF38A9
:10F490003046FFF767FDDDE90823C6E90A230023AC
:10F4A00033634A46434630460B49FFF77FFCD0E7BB
:10F4B00087F31188BFF36F8FBDE8F88368160020CB
:10F4C000F23F01004B400100F73D010060400100A8
:10F4D0001F4001003640010061F2000070B5054692
:10F4E000EFF31184202686F31288BFF36F8F2D4827
:10F4F000FFF7AEFB68B92C4A2C492D48842300F055
:10F50000DEFF28492B4800F0DAFF8421264800F06E
:10F51000CDFF2448FFF7C0FB2846FFF723FD90B13D
:10F520002048FFF7A3FB002837D11F4A2249204873
:10F530004FF4997300F0C3FF1A49204800F0BFFF51
:10F540004FF49971E2E76B6ACBB11648FFF78EFB77
:10F550000028EAD084F31188BFF36F8F6B6A2846C6
:10F560009847EFF3118486F31288BFF36F8F0D482D
:10F57000FFF76EFB0028BED00A48FFF78DFB05F1B0
:10F580001800FEF765FC0028CAD0FEF705FB2146EF
:10F590000448BDE8704003F056BD84F31188BFF302
:10F5A0006F8F70BD68160020F23F01004B400100D4
:10F5B000F73D0100604001001F400100364001009E
:10F5C0002DE9F74305460C46914600F10C06EFF392
:10F5D0001188202383F31288BFF36F8F3046FFF723
:10F5E00037FB68B9164A17491748842300F067FFAC
:10F5F0001648314600F063FF1148842100F056FFA1
:10F600003046FFF749FBAB6811495C4004EA090248
:10F6100003EA09075340009300226B4628460192F3
:10F62000FFF7D6F9DDE9003223EA02033046AB608A
:10F63000414603F008FD384603B0BDE8F08300BF43
:10F64000F23F01004B400100F73D01006040010026
:10F65000593101002DE9F04F85B088460546DDE9B6
:10F660000E1B1746EFF305838BB151EA0B030ED047
:10F670004049414A414840F2211300F020FF4048F0
:10F6800000F01DFF3C4840F2211100F00FFF0291F5
:10F69000B8F1000F56D007F001030393FEF7EAFF1D
:10F6A00005F10C048146EFF3118A202383F31288BD
:10F6B000BFF36F8F2046FFF7CBFA029960B9314A4A
:10F6C00031492E48842300F0FAFE21462F4800F0ED
:10F6D000F6FE84212B48D8E720460291FFF7DCFA9A
:10F6E00017F0020F1CBF0023AB60AB68029907F054
:10F6F000010203EA0806BAB1B04517D17A0744BF40
:10F70000B343AB602046FFF7B1FAE8B91D4A204980
:10F710001A484FF4997300F0D2FE21461D4800F0BC
:10F72000CEFE4FF49971D5E7002EE7D151EA0B03D5
:10F7300012D12046FFF79AFA0028E7D08AF3118801
:10F74000BFF36F8F002603E08AF31188BFF36F8F3A
:10F75000304605B0BDE8F08FC9E918872A46CDE9E3
:10F76000001B20465146FEF7EDFA0028EAD1D9F8F1
:10F770006060EDE75C6101001E680100F73D01007B
:10F780004A5E0100F23F01004B4001006040010071
:10F790001F400100364001002DE9F84F4F1E0F4277
:10F7A00006460D469A460BD02F49304A304818235A
:10F7B00000F085FE2F4800F082FE18212B481CE047
:10F7C000141D4DD241F0040B00F11408EFF3118920
:10F7D000202383F31288BFF36F8F4046FFF738FA78
:10F7E00068B9254A25492248842300F068FE41462D
:10F7F000234800F064FE84211F4800F057FE404675
:10F80000FFF74AFA224659463046D047044640465A
:10F81000FFF72CFA68B9184A1A4915484FF499733A
:10F8200000F04DFE4146184800F049FE4FF4997132
:10F83000E2E789F31188BFF36F8F8CB144F8046B52
:10F840007DB13C420DD0094A10490948352300F0EA
:10F8500036FE21460E482A4600F031FE3521ADE73E
:10F8600000242046BDE8F88FDC3D0100416801001E
:10F87000F73D0100143E0100F23F01004B40010042
:10F88000604001001F400100364001006568010032
:10F89000976801002DE9F04105460E46174603F032
:10F8A0008AFB30B9074B9B68D3F8A84014B9BDE870
:10F8B000F081054C3B46324629462046BDE8F041E2
:10F8C000FFF76ABF14160020F8050020014BC0F8AE
:10F8D000A8307047F80500200146024A0020FFF7D3
:10F8E000D9BF00BF8904010007B5074B0093074942
:10F8F00007484FF0FF334FF40062FDF7E5FB0020AF
:10F9000003B05DF804FB00BFA03A010038320020CC
:10F91000900B002010B50A4C23681BB10123236013
:10F92000002010BD00F0F0F80028F7D001380628BC
:10F9300003D8044B53F8200010BD034810BD00BF8E
:10F940006C160020AC3A0100FE8FFFFFBFF34F8F13
:10F950000549064BCA6802F4E0621343CB60BFF36B
:10F960004F8F00BFFDE700BF00ED00E00400FA0587
:10F9700010B4094B09490A4C4FF0FE32C3F8002479
:10F980004968C3F80424C3F80824C3F80C240023EE
:10F99000C4F8003510BC084700B00250A80400208D
:10F9A00000A00250D0E90012014BC3E900127047D9
:10F9B000A804002010B5044650B1636813F0685FD6
:10F9C00005D0064A934202D000232360626010BD36
:10F9D000034B04485B689847EFE700BF2C5F5CA9C6
:10F9E000A8040020C83A0100C8B143680D4A9342F8
:10F9F00013D013F0685F0ED0012350E8002F194692
:10FA000040E8001C9CF0000FF7D1012AF5D0BFF3AD
:10FA10005F8F0020704704487047044870476FF4B8
:10FA2000E04070472C5F5CA9E98FFFFFEA8FFFFF82
:10FA300080B14368094A93420AD013F0685F05D049
:10FA4000BFF35F8F00230360184670470448704778
:10FA5000044870476FF4E040704700BF2C5F5CA91A
:10FA6000E98FFFFFEA8FFFFF10B5044620B1044B7A
:10FA700063600022226010BD0248FFF779FFF6E7BD
:10FA80003A00003AF03A010010B5D0E90023194CD1
:10FA90006360D0E90230C4E902302260164BD1F82D
:10FAA00000C0C3F800C0D1F804C0C3F804C01348B4
:10FAB000D1F808C0C3F808C0D1F80CC00969C3F870
:10FAC0000CC01961436813F0685F04D00C4900232F
:10FAD000C0E9003190470B48436813F0685F07D0D6
:10FAE000074923680022C0E90021BDE810401847FB
:10FAF00010BD00BFC4040020B0040020E4040020B6
:10FB00002C5F5CA9DC04002008B500F013F830B9C4
:10FB100000F014F828B9064AC2F80C0A08BD032000
:10FB200008BD00F009F800F043F8042008BD00BF4C
:10FB300000B00250002070470020704710B51548F3
:10FB400000F05EF800B110BD134800F059F800282D
:10FB5000F9D1124C204600F053F80028F3D1104B95
:10FB600010481C6000F04CF80028ECD10E4800F062
:10FB700047F80028E7D10D4800F042F80146002878
:10FB8000E1D100F039F8044608B900F04DF82046FC
:10FB900010BD00BF24050020200500201C0500200A
:10FBA0001405002018050020100500200C05002079
:10FBB00008B50B4800F02EF80A4800F02BF80A4868
:10FBC00000F028F8094800F025F8094800F022F86C
:10FBD000084800F01FF8BDE8084000F00FB800BF6B
:10FBE00024050020200500201C0500201805002009
:10FBF000100500200C05002000207047704700BF52
:10FC000008B5034B02681B6810689847002008BDC0
:10FC1000C404002008B5034B02685B68106898476D
:10FC2000002008BDC404002070B5094C094D2069AE
:10FC3000AB68984718B1084B08485B689847084A72
:10FC4000EB68206900211160BDE87040184700BFD3
:10FC5000B0040020C4040020A8040020143B0100CC
:10FC6000881600200CB430B58BB004460D46202217
:10FC7000002102A803F0AFFA02238DF80A30002D0C
:10FC80000C4B0393069412DB01D06B1E1C440FAA8D
:10FC90000E99079402A8019200F00EF815B1069B88
:10FCA00000221A700BB0BDE8304002B0704700244B
:10FCB000EDE700BFD33201002DE9F04F8BB0436870
:10FCC000009383789C078046924640F1F980002596
:10FCD0000878002800F0F68025280AD04B1C0193F4
:10FCE00001354146009B98470028C0F2E380019906
:10FCF000EEE74E788B1C252E0193F1D00027B946F4
:10FD00003C460A221F2C22D8A6F12003102B20D813
:10FD1000DFE803F0141F1F1A1F1F1F0B1F1F1F12E6
:10FD20001F171F1F090044F00104019B13F8016B0A
:10FD30000193002EE6D13AE044F0020444F00404BA
:10FD4000F3E744F00804F0E744F01004EDE77F2CFB
:10FD500024D8A6F13003092B08D860064EBF02FB59
:10FD6000073702FB093944F02004DEE72A2E0DD1C3
:10FD700061065AF8043B53D4002BA7BF44F020047B
:10FD80009946C3F1000944F02804CEE72E2E05D190
:10FD9000630600F1978044F04004C6E76C2E2ED035
:10FDA00028D8682E32D06A2E37D04C2E35D0002F6E
:10FDB00046F02003B8BF24F04004A3F16502BCBFA5
:10FDC000A4B20027022A01D9612B2BD10AF1070A1C
:10FDD0002AF0070A9C4E0AF1080A0727210760D576
:10FDE00006EB070B34465C455DD1AE1BA219A9EBAF
:10FDF000070959E1742E98D07A2E96D0D7E72606B7
:10FE000048BF44F4007444F080048EE7E00548BF26
:10FE100044F4007444F4807487E744F4207484E765
:10FE20001F4682E7A6F16302122A00F2D880DFE8BB
:10FE300012F013004D00D600D600D600D6004D00BB
:10FE4000D600D600D600D600D600E800D100D600F5
:10FE5000D6001A00D600A0005AF8043B8DF81030E6
:10FE6000012704AEBAE75AF8046B784B002E08BF9E
:10FE70001E4614F0400F14BF39464FF0FF31304694
:10FE800003F0C4F90746A9E7009B414620209847A4
:10FE900000280FDB013CA742F6D34D442D1BA146A1
:10FEA0009EE74C46F7E714F8010B009B4146984744
:10FEB000002898DA98F8023043F0040388F80230FA
:10FEC0004FF0FF3528460BB0BDE8F08F220630D545
:10FED000A3052AD50AF1070A2AF007039A465968AA
:10FEE0005AF8080B24F0100B00291FFA8BFB2FDAAD
:10FEF000404261EB41014BF4806B04AC0A23224683
:10FF000003F090F91BF0400FA0EB040200F08E808C
:10FF10002BF001049742A4B240F38F80002E40F0F2
:10FF20008E802BF01104A4B21DE05AF8040BC11707
:10FF3000D8E7E0055AF8041B01D40846F7E7A20504
:10FF40004BBF48B208B241F3C01141F3C031C9E719
:10FF500050EA0103D1D16306CFD5002FCDD124F0D3
:10FF60001104A4B23A463B4640F206410C4262D12B
:10FF700024E024F01004A4B20A2314F0800243D039
:10FF800014F400711FBF0AF1070A2AF00702924613
:10FF9000516814BF5AF8080B5AF8040B50EA0102D2
:10FFA0003ED124F0160B62061FFA8BFB3CD5002FC6
:10FFB0003AD124F01704A4B23A463B4621075AD45A
:10FFC000E10705D5994572DDA9EB03039F184B4660
:10FFD0009B464AE044F0100410237826CDE7782BA6
:10FFE00004D1C6F1780343F01003C6E7009B4146F5
:10FFF000252098470028FFF65DAF02354146304680
:020000021000EC
:1000000070E608230026B8E714F480715AF8040B50
:10001000C4D014F400711ABFC0B2114680B2BDE75B
:1000200024F006041FFA84FB04AC68E713465C4620
:10003000E10699D52EB90133C0E71346F8E73B46F0
:10004000F6E70233BAE700BFCF680100C8680100D5
:10005000CDE902324146009B202098470028FFF658
:1000600029AFDDE902320BF1010BD945F0DCEB1AC7
:1000700003EB0B055B46E10627D5CDE9023241468D
:10008000009B302098470028FFF614AFDDE90232CC
:100090007EB901352F44791B8A4229DB144604AE10
:1000A0009CBB2A44A9EB03091546914442E017463C
:1000B0008EE7CDE90232023541463046009B984733
:1000C0000028DDE90232E5DAF4E640F206410C42AE
:1000D000E0D014F0020F14BF2B20202014F4806F06
:1000E000CDE9023205F10105414618BF2D20E5E7B3
:1000F000CDE902324146009B302098470028DDE9D7
:10010000023205F10105C6DAD4E6013CCDE902323E
:10011000305D009B414698470028DDE90232BFDA96
:10012000C8E6009B414620209847002805F10105BC
:10013000FFF6C0AEA9EB0503002BF2DCD7E500BF4C
:100140007047FEF70DBA00EBC100408840087047C9
:1001500008B5FFF7F8FF084408BDF0B5034600EB0B
:10016000C100161DC588A94209D101219140DA6854
:1001700022EA0102DA60002243F82620F0BD8788D7
:10018000FC000634EA00185B814202F1040202D14D
:10019000985A814207D0002181F31188BFF36F8FF5
:1001A0000421084602DF43F826501D539F52E5E71D
:1001B00008B50346FFF7C7FFB0FA80F2C2F11F028D
:1001C0001846BDE80840FFF7C8BFF8B50346FFF77B
:1001D000BAFFB0FA80F0C0F11F0003EB800CCA0038
:1001E000DCF81060171D0C4606328DB256B901219D
:1001F00001FA00F0D9680143D960CCF81040DD5312
:100200009D52F8BDF100043133F801C04FEACC042F
:100210000634185B864208D0002080F31188BFF3B3
:100220006F8F4FF0040E704602DF23F807C09E5216
:100230001D535D52E5E710B500EBC10304465B8832
:10024000DB070A460ED4FFF783FF34F83030C01ABC
:10025000814207D134F831102046511AFFF778FF58
:10026000824207D0002383F31188BFF36F8F0423EA
:10027000184602DF10BD2DE9F843B1FA81F3C3F14E
:100280001F0800EB88090546D9F810600A46A6B990
:10029000C3F120034FF0FF349C40EB681C401CD09E
:1002A00094FAA4F6B6FA86F6331D284655F823408C
:1002B0002146FFF7C0FF32460BE0344603272146B4
:1002C0002846FFF740FF90420AD32846FFF7B3FFC6
:1002D000424621462846FFF740FF2046BDE8F88306
:1002E00005EBC404013FE488C9F81040D0D0A64211
:1002F000E5D1CDE738B50446FFF725FF0D460346A7
:1003000011462046FFF71FFF1A1892B204EBC505ED
:1003100053006B802046FFF71BFF24F8302038BDC8
:1003200070B50546FFF70FFF0B46511A89B205EB72
:10033000C3049B1A03444E0066809CB205EBC203C3
:100340006000588025F8321028461146FFF700FF5C
:1003500025F8304070BDF8B5002967D004680D1F3E
:100360002D1BEE0825F007056219538813F00103D1
:1003700006D183F31188BFF36F8F0423184602DF81
:1003800031462046FFF7E4FE34F83030C01A86428A
:1003900007D0002383F31188BFF36F8F042318461F
:1003A00002DF615B2046711AFFF7D2FEB04207D030
:1003B000002383F31188BFF36F8F0423184602DFF5
:1003C000538823F00103538031462046FFF7C0FED7
:1003D00004EBC00307465B88DA070CD401462046CD
:1003E000FFF729FF39462046FFF7E2FE3A4631463D
:1003F0002046FFF77FFF655B751B04EBC5035B8839
:10040000DB070DD429462046FFF715FF2946204675
:10041000FFF7CEFE324629462046FFF76BFF2E46F9
:1004200031462046BDE8F840FFF7CFBEF8BD70B5B5
:1004300009B9002070BD056801F007030B33CC0833
:1004400004EBD304AB689C4228BF1C4621462846D7
:10045000FFF711FF06460028EBD001462846FFF7BC
:1004600072FEA04207D932192846FFF759FF1146FC
:100470002846FFF7AAFE05EBC6021046538843F054
:10048000010353800430D5E71146FFF7D0BF0020A9
:1004900070470FB407B504A951F8040B0191F2F7A6
:1004A000A7FA03B05DF804EB04B07047002383F3B0
:1004B0001188BFF36F8F0423184602DF70470FB413
:1004C00007B504A951F8040B0191F2F791FA03B0B2
:1004D0005DF804EB04B07047036800220BB91846BE
:1004E00070478B4210D10B6842B942680360914259
:1004F00000D1436000230B60012070471360436804
:10050000994208BF4260F5E71A461B68E6E7838B0D
:1005100013F0070306D10368002B18BF032008BFA0
:1005200000207047022B05D1C08BB0FA80F0400943
:1005300080007047012B04D10368002B18BF0520F1
:10054000EDE70020704710B50C4600B111B96FF00F
:10055000150010BD081D00F02FF80028F9D1A36880
:10056000032BF6D9F3E72DE9F0410D46074619466E
:10057000281D90461E46F2F7F5FD044638B1334675
:10058000424629463846A446BDE8F0416047BDE8EA
:10059000F08138B50C46054658B151B10B6843B1EE
:1005A0004B6833B12022002102F015FE2C6100209F
:1005B00038BD6FF01500FBE7034658B1426802F002
:1005C0000302012A03D0032A04D1026812B10020D9
:1005D000986070476FF01500704770B50C8806463C
:1005E0008888241A3069A4B2844285B224BF641B6F
:1005F000A4B22D1BA8B2984228BF184633682344E2
:1006000013600B8803440B8070BD70B483898588A8
:100610000669ED1AADB2731B934228BF134670BC36
:100620000A46011DFFF7D9BF70B40E460146C588C2
:1006300031F80A3FEC1AA3B2934228BF1346324660
:1006400070BCFFF7CABF10B54B880C88E41AA4B27F
:1006500094420ED31A4492B28B884A800A80006971
:10066000D21A92B2824201D2002010BD03448B8084
:10067000FAE76FF01500F8E77047FEE702F0ABBD50
:1006800002F09BBD01460068F2F764BF08B5F2F7BF
:1006900091FFBDE80840F3F73BBB00210120F2F7D2
:1006A00059BF6FF08500704761B662B680F311885C
:1006B000BFF36F8F704772B6002383F31188BFF3C7
:1006C0006F8FBFF34F8F30BF62B6BFF36F8F70472E
:1006D00072B6002383F31188BFF36F8FBFF34F8F80
:1006E00020BF80F31188BFF36F8F62B67047202858
:1006F00009D9B0F1004F08D80138B0FA80F0C0F144
:100700001F0040007047082070473E20704708B522
:10071000F3F724FD002008BD38B50D4614461146F8
:10072000F3F7F0FE22462946BDE8384002F045BD09
:1007300010B50C460121F3F7E5FE047010BD10B5AD
:100740000C460221F3F7DEFE0470240A447010BD4B
:100750004FF0FF324FF0FF330430FBF7D7BDFBF70C
:100760009DBE90F87000C0F341107047F8B5044684
:100770001E460D461746FFF7EBFF94F870309B07B7
:1007800013D41DB1012D0ED0F3F732FF616F79B193
:100790009DF818300F714E718B710025201DFFF7E9
:1007A000DEFF2846F8BDA16FF1E76FF07705F5E7AA
:1007B0006FF01505F2E790F87000C0F38000704705
:1007C00038B50446FDF780FC2046FFF7C1FFA0695D
:1007D00040B96FF01205201DFFF7C1FFFDF7E6FCE1
:1007E000284638BD94F87030DB0716D402F012FBAF
:1007F0000028EED02046F4F71BFE05460028EAD17B
:100800000146242204F12C0002F0E5FC94F870303B
:1008100043F0010384F87030DDE76FF07705DAE725
:1008200070B50446FDF750FC2046FFF791FF94F8A1
:100830007030DA0731D5C3F340019B0730D4A0698B
:1008400001F068FB0646A06901F0F4FB0546B0B96B
:10085000E36F4BB13146204600F08DF90546A8B153
:10086000A06901F013FC0AE0A06901F08BFBE067CE
:100870000028EFD1A06901F009FC6FF00B05201DE5
:10088000FFF76DFFFDF792FC284670BD94F87030BD
:1008900043F0020384F87030F1E74FF0FF35EEE7E4
:1008A0006FF07705EBE70246034652F8680F904277
:1008B0000BD100207047027A8A42FBD0DA6E824266
:1008C000F7D000680028F6D170470028F3D17047B0
:1008D00038B504460D46FFF73BFF94F87030DB0750
:1008E00018D42B690BB9EB68BBB1A36E1BB904F12B
:1008F0006803C4E91A332B6893B9E26E04F1680106
:10090000C5E900121560E5661D46201DFFF727FFAB
:10091000284638BD4FF0FF35F7E76FF01505F4E7CF
:100920006FF07705F1E710B50446034654F8500F11
:10093000A0420DD100200DE0447D8C4204D103295A
:1009400009D1047A944205D05C6D8442F2D00068EB
:100950000028F1D110BD0F29F5E72DE9F04105463A
:100960000C46061D4FF0FF324FF0FF333046FBF7C9
:10097000CDFC6F6F002F6DD095F87030DB0769D418
:100980002B6D1BB905F15003C5E914332368002B07
:1009900063D1637D0F2B09D1237A012B0CD06B6DB2
:1009A00005F15002C4E900231C606C65637D032BD4
:1009B0000FD04FF0000806E0E1682846FFF788FFF7
:1009C00080460028EBD03046FBF768FD4046BDE886
:1009D000F0812A6D05F1500090421ED1002329E0DC
:1009E00091F815C0BCF1030F10D0013323724B688E
:1009F000C4E900131C604C60637A022B24D0032BE3
:100A000025D0012BD5D1237ABB73D2E791F808C04A
:100A10000CF1FF3C6345E8D11268002ADED0517D1D
:100A20006B6D03290DD19A42137A02D01168002907
:100A3000D6D1013323726B6DC4E900031C606C6571
:100A4000DAE79342E8D1C9E7237AFB73B1E7237A67
:100A50003B74AEE74FF0FF38B5E76FF07708B2E7C9
:100A60000346006800B1187A70478388C28881689D
:100A7000D21A03685B1AD01A70470346C08808B1BF
:100A80001878C009704770B50C46154600F0E3FAB7
:100A900040B1406883681B6823B12A462146BDE8FF
:100AA0007040184770BD38B580210446806901F058
:100AB0008CFA054650B101462046F4F733FD044652
:100AC00010B12846F3F788FC204638BD6FF00B04C0
:100AD000FAE738B50446C06FF3F7C0FC0546F3F7F4
:100AE00087FB20462946F4F71DFD044610B1284631
:100AF000F3F772FC204638BDF8B5044686680369F2
:100B00000D461746BFF35B8FD3F8A030BFF35B8F62
:100B10009B070ED5B36A7BB1F36B9847B36A29463E
:100B20003A4620469847336C054620469847284663
:100B3000F8BD4FF0FF35FAE76FF08505F7E770B5C0
:100B40000446866803690D46BFF35B8FD3F8A03077
:100B5000BFF35B8F9B070BD5F36B9847736A2946EE
:100B600020469847336C054620469847284670BD76
:100B70004FF0FF35FAE710B5044619B9002084F8A4
:100B8000340010BDFFF7A5FF0028F7D0F9E738B50E
:100B900090F83430022B0D4604D100F060F908B112
:100BA000C46804B938BD2B78032B05D0052B0ED0B3
:100BB000022B08D02468F4E7606883685B69002B27
:100BC000F8D09847F6E7606883689B69F7E7606844
:100BD0008368DB69F3E7012270B515460B685BB3E8
:100BE00002F07F04103423FA04F6F60710D50368E8
:100BF00023FA04F6F60702D46FF0150070BD05FA6B
:100C000004F423EA040303600B6823EA04030B6083
:100C1000D340DE070DD5036823FA02F4E407EBD5D1
:100C200005FA02F423EA040303600B6823EA0403D1
:100C30000B600132102AD1D10020DFE72DE9F04FFF
:100C40008369426F1B6993F88030C3F34113022B11
:100C50008FB081460ED0032B0ED0012B0CBF10237A
:100C60000823D371D9F858800026B8F1000F05D1B8
:100C70004046AEE02023F4E74023F2E7D8F8043002
:100C8000D8F80C4003930C9604967CB9049B039A05
:100C900009339BB293701B0AD3701671D8F80C40BD
:100CA000002C40F0B080D8F80080DDE760688368F1
:100CB0001B6B00250D95002B00F0A380294698475B
:100CC000002800F09E80C4E90355A0F1040B3546CE
:100CD0005BF8043F0BB11A7822B9B5427CD86FF0AB
:100CE000150076E05A780B2A08BF9D70DBF80030BB
:100CF0005A78042A10D1E2680D990A43E260DA7842
:100D0000002A57D19D7023690122AA40134301355F
:100D10002361EDB200230D93DBF800707B78052B87
:100D2000D6D1D9F8183008936FF012004FF0010AAD
:100D30007A793B7943EA0223ADF82E300C9B069377
:100D400097F90230069A002B5FFA8AF1BBBF41F097
:100D500080014BB24FFA8AF30793B9BF21F08003A9
:100D6000103307935346DA40D2072AD40D9A0592DE
:100D700022FA03F3DB0724D4BB79FA7808980093AE
:100D80000DF12E03099100F045FF0999C8B9079BA1
:100D9000B970002BBCBF21F08001103101238B40C2
:100DA00006980599BDF82E20BA8019430343CDE972
:100DB0000C318DE76A1E9A700DA90CA8FFF70BFF86
:100DC000A8E70AF1010ABAF1100FB1D100283FF4E7
:100DD0007FAF0FB0BDE8F08FE3680D9A1343E36077
:100DE000606883689B6AD3B198470028F1D10146B7
:100DF000606800F000F9049B2468034404932E46C5
:100E000043E73546ECE7E368A36004F10C010CA866
:100E1000FFF7E1FE00287FF462AF246840E76FF03F
:100E20008500D6E74FF0FF324FF0FF330430FBF779
:100E30006DBAFBF733BB21B101290DD000231B682C
:100E4000FFDE5830006848B143685B79934205D0B3
:100E500000680028F8D170476030F3E7704710B59C
:100E600090F83430022B044609D1FFF77AFC94F84D
:100E70003C2001462046BDE81040FFF7DCBF0020C3
:100E800010BD08B5FFF7D7FF003818BF012008BD17
:100E90002DE9F04104460E46FFF763FC94F83C3020
:100EA0008046CBB9002E3BD0324641462046FFF764
:100EB000C2FF0746A8B10246204600F0CEF905461B
:100EC00088B984F83C60FC6864B3606883681B6A16
:100ED00003B198472468F7E72046FFF7C0FF0746AD
:100EE00020B96FF03C052846BDE8F0810146204658
:100EF00000F089F910220546002104F13E0002F0BD
:100F00006AF9002384F83C30FF6817B9002DC9D076
:100F1000E9E7786883685B6A03B198473F68F4E75C
:100F200084F83C600025DEE7F8B504460E465768B5
:100F30001546FFF777FF94F87030D9074BD4012E90
:100F40004CD0FB799A0605D5A3691B6993F88030CC
:100F50009B0743D5002E41D1236E53B9A26D62B9D0
:100F6000636F6A685B7C0133DBB25371626F5374E9
:100F70000EE09D4235D01B68EFE7954225D12A68E7
:100F8000EBB9E36DA2659D4200D1E26500232B60C1
:100F9000A96841B12046FFF7E0FC064650B9A868B1
:100FA000FFF75EFDB87100232B60E36D83B9C4E9E0
:100FB00016550026201DFFF73CFF3046F8BD1A608D
:100FC000E26D954208BFE365E0E713461268C6E7A5
:100FD0001D60E565EDE76FF00F06EBE76FF0850646
:100FE000E8E76FF01506E5E74FF0FF324FF0FF330B
:100FF0000430FBF78BB908B583681B6B0BB19847BE
:101000000346002023B153F8042B0AB1127802B929
:1010100008BD1044F6E710B51C46FFF70CFF48B1B9
:101020000122C06802FA04F320B10269134201D11F
:101030000068F9E710BD10B50C46FFF710FF48B186
:101040000123C06803FA04F120B10369194201D1F8
:101050000068F9E710BD70B501F07F0311F0800F53
:1010600018BF103301259D4090F83430022B044600
:1010700001D0002070BD90F83C60FFF772FB324653
:1010800001462046FFF7D7FE0028F2D0C0680028AE
:10109000EFD083681D42EDD10068F8E738B50C4603
:1010A000FFF7DDFE80B1C06870B14368DA681AB13D
:1010B00011790023994201DC0068F5E71568ED5CC1
:1010C000A54201D00133F5E738BD2DE9F8430546C7
:1010D0000846114616461F46F4F7C2F90446002892
:1010E00043D02846FFF780FF95F87030DA0733D4F5
:1010F000D4F8048004F11409BFF35B8F6369BFF374
:101100005B8FDB072BD4D8F804300BB19D4226D17E
:101110003A4631462846FFF78EFE18B30023236077
:101120000369B3B9C0E90344BFF35B8F59E8003FDB
:1011300043F0010349E80032002AF7D1BFF35B8F87
:101140000024C8F80450281DFBF7A8F92046BDE884
:10115000F8831C600461E7E76FF00F04F3E76FF0BA
:101160007704F0E76FF03C04EDE76FF01204EDE771
:101170002DE9F8434C689DF820900D4698460646A8
:101180001746FFF7EEFAA3681B6B01461BB96FF019
:101190001500BDE8F883204698470028F7D0041FC3
:1011A0000C35002054F8041F09B10B782BB9002826
:1011B00014BF00206FF03C00EBE74B78042B0BD101
:1011C000F8B98B784345EDD1CB784B45EAD10B7913
:1011D000002BDED00120E5E7052BE3D10028E1D08C
:1011E000012F07D0022FF5D18978B0692A4600F087
:1011F000C3F803E0B0692A4600F0A2F80028E9D05D
:10120000C7E70020C5E7F8B5CC6806460CB920460C
:1012100022E004F10C070125E268AAB165F07F0322
:10122000D9B203F07F031033DA40D2070ED4E3685B
:10123000EB40DB0705D5B0693A46E9B200F09CF80F
:1012400050B90135102DE7D12468DFE7B0693A467F
:1012500000F092F80028EAD0F8BD2DE9F34757686E
:10126000002497F8058005460E46A1463B79A34227
:1012700003DC002002B0BDE8F0875FFA84FA314653
:10128000534642462846FFF7C6FE014650B1CDF808
:101290000090534601222846FFF76AFF0028E9D153
:1012A0000134E3E76FF03C00E4E72DE9F7438046C3
:1012B0000D461746FFF7BFFE064628B96FF001043A
:1012C000204603B0BDE8F0830F2DF7D808EB0509E1
:1012D000014699F83E4000972B4600224046FFF712
:1012E00047FF0028EAD100942B46022231464046AF
:1012F000FFF73EFF04460028E2D100972B4601226B
:1013000031464046FFF734FF04460028D8D17068C4
:1013100083685B6813B13A462946984789F83E705E
:10132000CEE711F0800F18BF21F0800102684FF066
:10133000010318BF10318B4022EA0303036070479A
:1013400037B58B7900938B880C461546CA78897817
:1013500000F0D9FC70B994F90230A1782A68002B0A
:10136000B8BF21F080014FF00103B8BF10318B40AE
:1013700013432B6003B030BDF8B506460D46174643
:1013800000F009FD044658B929463846FFF7C9FF61
:101390002946304600F0D5FD044608B9FCF7C8FFE1
:1013A0002046F8BD0A468069802100F0FABD4368F6
:1013B0009869F4F701BC70B5054646680C4609B952
:1013C000F4F79CF891F91830002B07DBC4F81A5099
:1013D000B0692146BDE8704000F053BD3046FFF7CC
:1013E000EAF90028F2D04FF0FF3070BD806900F0BC
:1013F000FDBD38B5054680690C4600F0E8FC60B9D3
:1014000014F0800F18BF24F08004AA6B4FF0010382
:1014100018BF1034A3401343AB6338BD70B5054605
:1014200080690E4600F0FDFC044620B9314605F106
:101430003800FFF776FF204670BD0B0648BF21F04D
:101440008001806B48BF1031C84000F00100704738
:1014500082B0C3698DF8001001922BB102AB13E981
:10146000060002B0F4F750B902B0704782B0C36909
:101470008DF8001001922BB102AB13E9060002B007
:10148000F4F742B902B07047704703695B68D868E7
:10149000704743680361037A63B1012B0CBF0223D9
:1014A00003234375437A5A1E032A05D8DFE802F066
:1014B000050505050123F4E700230375837A062B50
:1014C00009D0072B09D0052B0CBF002303238375FC
:1014D000837EC37570470123F9E70223F7E70369A9
:1014E00093F8400030B1DA6B9388918910695B1AE8
:1014F0009BB2C01A7047036993F8380070470369BC
:1015000093F8402012B993F83800704701207047D3
:101510000369C3E907127047BFF35B8F0068BFF32D
:101520005B8F084100F00100704703691B69BFF33E
:101530005B8F883353E8001F41F0020143E800123B
:10154000002AF7D1BFF35B8F704710B50469606B59
:10155000F1F75AFE10B1012384F8393010BD10B5EF
:101560000469606B4289C3889A4202D14FF0FF3010
:1015700010BD0122F1F748FE0028F7D004F17800F1
:10158000FBF79CFD0020F3E738B5034640681B6974
:101590005D68AC68A37A84F8223094F82D3084F822
:1015A0002330696841B1237C33B9FFF7D6F918B904
:1015B0006868FFF755FA2074002038BD01238B407E
:1015C000DB43BFF35B8F50E8002F1A4040E8002157
:1015D0000029F8D1BFF35B8F704700690221883082
:1015E000FFF7ECBF006903218830FFF7E7BF08B5BC
:1015F0000369186900218830FFF7E0FFBDE8084063
:101600000121FFF7DBBF0369186901218830FFF76B
:10161000D5BF2DE9F04750F8483C00F140045B6825
:10162000064600212046D3F80090FFF775FF0028FA
:1016300050D001212046FFF76FFF0746002849D10F
:10164000BFF35B8F54E8003F43F0200244E80021E1
:101650000029F7D1BFF35B8F9B063BD4D9F810303C
:101660005B689B68402293F836104846FFF79FFE60
:10167000054650B920460521FFF7A0FF304621223C
:10168000BDE8F0470023FBF73FBE8246428A5AF886
:101690000C1F56F80C0CF1F7B7FD8046014650467A
:1016A000F2F730FFB8F1000F04D008F03F08B8FAA5
:1016B00088F77F0906F82D7C29464846FFF77BFE10
:1016C00040B12846F2F788FE20460521BDE8F047E4
:1016D000FFF774BFBDE8F08738B550F8783C5B6819
:1016E0001D6800F11003024600211846FFF714FFA1
:1016F000002836D001211846FFF70EFF88BB52F8AC
:10170000441C8A8888890969121A92B28A1A3F2A67
:1017100027D9BFF35B8F53E8002F42F0100143E855
:1017200000100028F7D1BFF35B8FD30619D42B69C3
:101730005B689B68402293F83D102846FFF737FE10
:10174000044670B1438A402B28BF402343820146A0
:101750002846FFF730FE20B12046BDE83840F2F7BA
:101760003BBE38BD38B550F8083C0446002B4FD07E
:1017700050F8243C5B6800F164051A6800238382FA
:10178000838302212846FFF7C7FEB8B154E902312E
:1017900010699847637D1BB104F15400FBF78EFC80
:1017A00005212846FFF7B8FE98B9637F6BB1002288
:1017B000002304F12400FBF7A7FD0AE003212846DB
:1017C000FFF7AAFE0028E1D1E4E714F8093C002B5A
:1017D000EDD102212846FFF79FFE38B123695A89CF
:1017E000DB889A4202D02046FBF768FC032128469A
:1017F000FFF792FE60B1A2699388918912695B1A22
:101800009BB29A4204D02046BDE83840FBF756BC54
:1018100038BD08B5036903F1880202211046FFF7BD
:101820007BFE28B1596BC8884989401A18BF01202E
:1018300083F8380003211046FFF76EFE40B1DA6BE3
:10184000908891891269401A80B2801A18BF0120CD
:1018500083F84000012008BD0069BFF35B8F00F1F1
:10186000880353E8001F41F0080143E80012002AF2
:10187000F7D1BFF35B8FC26B9388918912695B1AB2
:101880009BB29A4202D02430FBF718BC704738B59F
:101890000469BFF35B8F04F1880555E8003F43F00E
:1018A000040345E80032002AF7D1BFF35B8F636B76
:1018B0005A89DB889A4203D004F12400FBF7FEFB2F
:1018C00004212846FFF728FE28B904F17800BDE876
:1018D0003840FBF7F3BB38BD70B503691C69BFF333
:1018E0005B8F04F1880555E8002F42F0010245E8BE
:1018F00000210029F7D1BFF35B8F02212846FFF7B3
:101900000BFE10B11846FFF7C2FFE36B5A89DB8864
:101910009A420AD103212846FFF7FEFD68B104F17F
:101920002400BDE87040FBF7C9BB04F14800002269
:10193000BDE870400023FBF7E7BC70BDF0B59DF833
:1019400014600446014418468C4200D1F0BD14F8DE
:10195000013B082558403EB140F30003134083EAA1
:101960005000013DF7D1EFE747B24300D8B2002F56
:10197000B8BF5040F5E738B50446807AF2F730FC3E
:101980006169054649B1637ADB0704D4436A1B6881
:1019900020469B6898470023636121462846BDE89E
:1019A000384001F0BDBA30B50906847D054614D42F
:1019B00014F0400016D0A98AC3F30A00C1F30A014B
:1019C000884222D802F00300022809D003280AD056
:1019D000012811D004F0010004E014F02000E9E730
:1019E000C4F3800030BD14F00200FBD013F4C05FDC
:1019F00009D0C4F30010F5E714F0080205D013F481
:101A0000C05FEFD0F5E70120ECE70020EAE7BFF385
:101A10005B8FD0F8A000BFF35B8F00F00100704730
:101A2000BFF35B8FD0F8A000BFF35B8FC0F3400023
:101A30007047026902F1A003BFF35B8FD2F8A020C8
:101A4000BFF35B8FBFF35B8F51B153E8001F41F0D1
:101A5000040143E80012002AF7D1BFF35B8F7047FF
:101A600053E8001F21F0040143E80012002AF4D0DB
:101A7000F6E701F00F030906026948BF103352F878
:101A800023007047007EC0F300107047037E61F3AF
:101A900004130376704708B502691046FFF7B7FFD5
:101AA00060B9087F00F00F03000648BF103342F80A
:101AB0002310084601F020FA002008BD6FF00C004A
:101AC000FBE700220023FAF799BE01F033BA01F0D8
:101AD0001CBA08B508B9F4F75BF8407EC0F3C00043
:101AE00008BD08B508B9F4F753F8437E23F008039E
:101AF000437608BD1FB504698DF80410CDE90220B6
:101B0000D4F8983001A9984704B010BD1FB503461A
:101B100009B9F4F73DF8046906208DF80400204661
:101B2000CDE90213FFF773FF40B1C1F81E20D4F8CE
:101B3000982001A91846904704B010BD4FF0FF301F
:101B4000FAE738B505460C462046FFF7BAFF0146CE
:101B500000B938BD6FF070022846FFF7D7FFF3E7F2
:101B60002DE9F84306690746D6F80090D6F840807C
:101B70000D464FF0FF324FF0FF3306F18400FAF7C5
:101B8000C5FB4046FFF79DFF014618BB4846FFF7DF
:101B900098FF044620BB99F8183023F0100389F809
:101BA000183098F8183023F0100388F8183024BB48
:101BB000012286F8B020EDB12B68C6F8A8306B681A
:101BC000C6F8AC3086F8B12038698430BDE8F843F7
:101BD000FAF764BC6FF067023846FFF797FFD0E76B
:101BE000637EDB07D7D46FF0670221463846FFF7E4
:101BF0008DFFCBE786F8B150E6E72DB108222946E4
:101C000004F10C00FEF788FD002221463846FFF75C
:101C10007DFFD9E72DE9F8430546D0F808908846BE
:101C200014461F46FFF725FF0646002835D0D9F891
:101C30003C302846984741463B8822463046FFF7CD
:101C4000B2FE804690B18BB92B6993F88030DB07E8
:101C500058BF402204F0030446BF4FF480624FF4A3
:101C600000711146022C0DD0032C11D02846D9F852
:101C700040309847B8F1000F14BF00206FF0850086
:101C8000BDE8F883B38A8B4228BF0B463B80EDE763
:101C9000B38A934228BF1346F8E76FF01200EFE7CC
:101CA0002DE9F0470546D0F808A0894690461F4622
:101CB000FFF7DFFE044618B3067EF3071DD43B464C
:101CC00042464946FFF76FFED0B19DF8203084F8B8
:101CD0001D8026F00606E78384F820302676DAF8A1
:101CE0001830214628469847227EB0FA80F35B09D7
:101CF00063F300022276BDE8F0876FF07700FAE721
:101D00006FF01200F7E72DE9F3411F464B06D0F8BC
:101D1000088004460D4616461BD0D8F83C3098473C
:101D20002069FFF77DFE88B19DF820300093294699
:101D30003B4632462046FFF7B3FF0546D8F8403011
:101D400020469847284602B0BDE8F0814FF0FF35A5
:101D5000F4E76FF01505F5E770B505468668FFF7FF
:101D600088FE044688B1037EDB0711D50146F3697E
:101D70002846984738B1237E03F00103227E63F39F
:101D80000002227670BD0346F8E76FF01200F9E713
:101D90006FF07700F6E770B54B06866804460D468F
:101DA00012D0F36B98472069FFF731FE48B12946FE
:101DB0002046FFF7D1FF0546336C2046984728465A
:101DC00070BD4FF0FF35F7E76FF01505F7E770B519
:101DD00086680546F36B0C4698472869FFF720FE96
:101DE000B0B121462846FFF744FE014698B1037E74
:101DF000DB0710D5437F03F00303012B0ED0F368FC
:101E00002846984704462846336C9847204670BDBC
:101E10004FF0FF34F7E76FF01204F4E76FF085043A
:101E2000F1E7F8B587680646FB6B0C4698473069C2
:101E3000FFF7F6FDE0B121463046FFF71AFE0546F2
:101E4000C8B1037EDB0716D5437F03F00303012BE4
:101E500014D001463B6930469847044618B92B7E9A
:101E600060F341032B7630463B6C98472046F8BD23
:101E70004FF0FF34F7E76FF01204F4E76FF08504DA
:101E8000F1E72DE9F04186680769F36B05460C46DA
:101E900098472869FFF7C4FDB0B30CB9F3F778FE93
:101EA00094F8188028464146FFF7E3FD014670B3D9
:101EB000037EDA072BD518F07F0F20D197F8B030CA
:101EC000EBB1637EDB0717D597F8B13033B1082249
:101ED00007F1A80104F10C00FEF71EFC002287F8B0
:101EE000B02021462846FFF711FE04462846336CF1
:101EF00098472046BDE8F0816FF06702F1E773680C
:101F0000224628469847F0E74FF0FF34EEE76FF09F
:101F10001204EBE770B5866805460C46F36B9847EC
:101F200021462846FFF7A5FD48B101F003F8B0FAB5
:101F300080F464092846336C9847204670BD01241C
:101F4000F8E770B586680546F36B0C469847286934
:101F5000FFF75DFD80B121462846FFF78AFD014667
:101F600068B104681CB1B3682846984704462846FF
:101F7000336C9847204670BD4FF0FF34F7E76FF0A1
:101F80001204F4E708B503691B680021DA8BF3F744
:101F900013FE28B1437E23F0070343F00103437689
:101FA00008BD08B539B903691B68DB8B013A1A44CF
:101FB000B2FBF3F25A43F3F7FFFD28B1437E23F05F
:101FC000070343F00203437608BD08B561B903690E
:101FD0001B68DA8BF3F7F0FD28B1437E23F007038B
:101FE00043F00403437608BD0022F3E770B586682A
:101FF0000D46F36B044698472846F2F7EDF9204664
:10200000336C9847002070BD70B586680546F36B49
:1020100098472869FFF704FD044620B133683BB1B7
:102020002846984704462846336C9847204670BD9A
:102030000124F8E7F8B587680669FB6B0446984702
:102040002069FFF7E4FCD8B12069FFF7E9FCD0B9BB
:10205000FB6A20469847054668B9BFF35B8F06F1D7
:10206000A00353E8001F41F0020143E80012002AD8
:10207000F7D1BFF35B8F20463B6C98472846F8BDED
:102080004FF0FF35F7E76FF07705F4E7F8B58768AD
:102090000669FB6B044698472069FFF7C1FCB0B1A5
:1020A0003B6B20469847BFF35B8F054606F1A003C4
:1020B00053E8001F21F0020143E80012002AF7D183
:1020C000BFF35B8F20463B6C98472846F8BD6FF006
:1020D0007705F7E72DE9F0410546D0F80880066955
:1020E00014460F4631B32AB3D8F83C3098472869D4
:1020F000FFF78DFCD8B9C6E926742846D8F83430E5
:102100009847044660B9BFF35B8FA03656E8003F9E
:1021100043F0010346E80032002AF7D1BFF35B8F9A
:10212000D8F84030284698472046BDE8F0816FF047
:102130007704F5E76FF01504F6E7F8B587680669E8
:10214000FB6B044698472069FFF76AFCD0B9206909
:10215000FFF75DFCC8B1BB6B20469847BFF35B8FB0
:10216000054606F1A00353E8001F21F0010143E8F2
:102170000012002AF7D1BFF35B8F20463B6C9847D3
:102180002846F8BD6FF00F05F7E76FF07705F4E725
:102190004FF08053D3F83021082A05D1D3F8340109
:1021A000003818BF012070470020704708B500F0C4
:1021B0005AFDF8F75DF8002008BD01238B40BFF3FE
:1021C0005B8F50E8002F1A4340E800210029F8D126
:1021D000BFF35B8F704700698430FAF75FB900691D
:1021E00084304FF0FF324FF0FF33FAF78FB810B55D
:1021F000807A0C46F1F7F4FF436A21465868BDE83F
:102200001040F9F7A7BCF7B50D46807A17461E4671
:10221000F1F7E6FF2C68436A033424F003025868A0
:102220002A600421CDE90076F9F76EFC00B9286038
:1022300003B0F0BDFAF76CBBF8B5069F046905461C
:10224000C9B2EFF3118C202080F31288BFF36F8F97
:102250000C2606FB0146B06C00F0070EBEF1010F24
:1022600011D1B76400268CF31188BFF36F8F46B984
:102270000C2000FB0144C4E910236B6853F8313093
:1022800098473046F8BD00F0C00087420CBF6FF0A1
:1022900077064FF0FF36E6E713B580240094FFF78A
:1022A000CBFF02B010BD0069CBB200EB43100021A0
:1022B00010471046FAF72CBB08B5F5F723FDBDE82B
:1022C0000840F7F725BAF7F7D7B98022F5F780BAB3
:1022D000F5F740BC43685B68D3F810350B6000200D
:1022E000704743685B6802EA010021EA0201C3F813
:1022F0000805C3F80C150020704743685B68002090
:10230000C3F80815704743685B680020C3F80C15D4
:10231000704743685B68D3F8042521EA0200114046
:10232000C3F80805C3F80C1500207047F7F762BE24
:1023300013B54FF080520829136E526E28BF082142
:1023400012BA00921BBA0C460A466946019300F085
:1023500034FF204602B010BD37B5044600220121EB
:102360000320F1F73FFC63685D6901AA002128465C
:1023700000F0D4F800280DDB019B2A681979186851
:10238000F5F74AFF002805DB204603B0BDE83040E2
:1023900000F06FB803B030BD02780B69012A07D096
:1023A000022A08D052B95A6603F15400FAF7B0BABB
:1023B0006FF00402F7E76FF00A02F4E76FF08B02A8
:1023C000F1E72DE9F04F056985B006460C469046C9
:1023D000039305F144094FF0FF324FF0FF334846B5
:1023E000FAF714FB05F1540A002200235046FAF7CD
:1023F0000DFB2846F8F714FF002708F1FF3BB8450E
:1024000001D8002323E0BB4581BF237DC3F38003B4
:1024100083F00103DBB298BF00230193039B009379
:10242000D4E90023217A304600F049F8034670B918
:102430004FF4804200235046FAF7E8FA98B1284654
:10244000F8F71AFF304600F032F86FF00403284620
:102450000393F8F711FF4846FAF75AFA039B184618
:1024600005B0BDE8F08F6B6E0C34002BEDD1013759
:10247000C5E7416803460A690069F8F773BECA07F1
:10248000036905D4C1F34202012A04D0022A0AD00A
:102490006FF0150070471A684FF0CC70C2F8240531
:1024A0001964002070471A684FF0CD60F6E70369A1
:1024B0001B68D3F80805D3F80C15F9F739B82DE9DE
:1024C000F04186B00C4607699DF83480154600211E
:1024D00012220DF106001E4600F07DFEBDF83020F0
:1024E0008DF8052004F0010314F008028DF8043083
:1024F000029604950FD1A10704D4B8F1000F08D1BA
:102500004BB9202201A93846F8F7EEFE06B0BDE827
:10251000F0814022F6E76FF08500F7E730B54368B9
:102520001360057A446804EBC504A34202D36FF03C
:10253000010030BD5C798C4203F10803F0D100202A
:10254000F7E71FB540BA0023ADF80C000093312225
:10255000FF23022103A8FFF7F1F905B05DF804FBA2
:102560001FB54368022249BA1868ADF800109B886D
:10257000CDF804D002928DF80C209DF80C208168D3
:1025800042F002028DF80C208C68012201A9A047BC
:1025900004B010BD10B543680446186800F03AFC5A
:1025A000D0B143F241012046FFF7DAFF002802DAFA
:1025B0006FF0040010BD4FF47A7000F027FC42F277
:1025C00030112046FFF7CCFF0028F1DB43F69820BE
:1025D00000F01CFC0020EDE76FF01500EAE710B5F5
:1025E0000269126A8B00D46803F0FC030C221021EC
:1025F000A0470028B4BF6FF00400002010BD10B544
:1026000003691B6A0429DC6809D102230E22112107
:10261000A0470028B4BF6FF00400002010BD89005F
:1026200001F0FC03F2E737B50469236A6A461D68C6
:1026300028210623A8470028A1BFBDF90030236048
:10264000BDF902306360A3BFBDF90430A360002070
:102650006FF0040003B030BD37B50469236A6A46E1
:102660001D6822210623A8470028A1BFBDF900301C
:102670002361BDF902306361A3BFBDF90430A361DA
:1026800000206FF0040003B030BD072910B50446E8
:102690000BD04C2905D003290BD1BDE81040FFF722
:1026A000C2BFFFF7C0FF38B92046BDE81040FFF7B2
:1026B000D3BF6FF0850010BD6FF00400FBE770B56D
:1026C00003290569144605D90B1F032B22D96FF086
:1026D00085000DE0EE68022932460AD003290AD0AF
:1026E000012914BF296869682046EFF7D1FD002051
:1026F00070BDA968F8E729682046EFF7C9FD696849
:10270000324604F10800EFF7C3FDA968324604F130
:102710001000EAE7EE690629324609D0072909D0F8
:10272000052914BF296969692046EFF7DDFDDEE759
:10273000A969F9E729692046EFF7D6FD69693246AC
:1027400004F10800EFF7D0FDA969324604F110004A
:10275000EBE7F0B40C2707FB0214866814F8045C5E
:1027600045F0020504F8045CB468A446F0BC604778
:1027700030B589B044688DF807100DF1070102915A
:102780000121606803911D46002123898DF81010F6
:10279000CDE9052502A902228DF81C20FFF7D9FFFB
:1027A00009B030BD30B589B044688DF807100DF11F
:1027B00007011D4602910121606823890391CDE93B
:1027C0000525002107228DF810108DF81C2002A984
:1027D0000222FFF7BEFF09B030BD10B588B04368D4
:1027E0008DF807100DF107010291012158681B892E
:1027F0000391CDE9052107228DF81C200024022237
:1028000002A98DF81040FFF7A4FF08B010BD2DE914
:10281000F0471F46436888B0D3F8048093F808A0B7
:102820008DF80410002301268DF810300DF10303FC
:10283000CDE9053607230D4614460DF104098DF840
:102840001C300222534602A94046CDF80890039658
:10285000FFF77FFFB8B99DF8032022EA04033C404C
:102860001C43A2420FD0022303938DF8103032464E
:10287000534602A940468DF804508DF80540CDF826
:102880000890FFF766FF08B0BDE8F087437901467E
:1028900023B151F8060B83681B6818476FF0850059
:1028A000704737B52A294568046901D04C2914D1ED
:1028B0006846D4E9062300F022FCDDE90001FBF7BD
:1028C0004FFE2846FFF7E2FF48B9286883685B6837
:1028D000214603B0BDE8304018476FF0850003B0D3
:1028E00030BD01207047FDF715B808B5F0F71EFDA3
:1028F000F0F7F2FDBDE80840FDF70CB84FF080534B
:10290000D3F83021082A03BFD3F83401B0FA80F09D
:1029100040090020704703460020184700F076BAAF
:1029200010B502461168B1B1BFF35B8FB1FA81F304
:10293000C3F11F000123834021EA030352E8004F43
:102940008C4204D142E8003CBCF1000FF6D1BFF349
:102950005B8FE7D110BD6FF00B00FBE710B503688C
:10296000CB40DB0714D401238B400268BFF35B8F9D
:1029700043EA020150E8004F944204D140E8001CB1
:10298000BCF1000FF6D1BFF35B8FEED1002010BD7C
:102990006FF01500FBE7F6F7D7BE08B5F6F73AFE7D
:1029A000BDE80840F6F70CBF4FF08053D3F8302154
:1029B000082A06D1D3F8340102288CBF0020012058
:1029C0007047002070474FF08053D3F83021082A19
:1029D00006D1D3F8340102288CBF002001207047B3
:1029E0000020704738B54FF080440223C4F8083304
:1029F0000123E3600023C4F80431D4F8043142F227
:102A00001075D4F81834DB0304D50120FFF786FFD6
:102A1000013DF6D138BD43090AD0012B0BD14FF649
:102A2000FF7300F01F0023FA00F000F00100704770
:102A30004FF0FF33F5E70020704710B50446084615
:102A4000F6F708FF04EB4004207DC0F3401010BDF2
:102A500010B504460846F6F7FDFE04EB4004A08AD4
:102A600000F01C00003818BF012010BD10B504464E
:102A70000846F6F7EFFE04EB4004207DC0F340006B
:102A800010BD10B50446FFF7F1FF20B12046BDE8A8
:102A90001040FFF7D2BF10BD10B504460846F6F748
:102AA000D9FE04EB4004A08A400B10BD70B504466B
:102AB00008461646F6F7CEFE08300D4634F81030BC
:102AC000DA0509D5C3F3432304EBC302314654F8B6
:102AD0003330526828469847A3682BB1E2683146E4
:102AE0002846BDE87040184770BD2DE9F3410190BC
:102AF00001A8DDE908580C4617461E46F6F7EEFE1B
:102B0000019B391E18BF012100EB8300231E18BF53
:102B10000123002E43EA41030CBF00210C21002DAC
:102B200043EA01030CBF00214FF4E061B8F1000F4C
:102B300043EA0103D0F800270CBF00214FF44031D5
:102B40000B4322EA030304B124780FB13F787F00DE
:102B50001C430EB13678B6003C438DB1297809028A
:102B60003443B8F1000F03D098F800804FEA0848CA
:102B7000214341EA0801C0F8001702B0BDE8F08126
:102B80002946EDE71FB50DF10F03019300238DF8E2
:102B90000F1000931A461946FFF7A7FF05B05DF81E
:102BA00004FB2DE9F047002504468846D7B22E469F
:102BB0004FF00109AA46AF420CD1D4F87C3133B1B1
:102BC0000023C4F87C31D4F87C3146F0004630460E
:102BD000BDE8F0872846F6F7B5FEA0F580739B08A0
:102BE00009FA03F318EA030F05D022581AB144F882
:102BF00000A022581E430135EDB2DCE738B504468B
:102C00000D46FFF71AFFA8B12046FFF72FFF88B93E
:102C10002046FFF741FF226801238340C2F80833B2
:102C2000236803EB8000D0F8103523F00303C0F8CD
:102C3000103538BD28460021BDE83840FFF7A2BF57
:102C400000F180431A68002A1FBF00221A601B6827
:102C5000012008BF002070474FF080434FF460729E
:102C6000C3F8042370474FF080434FF46072C3F8F9
:102C70000823704708B5F7F725FBBDE80840FFF7C4
:102C80008CBE10B5A1F58074A4080123A3401840A0
:102C90000AD001F1804101F5E041086820B100202F
:102CA000086009680AB9012010BD11681943116054
:102CB000F9E708B500210120F7F742FC0028F9D018
:102CC00008BD30B5D0F804312BB10023C0F8043171
:102CD000D0F80431012391F82F2022B30022C0F84C
:102CE0002421D0F82441C0F81C21D0F81C41C0F8A0
:102CF0000821D0F80821002B79D0002281F82D205E
:102D000091F82F20002A37D14D6B8C6AA5421FBF46
:102D10000523C0F80025C0F80035134683F00103F1
:102D200081F82F3028E0D0F8244114B1C0F82421D4
:102D30000EE0D0F81C216AB3C0F81C41D0F81C2169
:102D40004A6B01324A63D0F8245145B1C0F824419E
:102D5000D0F824210122426181F82F20CBE78C6A30
:102D6000A24204D24C6AA25CC0F81C25C3E791F8C9
:102D70002C201AB10123C361002030BD0A6A12F071
:102D8000400F4FF0010203D0C26181F82D20F3E71C
:102D90004261B0E7D0F80841002CACD0C0F808215F
:102DA000D0F80841D0F82441002CBFD14A6B8C6A7E
:102DB000A242A0D24C6AD0F81855A5544A6B8C6A2E
:102DC0000132651EAA424A6308D10A6A540602D437
:102DD0000222C0F80022012202628CE7A242FAD14C
:102DE0000A6A520687D5022381F82D30C4E70120F4
:102DF000C3E707B5019001A8F8F76EFB019A01231C
:102E00009340C0F8083503B05DF804FB08B1F1F752
:102E1000DDBB704740B1C368587810F001001EBF99
:102E20001878B0FA80F040097047EFF3118320233F
:102E300083F31288BFF36F8FFEE708B5FFF7F5FF46
:102E400010B400F10C04C0E903440024446110BC38
:102E5000EFF730BD10B582696AB1C36842EA030179
:102E6000890708D14169A2FB011424B95B182CBF62
:102E70000121002102D36FF0150005E001619B1ACA
:102E800042698A4201D8002010BD02691A60826935
:102E9000036101319B1AF3E710B5C0E90532002345
:102EA000C160C36183600446FFF7D4FF08B9C4E979
:102EB000004410BD13B501240094F9F755F802B091
:102EC00010BD90F90E308B4201D0FBF70FB80020F7
:102ED000704703460020C3E90200C3E9003370478E
:102EE00010B5044630B10268930703D0446809B1B5
:102EF00000F05BF9204610BD0023C0E90033836079
:102F000000F10C03C0E90333704707B501230093B8
:102F100000230A461946F9F7B3FB03B05DF804FB3A
:102F200007B500230A4600931946F9F7A9FB03B039
:102F30005DF804FB00680021FFF7D2BF3AB18A4276
:102F400005D3C0E90212C0E90000002070476FF00D
:102F500015007047026801238B4022EA03030360D7
:102F600022FA01F000F00100704710B50321044679
:102F70000C30FFF7EFFF30B104F11000FBF7F2FF68
:102F8000B0FA80F0400910BD20B100221146C430D3
:102F9000FBF7AEBC704710B5FAF726F8041E08DD43
:102FA000EFF31180202383F31288BFF36F8FFBF7B9
:102FB00077F8204610BDEFF30580003818BF0120D8
:102FC0007047D0E9003213605A600023C0E9003333
:102FD000704738B504460D46FAF7B2FC237C43F03F
:102FE00002032374D5B1A5602B689D4209D16B689B
:102FF000C4E900531C606C6010E06A689A42F6D025
:103000001B68002BF3D093F90E1094F90E20914217
:10301000F3DD5A68C4E9003214605C6038BD10B555
:10302000037C13F0280F04460CD183680BB1FAF728
:1030300061FD237C23F0040323742046BDE8104087
:10304000FAF716BC10BDFAF70FBD38B5046805468F
:10305000AC424FF0000000D138BD002CFCD020461F
:10306000FAF748FD04F11800FBF77CFF2046FAF759
:10307000FFFB2C680120A542EDE708B50246FBF7EF
:1030800067FE70B1D0E904319B1A61EBE272B3F1D3
:10309000004F72F1000104DA002AACBF184600208C
:1030A00008BD6FF00040FBE708B5FCF78BF808BDE2
:1030B000FCF788B8B3F1FF3F08BFB2F1FF3F70B52E
:1030C00006461D46144614D01A4316D0002B08DBC2
:1030D000FCF778F8041941EB0501C6E900413046D8
:1030E00070BD6FF001031C1B4FF0FF3363EB050154
:1030F000F3E74FF0FF342146EFE70024FBE7B3F19D
:10310000FF3F08BFB2F1FF3FF8B5074616461C4621
:1031100010D054EA020311D0FCF754F8B0420A462A
:10312000A14103460AD2F31A64EB0204C7E9003452
:103130003846F8BD4FF0FF331C46F7E70023FBE7A6
:103140000023C0E9081200F11802C0E90622C0E914
:10315000003303634363704710B50446D0E9180297
:103160000B6812F0010F03EA000301D0984210D15E
:103170007BB12366520742BF4A681A434A6004F192
:103180001800FBF7EFFE0023C4F8B4302046FFF729
:1031900046FF002010BD0A46FCF712BA0A4600217D
:1031A000FCF70EBA5200FCF755BA20B1011F50F8D7
:1031B000040CF8F7CFBC704770470A44914200F105
:1031C000FF3300D1704710B511F8014B03F8014FE0
:1031D0009142F9D110BD02440346934200D1704799
:1031E00003F8011BF9E710B50139034632B111F8B4
:1031F000014F03F8014B013A002CF7D11A4400218A
:10320000934200D110BD03F8011BF9E710B5024647
:1032100001448A42134603D01C780132002CF8D1B5
:10322000181A10BDF0B5C3F137070446FFB203F01A
:103230001F031046082BE6B233D0102B3ED0650892
:10324000A40844EA817445EAC1752D194FEA910238
:1032500042EB5102290941EA02716D1842EB121248
:10326000290A41EA02616D1842EB1222290C41EA57
:1032700002416D1842EB1242AD1842F10002EC0817
:1032800044EA4274D10804EB8402A6EB4205EDB295
:10329000092D0CD90134A5F10A0541F10001EDB267
:1032A00012E0E40844EA417406F00705C908303525
:1032B00054EA010200F8015BBCD1F0BD240944EAE4
:1032C000017406F00F050909092D84BFED19EDB24F
:1032D000EDE7D1E9043293421EBF5A1C0A6118700F
:0432E0007047000033
:0832E400EEECFE7F010000008A
:1032EC00B54500000000000000000000AC330100F8
:1032FC00B9BA000000000000FDBB00000000000097
:10330C0000000000C833010000000000E43301009D
:10331C00E728010000000000000000001C34010040
:10332C000000000000340100217D000000000000BE
:10333C001591000000000000854100000000000015
:10334C00EB28010000000000E9F80000000000007C
:10335C000000000054340100000000007034010033
:10336C00000000003834010000000000E0340100CF
:10337C00000000008C34010000000000C434010087
:10338C0000000000A83401003D53000000000000C4
:10339C0009330000000000007D3200000000000036
:1033AC001E520100A4390100343701008E050020A3
:1033BC00B81400207178000000000000795301005F
:1033CC00B439010088360100900500203415002026
:1033DC00858100000000000087530100C8390100FE
:1033EC0088360100920500204015002085810000E0
:1033FC0000000000634E0100183901005037010035
:10340C008805002030000020355A00000000000024
:10341C00E4550100603A0100943701009E0500203C
:10342C008C0400205D8C000000000000F6500100B0
:10343C00803901003C3901008A050020600300201E
:10344C00F161000000000000A75101000000000025
:10345C007C3601008C05002000000000097500007E
:10346C000000000095530100DC390100AC3601006E
:10347C0094050020240400205923010000000000C2
:10348C00EA53010000000000FC3601009605002004
:10349C004C15002085840000000000004C540100F5
:1034AC00103A0100E0360100980500209A16002021
:1034BC00952501000000000056540100183A010047
:1034CC00C43601009A0500207815002051860000B2
:1034DC0000000000DE550100343A010018370100ED
:1034EC009C05002000090020358800000000000029
:1034FC00752C010017290100000000009B0601003B
:10350C001C3401008D8B000024040020FDB300004E
:10351C00000000009B060100000000009B0601005B
:10352C00340200202D23010099AD00001729010061
:10353C00000000009B060100000000009B0601003B
:10354C00000000009B060100000000009B0601002B
:10355C008C340100BD830000000000009B060100BC
:10356C00000000009B060100000000009B0601000B
:10357C00000000009B06010000000000F18E00001E
:10358C00000000009B060100000000009B060100EB
:10359C00000000009B060100000000009B060100DB
:1035AC00000000009B060100000000009B060100CB
:1035BC00000000009B060100000000009B060100BB
:1035CC00000000009B060100000000009B060100AB
:1035DC00000000009B060100000000009B0601009B
:1035EC00000000009B060100000000009B0601008B
:1035FC00000000009B060100000000009B0601007B
:10360C00000000009B060100000000009B0601006A
:10361C00000000009B060100000000009B0601005A
:10362C00000000009B060100DD6900001729010065
:10363C00000000009B060100000000009B0601003A
:10364C00000000009B060100000000009B0601002A
:10365C00000000009B060100000000009B0601001A
:10366C00000000009B060100000000009B0601000A
:0C367C00CD7100004D75000058020000E8
:103688007D7F0000D5220100E3220100FB2201001A
:1036980007230100132301006D7E0000717D0000E7
:0436A800000000001E
:1036AC007F24010000000000C32301000000000083
:0836BC0000000000AF24010032
:1036C4005923000000000000000000008B260100C8
:1036D400BF26010000000000000000000000000000
:1036E400000000000000000051850000E984000093
:1036F40000000000000000000000000000000000C6
:1037040000000000D5830000918300000000000049
:1037140000000000000000000000000000000000A5
:10372400A32801004D8700000000000000000000F5
:10373400CD780000CB220100992201000000000096
:0C37440099770000000000000000000069
:103750005F150100515900000000000009580000E9
:103760004B15010059180100E5150100DF14010097
:103770008F180100DB15010000000000F7140100A4
:103780000000000000000000FF14010013180100F9
:1037900011150100158A0000D98B0000398A00003C
:1037A000218E0000498A0000758A0000BD8A000051
:1037B000E98A0000C98A0000D98A0000E98A00006D
:1037C000118B0000258B0000358B0000458B00001D
:0837D000E3280100798B0000E1
:1037D800040000000F0000000100000008000000C5
:1037E80020000000680000007800000010000000C1
:1037F8000C0000000E000000500000007C000000DB
:10380800B0000000FFFFFFFFFFFFFFFFFFFFFFFF0C
:04381800FFFFFFFFB0
:1038200000000000000000008C1600200C000000CA
:103830000C0000000000000000000000000000007C
:103840000338FDD870470000543401000001000423
:1038500000000002000000000C00000054340100D1
:103860000101000400000103000000000C00000042
:1038700054340100020100040000020600000000B0
:103880000C00000054340100030100040000030494
:10389000000000000C00000054340100040100048A
:1038A00000000400000000000C000000543401007F
:1038B0000601000400000601000000000C000000EA
:1038C000000000007B0601001C0200201402002002
:1038D0000C0200200000000004020020453400001B
:1038E000393300008D330000ED330000000000206C
:1038F0000000000000000B0602000000003901007B
:1039000000000000F8490100260002060000002027
:10391000004A010022000B11EC0200200000000010
:103920004305002000030020000000008C39010046
:103930001006002000000000000000000000000051
:1039400051630000AD610000615C0000D5600000C3
:10395000000000000164000079630000156F0000A2
:103960008D610000000000008D6F0000CD68000038
:10397000AD5C0000AD210100DF210100D721010075
:10398000000000000100000021610000072201008A
:1039900000000000EF2101005D7700004978000081
:1039A00000000000D5790000FD780000C72201006A
:1039B000B9220100FFFF0000000300503402002084
:1039C0000000000001000000FFFFFFFF00000050AA
:1039D0003402002000000000000000000000000091
:1039E000000000000000980100000101992301007F
:1039F000F439010000300040003A010001000000ED
:103A0000083A0100020000000C00000C0B00000B43
:103A100070340100440000002D8700007034010064
:103A20006A000000A527010071270100DB270100C3
:103A30000F280100543401000500000000000000C0
:103A40000000000000000000400D0300A0860100FF
:103A50000000000000000000640000000000000002
:103A6000643A010000200040703A010001000000AB
:103A7000783A01000200000019000000180000015F
:103A80000800000003000000EC320100EC320100ED
:103A90003C330100443301009C330100AC3301008E
:103AA000BF6801000001000088130000FF8FFFFFC6
:103AB000FF8FFFFFFE8FFFFFFE8FFFFFFD8FFFFFDA
:103AC000FC8FFFFFFC8FFFFF6D757465785F66727A
:103AD00065652063616C6C65642077697468204E4D
:103AE000554C4C20706172616D6574657200000008
:103AF00043616E277420696E697469616C697A65C7
:103B0000206D757465782C20776173204E554C4C70
:103B10000D0A0000436F756C64206E6F74206C6F2B
:103B2000636B20706F7765722073617665206D75A9
:103B30007465780009040200040008001000010008
:103B4000010008000200040000000C001A0034000C
:103B50006800D000A00141038206040D081A01008C
:103B60005374617274696E6720424C45202B20416A
:103B70004443202B20494D55206170706C6963616E
:103B800074696F6E0A004144432064657669636519
:103B900020666F72206368616E6E656C20257520EB
:103BA0006973206E6F742072656164790A00414404
:103BB00043206368616E6E656C20257520757365A2
:103BC00073206120646966666572656E7420414485
:103BD00043206465766963650A00436F756C6420F1
:103BE0006E6F7420636F6E666967757265204144FD
:103BF00043206368616E6E656C2025752C206572AC
:103C0000726F722025640A00536978204144432072
:103C10006368616E6E656C7320696E697469616C4E
:103C2000697A65640A00494D552064657669636563
:103C3000206973206E6F742072656164790A004395
:103C4000616E6E6F742073657420616363656C656B
:103C5000726F6D65746572204F44522C20657272CC
:103C60006F722025640A0043616E6E6F7420736565
:103C700074206779726F73636F7065204F44522CA4
:103C8000206572726F722025640A00494D552069C3
:103C90006E697469616C697A656420617420257548
:103CA00020487A0A0023204552524F523A2041447C
:103CB000432072656164206661696C65642C2065CF
:103CC00072726F722025640A0023204552524F52AF
:103CD0003A20494D552073616D706C65206665749E
:103CE0006368206661696C65642C206572726F720E
:103CF0002025640A0023204552524F523A20416346
:103D000063656C65726F6D65746572207265616460
:103D1000206661696C65642C206572726F72202563
:103D2000640A0023204552524F523A204779726F5D
:103D300073636F70652072656164206661696C658C
:103D4000642C206572726F722025640A0025752C20
:103D500025642C25642C25642C25642C25642C25B5
:103D6000642C256C6C642C256C6C642C256C6C6448
:103D70002C256C6C642C256C6C642C256C6C640A92
:103D80000023204552524F523A2043535620726F1F
:103D90007720666F726D617474696E672066616901
:103DA0006C6564206F7220776173207472756E6326
:103DB000617465640A00257300574553545F544F7E
:103DC000504449522F7A65706879722F6C69622F5E
:103DD000686561702F686561702E630028616C6989
:103DE000676E20262028616C69676E202D2031299E
:103DF00029203D3D203000415353455254494F4EF8
:103E0000204641494C205B25735D20402025733AB4
:103E100025640A0009616C69676E206D75737420F2
:103E20006265206120706F776572206F6620320AAC
:103E3000006279746573202F203855203C3D203076
:103E40007837666666550009686561702073697A1F
:103E50006520697320746F6F206269670A00627958
:103E6000746573203E20686561705F666F6F74656E
:103E7000725F6279746573286279746573290009C9
:103E8000686561702073697A6520697320746F6F4B
:103E900020736D616C6C0A00686561705F737A20D5
:103EA0003E206368756E6B737A2873697A656F66F6
:103EB00028737472756374207A5F6865617029294C
:103EC000006368756E6B305F73697A65202B206DB7
:103ED000696E5F6368756E6B5F73697A65286829C0
:103EE000203C3D20686561705F737A0057455354EC
:103EF0005F544F504449522F7A65706879722F6928
:103F00006E636C7564652F7A65706879722F6B6566
:103F1000726E656C2E6800216B5F69735F707265ED
:103F20005F6B65726E656C282900096B5F63757243
:103F300072656E745F6765742063616C6C65642084
:103F40007072652D6B65726E656C0A00574553542F
:103F50005F544F504449522F7A65706879722F6CC4
:103F600069622F7574696C732F6F6E6F66662E634E
:103F7000007374617465203D3D20305500217379D4
:103F8000735F736C6973745F69735F656D70747967
:103F900028266D67722D3E636C69656E7473290007
:103FA0007472616E73697420213D202828766F69D0
:103FB00064202A293029007374617465203D3D20F6
:103FC0002831554C203C3C2028312929006D67724E
:103FD0002D3E72656673203D3D2030007374617420
:103FE00065203D3D202831554C203C3C202830297F
:103FF0002900574553545F544F504449522F7A6516
:10400000706879722F696E636C7564652F7A65705C
:104010006879722F7370696E6C6F636B2E68007AAB
:104020005F7370696E5F756E6C6F636B5F76616CEA
:104030006964286C2900094E6F74206D79207370B3
:10404000696E6C6F636B2025700A007A5F7370690C
:104050006E5F6C6F636B5F76616C6964286C2900BE
:1040600009496E76616C6964207370696E6C6F6368
:104070006B2025700A006D67722D3E726566732095
:104080003E203000287374617465203D3D2028284F
:1040900031554C203C3C2028322929207C202831D5
:1040A000554C203C3C20283129292929207C7C2082
:1040B000287374617465203D3D20282831554C20BB
:1040C0003C3C2028322929207C2030552929207C7D
:1040D0007C20287374617465203D3D20282831556B
:1040E0004C203C3C2028322929207C202831554C6A
:1040F000203C3C2028302929292900574553545F6A
:10410000544F504449522F7A65706879722F6C6908
:10411000622F7574696C732F6E6F746966792E6384
:1041200000574553545F544F504449522F7A65709D
:104130006879722F6C69622F7574696C732F72695C
:104140006E675F6275666665722E630065727220C7
:104150003D3D2030006364635F61636D5F300063E9
:1041600064635F61636D5F73657269616C002A2AC5
:104170002A20426F6F74696E67204D7920417070FC
:104180006C69636174696F6E2076332E342E302D26
:10419000356665326165373432336363202A2A2AF3
:1041A0000A002A2A2A205573696E67206E5246201B
:1041B000436F6E6E6563742053444B2076332E3408
:1041C0002E302D393935353330353536303762209C
:1041D0002A2A2A0A002A2A2A205573696E67205A39
:1041E0006570687972204F532076342E342E302D2E
:1041F000626638303165346533643139202A2A2AC1
:104200000A006D757465785F696E69742063616C0E
:104210006C65642077697468204E554C4C20706141
:1042200072616D6574657200436F756C64206E6FAA
:104230007420616C6C6F63617465206D7574657852
:10424000206265666F726520696E697469616C6968
:104250007A696E670072302F61313A2020307825FC
:10426000303878202072312F61323A202030782582
:10427000303878202072322F61333A202030782570
:104280003038780A0072332F61343A202030782594
:10429000303878207231322F69703A2020307825FA
:1042A000303878207231342F6C723A2020307825E3
:1042B0003038780A0020787073723A2020307825E0
:1042C0003038780A004661756C74696E6720696ED3
:1042D000737472756374696F6E2061646472657360
:1042E0007320287231352F7063293A2030782530B9
:1042F00038780A00556E68616E646C6564204952B6
:10430000516E3A2025640A002A2A2A2A2A20555367
:10431000414745204641554C54202A2A2A2A2A0A38
:104320000020204469766973696F6E206279207A73
:1043300065726F0A002020556E616C69676E656456
:10434000206D656D6F7279206163636573730A0018
:1043500020204E6F20636F70726F636573736F728E
:1043600020696E737472756374696F6E730A0020CE
:1043700020496C6C6567616C206C6F6164206F66AE
:10438000204558435F52455455524E20696E746F14
:104390002050430A002020496C6C6567616C2075D1
:1043A0007365206F662074686520455053520A007B
:1043B0002020417474656D707420746F2065786579
:1043C0006375746520756E646566696E65642069E1
:1043D0006E737472756374696F6E0A002A2A2A2AD2
:1043E0002A20425553204641554C54202A2A2A2A35
:1043F0002A0A002020537461636B696E672065721E
:10440000726F720A002020556E737461636B696E5F
:1044100067206572726F720A0020205072656369AE
:104420007365206461746120627573206572726FB8
:10443000720A002020424641522041646472657332
:10444000733A20307825780A002020496D70726513
:10445000636973652064617461206275732065729D
:10446000726F720A002020496E73747275637469EA
:104470006F6E20627573206572726F720A00202061
:10448000466C6F6174696E672D706F696E74206C15
:10449000617A7920737461746520707265736572D6
:1044A000766174696F6E206572726F720A002A2AD3
:1044B0002A2A2A204D5055204641554C54202A2A5C
:1044C0002A2A2A0A002020537461636B696E6720D0
:1044D0006572726F722028636F6E746578742061E4
:1044E000726561206D69676874206265206E6F7403
:1044F0002076616C6964290A00202044617461207F
:104500004163636573732056696F6C6174696F6E84
:104510000A0020204D4D464152204164647265736B
:10452000733A20307825780A002020496E7374721F
:10453000756374696F6E2041636365737320566998
:104540006F6C6174696F6E0A00574553545F544F26
:10455000504449522F7A65706879722F617263688E
:104560002F61726D2F636F72652F636F7274657840
:104570005F6D2F6661756C742E63002128282853A7
:1045800043425F54797065202A29202828307845D5
:1045900030303045303030554C29202B20307830A9
:1045A000443030554C2920292D3E43465352202675
:1045B000202831554C203C3C20283055202B2034DD
:1045C000552929290009537461636B696E67206F4F
:1045D000722044617461204163636573732056697E
:1045E0006F6C6174696F6E206572726F722077698B
:1045F00074686F757420737461636B206775617282
:10460000642C20757365722D6D6F6465206F722048
:104610006E756C6C2D706F696E7465722064657454
:10462000656374696F6E0A0A005265736572766518
:104630006420457863657074696F6E20280053703C
:104640007572696F757320696E74657272757074B6
:1046500020284952512000535053454C20696E2068
:10466000746872656164206D6F646520646F657342
:10467000206E6F7420696E646963617465205053A5
:10468000500A0065736620213D202828766F6964F2
:10469000202A293029000945534620636F756C6430
:1046A000206E6F742062652072657472696576652C
:1046B00064207375636365737366756C6C792E2003
:1046C0005368616C6C206E65766572206F636375EC
:1046D000722E0A002A2A2A2A2A20484152442046B9
:1046E00041554C54202A2A2A2A2A0A0020204275A1
:1046F00073206661756C74206F6E20766563746FCD
:1047000072207461626C6520726561640A00202009
:104710004465627567206576656E740A00202046E0
:1047200061756C7420657363616C6174696F6E2070
:10473000287365652062656C6F77290A00415243D2
:10474000485F455843455054207769746820726526
:1047500061736F6E2025780A0A00094661756C74D2
:1047600020657363616C6174696F6E20776974682A
:104770006F75742046535220696E666F0A000948AF
:104780006172644661756C7420776974686F7574C2
:10479000204846535220696E666F205368616C6CE6
:1047A000206E65766572206F636375720A002A2A2F
:1047B0002A2A2A204465627567206D6F6E69746FBE
:1047C0007220657863657074696F6E202A2A2A2AC0
:1047D0002A0A002A2A2A2A2A202573202564292029
:1047E0002A2A2A2A2A0A00574553545F544F504414
:1047F00049522F7A65706879722F617263682F61F0
:10480000726D2F636F72652F636F727465785F6D61
:104810002F6972715F6D616E6167652E63007072E2
:10482000696F203C3D20282831554C203C3C2028F5
:10483000332929202D2031290009696E76616C69A0
:1048400064207072696F7269747920256420666FC4
:104850007220256420697271212076616C75657300
:10486000206D757374206265206C657373207468A5
:10487000616E20256C750A0A00574553545F544FEA
:10488000504449522F7A65706879722F617263685B
:104890002F61726D2F636F72652F6D70752F61724E
:1048A0006D5F6D70752E630009436F6E6669677585
:1048B00072696E6720257520737461746963204D79
:1048C000505520726567696F6E73206661696C650B
:1048D000640A0A00095265717565737420746F204B
:1048E000636F6E6669677572653A2025752072651B
:1048F00067696F6E732028737570706F727465646A
:104900003A202575290A0A002128726567696F6EA9
:104910005B6964785D2E64745F6174747220262014
:104920002831554C203C3C202830292929000952A7
:10493000414D5F4E4F43414348452077697468209D
:1049400044545F4D454D5F434143484541424C45CA
:10495000206174747269627574650A0A000946619F
:10496000696C656420746F20616C6C6F6361746541
:10497000204D505520726567696F6E732066726FA7
:104980006D2044540A0A002828284D50555F547958
:104990007065202A2920282830784530303045306D
:1049A0003030554C29202B20307830443930554C4C
:1049B0002920292D3E54595045202620283078465C
:1049C00046554C203C3C2038552929203E3E203875
:1049D00055203D3D20380009496E76616C696420A0
:1049E0006E756D626572206F66204D505520726540
:1049F00067696F6E730A0A00464C4153485F300086
:104A00005352414D5F3000574553545F544F50440B
:104A100049522F7A65706879722F6C69622F6E65C2
:104A2000745F6275662F6275662E63006275662D0F
:104A30003E6672616773203D3D202828766F696469
:104A4000202A29302900706F6F6C007265715F73C6
:104A5000697A65203C3D2073697A65006C697374DE
:104A600000627566006275662D3E726566000962B9
:104A7000756620257020646F75626C6520667265AE
:104A8000650A00706172656E7400706172656E74A3
:104A90002D3E667261677300706172656E742D3EA3
:104AA0006672616773203D3D2066726167005745FD
:104AB00053545F544F504449522F7A65706879724D
:104AC0002F6C69622F6E65745F6275662F62756602
:104AD0005F73696D706C652E63006275662D3E6C48
:104AE000656E203D3D203055006E65745F627566D1
:104AF0005F73696D706C655F7461696C726F6F6D07
:104B00002862756629203E3D206C656E00627566E0
:104B10002D3E6C656E203E3D206C656E0057455302
:104B2000545F544F504449522F7A65706879722F00
:104B30007375627379732F7573622F646576696319
:104B4000655F6E6578742F757362645F64657669FE
:104B500063652E6300094E6F7420737570706F72F9
:104B60007465642073706565640A00574553545F2B
:104B7000544F504449522F7A65706879722F696E8C
:104B8000636C7564652F7A65706879722F647269D9
:104B9000766572732F7573622F7564632E68005784
:104BA0004553545F544F504449522F7A6570687989
:104BB000722F7375627379732F7573622F646576C4
:104BC0006963655F6E6578742F757362645F63688F
:104BD000392E63006173636969375F7374725B694F
:104BE0005D203E203078314620262620617363699F
:104BF00069375F7374725B695D203C20307837469B
:104C000000094F6E6C79207072696E7461626C6518
:104C10002061736369692D37206368617261637411
:104C20006572732061726520616C6C6F77656420BA
:104C3000696E2055534220737472696E67206465F3
:104C40007363726970746F72730A00574553545FCF
:104C5000544F504449522F7A65706879722F73759A
:104C6000627379732F7573622F6465766963655F0C
:104C70006E6578742F757362645F636F72652E63FF
:104C8000007564735F63747820213D202828766F57
:104C90006964202A29302920262620757362645FE2
:104CA00069735F696E697469616C697A6564287596
:104CB00064735F63747829000955534220646576F4
:104CC000696365206973206E6F7420696E69746909
:104CD000616C697A65640A007573626400635F6E73
:104CE00064203C3D205F757362645F636C61737325
:104CF0005F66735F6C6973745F656E640009756EDF
:104D00006578706563746564206C69737420656E82
:104D100064206C6F636174696F6E0A00635F6E6418
:104D2000203C3D205F757362645F636C6173735FE9
:104D300068735F6C6973745F656E640057455354A4
:104D40005F544F504449522F7A65706879722F73BF
:104D500075627379732F7573622F64657669636505
:104D60005F6E6578742F757362645F636C617373D3
:104D70002E6300574553545F544F504449522F7A85
:104D800065706879722F7375627379732F757362AA
:104D90002F6465766963655F6E6578742F757362DD
:104DA000645F656E64706F696E742E6300094361A1
:104DB0006E6E6F742064657465726D696E652062D5
:104DC0004D61785061636B657453697A6530202852
:104DD000756E737570706F7274656420737065653D
:104DE00064290A00574553545F544F504449522F89
:104DF0007A65706879722F7375627379732F757322
:104E0000622F6465766963655F6E6578742F75736C
:104E100062645F6D73672E63006E6F646520213D71
:104E2000202828766F6964202A2930290009736CAC
:104E3000697374206170706561727320746F206291
:104E40006520656D7074790A00094661696C656456
:104E500020746F207363686564756C6520776F726A
:104E60006B0A00626F6172645F6364635F61636DAC
:104E70005F7561727400574553545F544F504449F5
:104E8000522F7A65706879722F64726976657273D1
:104E90002F7573622F7564632F7564635F6E72661E
:104EA0002E6300212828657020262030784629208E
:104EB0003E3D2038290028282828657020262030EB
:104EC00078383029203D3D2030783830292026267A
:104ED000202828657020262030784629203C20395B
:104EE0002929207C7C2028282865702026203078DD
:104EF000383029203D3D20302920262620282865CD
:104F00007020262030784629203C20392929290084
:104F100021286D5F65705F61726D656420262028B1
:104F200031554C203C3C202865705F626974706F7D
:104F300073292929207C7C2021286D5F65705F7290
:104F4000656164792026202831554C203C3C20287E
:104F500065705F626974706F73292929000949536C
:104F60004F20494E206D757374206E6F74206265FA
:104F70002061726D656420616E6420726561647980
:104F80000A0021286D5F65705F61726D656420267F
:104F9000202831554C203C3C202865705F626974A4
:104FA000706F732929290009657020307825303207
:104FB0007820616C72656164792061726D65640A44
:104FC0000021286D5F65705F646D615F7761697452
:104FD000696E672026202831554C203C3C202865EE
:104FE000705F626974706F732929290009657020E8
:104FF00030782530327820616C7265616479207771
:10500000616974696E670A007564635F6E726678C1
:1050100000636667007564635F6765745F627566E9
:105020005F696E666F28627566292D3E64617461E2
:105030000009455030494E20627566206973206E24
:105040006F7420646174610A007564635F676574DE
:105050005F6275665F696E666F28627566292D3EB0
:1050600073746174757300094550304F5554206254
:105070007566206973206E6F742073746174757324
:105080000A00216E72665F757362645F6C656761AA
:1050900063795F73757370656E645F636865636B76
:1050A0002829007061796C6F61645F6C656E203CCB
:1050B0003D203634006E7266785F69735F696E5F9B
:1050C00072616D287061796C6F61645F62756629C9
:1050D000006B5F73656D5F636F756E745F6765749A
:1050E0002826646D615F617661696C61626C652917
:1050F000203D3D20310075736264403430303237DA
:1051000030303000574553545F544F504449522F6C
:105110007A65706879722F647269766572732F612F
:1051200064632F6164635F636F6D6D6F6E2E6300E8
:105130006764702D3E6D756C20213D2030006764E2
:10514000702D3E64697620213D2030005745535430
:105150005F544F504449522F7A65706879722F64BA
:105160007269766572732F6164632F6164635F6E29
:105170007266785F73616164632E630028696E7480
:10518000657276616C5F7573203C3D203132385515
:10519000292026262028696E74657276616C5F75F9
:1051A00073203E2030290061646340343030303752
:1051B00030303000574553545F544F504449522FBC
:1051C0007A65706879722F647269766572732F637D
:1051D0006C6F636B5F636F6E74726F6C2F636C6F59
:1051E000636B5F636F6E74726F6C5F6E72662E635B
:1051F0000074797065203C20434C4F434B5F434F14
:105200004E54524F4C5F4E52465F545950455F4387
:105210004F554E5400657272203E3D203000636C45
:105220006F636B403430303030303030005745538E
:10523000545F544F504449522F7A65706879722FE9
:10524000647269766572732F636C6F636B5F636FF3
:105250006E74726F6C2F6E72665F636C6F636B5FE0
:1052600063616C6962726174696F6E2E6300574589
:1052700053545F544F504449522F7A657068797285
:105280002F696E636C7564652F7A65706879722F0B
:10529000647269766572732F6770696F2F677069C2
:1052A0006F5F7574696C732E680063616C6C62610A
:1052B000636B00094E6F2063616C6C6261636B21EC
:1052C0000A0063616C6C6261636B2D3E68616E64A1
:1052D0006C657200094E6F2063616C6C6261636B78
:1052E0002068616E646C6572210A00574553545FF3
:1052F000544F504449522F6D6F64756C65732F681D
:10530000616C2F6E6F726469632F6E7266782F689E
:10531000616C2F6E72665F6770696F2E68006E72C7
:10532000665F6770696F5F70696E5F7072657365E5
:105330006E745F636865636B282A705F70696E299D
:1053400000574553545F544F504449522F7A65706B
:105350006879722F647269766572732F6770696FEE
:105360002F6770696F5F6E7266782E630063622DBF
:105370003E68616E646C6572006770696F403530BD
:10538000303030333030006770696F403530303046
:1053900030303030006932634034303030333030B8
:1053A0003000574553545F544F504449522F7A654B
:1053B000706879722F647269766572732F73656E87
:1053C000736F722F6E6F726469632F74656D702FC7
:1053D00074656D705F6E7266352E63006461746112
:1053E0002D3E636C6B5F6D67720074656D70403449
:1053F0003030306330303000574553545F544F5095
:105400004449522F7A65706879722F6472697665A3
:1054100072732F73656E736F722F73656E7369721B
:10542000696F6E2F7368743378642F736874337880
:10543000642E63006368616E203D3D2053454E53EA
:105440004F525F4348414E5F414C4C007368743388
:105450007864403434006C736D3664733374722D29
:105460006340366100574553545F544F504449528E
:105470002F7A65706879722F647269766572732FFE
:1054800073656E736F722F766F6C746167655F649E
:105490006976696465722F766F6C746167652E63D7
:1054A0000076616C20213D202828766F6964202ACF
:1054B00029302900574553545F544F504449522FC7
:1054C0007A65706879722F696E636C7564652F7A7E
:1054D00065706879722F647269766572732F677070
:1054E000696F2E680028666C616773202620282863
:1054F00031203C3C203429207C202831203C3C2099
:105500003529292920213D20282831203C3C2034E0
:1055100029207C202831203C3C20352929000950B5
:10552000756C6C20557020616E642050756C6C2019
:10553000446F776E2073686F756C64206E6F742093
:10554000626520656E61626C65642073696D756C5F
:1055500074616E656F75736C790A0028666C61679B
:10556000732026202831203C3C2031292920213D50
:105570002030207C7C2028666C61677320262028E0
:1055800031203C3C20322929203D3D203000286339
:1055900066672D3E706F72745F70696E5F6D6173C8
:1055A0006B202620286770696F5F706F72745F7060
:1055B000696E735F74292831554C203C3C2028705B
:1055C000696E29292920213D2030550009556E7327
:1055D0007570706F727465642070696E0A0076620F
:1055E0006174740075617274403430303032303020
:1055F0003000574553545F544F504449522F6D6FFC
:1056000064756C65732F68616C2F6E6F726469636B
:105610002F6E7266782F647269766572732F73725B
:10562000632F6E7266785F636C6F636B2E63006DC1
:105630005F636C6F636B5F63622E6D6F64756C6527
:105640005F696E697469616C697A65640057455376
:10565000545F544F504449522F6D6F64756C65739D
:105660002F68616C2F6E6F726469632F6E7266783B
:105670002F647269766572732F7372632F6E726610
:10568000785F636C6F636B5F6866636C6B2E63003F
:10569000574553545F544F504449522F6D6F6475B2
:1056A0006C65732F68616C2F6E6F726469632F6E07
:1056B0007266782F647269766572732F7372632FC6
:1056C0006E7266785F636C6F636B5F6C66636C6B46
:1056D0002E6300574553545F544F504449522F6D29
:1056E0006F64756C65732F68616C2F6E6F7264697F
:1056F000632F6E7266782F647269766572732F738A
:1057000072632F6E7266785F6770696F74652E635F
:1057100000574553545F544F504449522F6D6F64A6
:10572000756C65732F68616C2F6E6F726469632F7F
:105730006E7266782F68616C2F6E72665F67706933
:105740006F74652E6800696E646578203C203800AF
:10575000705F696E7374616E63650070696E5F6817
:1057600061735F7472696767657228705F696E73D1
:1057700074616E63652C2070696E2900696E745FB8
:10578000656E61626C6500574553545F544F5044D9
:1057900049522F6D6F64756C65732F68616C2F6E45
:1057A0006F726469632F6E7266782F6472697665B2
:1057B00072732F7372632F6E7266785F706F776586
:1057C000722E6300705F636F6E66696720213D20F3
:1057D0002828766F6964202A293029006D5F706F50
:1057E000667761726E5F68616E646C657220213DE0
:1057F000202828766F6964202A293029006D5F737C
:105800006C6565706576745F68616E646C65722046
:10581000213D202828766F6964202A293029006DCF
:105820005F7573626576745F68616E646C65722023
:10583000213D202828766F6964202A2930290057C5
:105840004553545F544F504449522F6D6F64756CEB
:1058500065732F68616C2F6E6F726469632F6E724F
:1058600066782F647269766572732F7372632F6E18
:105870007266785F73616164632E630063685F744E
:105880006F5F61637469766174655F6D61736B20CE
:105890002626202863685F746F5F61637469766190
:1058A00074655F6D61736B203C202831203C3C2087
:1058B00038292900705F6368616E6E656C2D3E70DB
:1058C000696E5F7020213D204E5246585F414E4127
:1058D0004C4F475F494E5055545F44495341424CE9
:1058E000454400574553545F544F504449522F6D1F
:1058F0006F64756C65732F68616C2F6E6F7264696D
:10590000632F6E7266782F68616C2F6E72665F739C
:10591000616164632E68006368616E6E656C203C33
:10592000203800286D5F63622E73616164635F736A
:105930007461746520213D204E52465F53414144BD
:10594000435F53544154455F554E494E4954494174
:105950004C495A45442920262620705F6368616EB1
:105960006E656C006D5F63622E73616164635F736B
:105970007461746520213D204E52465F534141447D
:10598000435F53544154455F554E494E4954494134
:105990004C495A454400286D5F63622E736161640F
:1059A000635F737461746520213D204E52465F53DE
:1059B000414144435F53544154455F554E494E491C
:1059C0005449414C495A45442920262620705F639A
:1059D0006F6E66696700286363203E3D203830554E
:1059E0004C2920262620286363203C3D2032303479
:1059F00037554C2900286D5F63622E7361616463C3
:105A00005F737461746520213D204E52465F53419F
:105A10004144435F53544154455F554E494E4954A8
:105A200049414C495A45442920262620286D5F6368
:105A3000622E73616164635F737461746520213DDC
:105A4000204E52465F53414144435F5354415445B5
:105A50005F49444C452900574553545F544F5044C7
:105A600049522F6D6F64756C65732F68616C2F6E72
:105A70006F726469632F6E7266782F6472697665DF
:105A800072732F7372632F6E7266785F7477692EEC
:105A90006300705F696E7374616E636520262620F3
:105AA000705F636F6E66696700705F636F6E6669D3
:105AB000672D3E73636C20213D20705F636F6E66BF
:105AC00069672D3E73646100705F63622D3E73747D
:105AD000617465203D3D204E5246585F4452565FEA
:105AE00053544154455F494E495449414C495A45E4
:105AF0004400705F63622D3E737461746520213DC4
:105B0000204E5246585F4452565F53544154455FAD
:105B1000554E494E495449414C495A454400287014
:105B20005F63622D3E7374617465203D3D204E526B
:105B300046585F4452565F53544154455F504F5747
:105B4000455245445F4F4E29202626202828705F65
:105B5000786665725F646573632D3E705F7072690D
:105B60006D6172795F62756620213D202828766F0D
:105B70006964202A29302929207C7C2028705F78BC
:105B80006665725F646573632D3E7072696D6172E4
:105B9000795F6C656E677468203D3D20302929204F
:105BA0002626202828705F786665725F64657363B7
:105BB0002D3E705F7365636F6E646172795F6275AD
:105BC0006620213D202828766F6964202A29302903
:105BD00029207C7C2028705F786665725F6465731D
:105BE000632D3E7365636F6E646172795F6C656E81
:105BF000677468203D3D2030292920262620212851
:105C000028705F63622D3E68616E646C6572203D32
:105C10003D202828766F6964202A293029292026EA
:105C2000262028705F786665725F646573632D3E19
:105C300074797065203D3D204E5246585F54574957
:105C40005F584645525F545852582929202626202D
:105C5000212828705F63622D3E68616E646C6572F6
:105C6000203D3D202828766F6964202A2930292983
:105C70002026262028705F786665725F64657363EE
:105C80002D3E74797065203D3D204E5246585F543C
:105C900057495F584645525F545854582929005770
:105CA0004553545F544F504449522F7A6570687978
:105CB000722F6B65726E656C2F6465766963652EF5
:105CC00063007263203E3D202D28307866662920CF
:105CD0002626207263203C203000096465766963C3
:105CE0006520257320696E69743A20696E76616C4F
:105CF0006964206572726F7220282564290A005732
:105D00004553545F544F504449522F7A6570687917
:105D1000722F6B65726E656C2F666174616C2E6399
:105D200000726561736F6E20213D204B5F455252BA
:105D30005F4B45524E454C5F50414E49430009412F
:105D40007474656D7074656420746F207265636F20
:105D50007665722066726F6D2061206B65726E656C
:105D60006C2070616E696320636F6E646974696F23
:105D70006E0A00574553545F544F504449522F7A8E
:105D800065706879722F6B65726E656C2F696E69CC
:105D9000742E63007468726561645F64617461206D
:105DA0003C3D205F5F7374617469635F7468726502
:105DB00061645F646174615F6C6973745F656E6474
:105DC0000069646C6500646576203C3D205F646515
:105DD000766963655F6C6973745F656E64006D619D
:105DE000696E00574553545F544F504449522F7ABF
:105DF00065706879722F6B65726E656C2F6B686564
:105E000061702E630021617263685F69735F696E00
:105E10005F6973722829207C7C20282874696D654D
:105E20006F7574292E7469636B73203D3D2028289B
:105E3000286B5F74696D656F75745F74297B307D45
:105E400029292E7469636B732900090A006865614A
:105E500070203C3D205F6B5F686561705F6C6973AB
:105E6000745F656E6400574553545F544F50444906
:105E7000522F7A65706879722F6B65726E656C2F20
:105E80006D656D5F736C61622E6300736C6162207F
:105E90003C3D205F6B5F6D656D5F736C61625F6C35
:105EA0006973745F656E640028736C61622D3E6671
:105EB0007265655F6C697374203D3D202828766F9C
:105EC0006964202A29302920262620736C61622DDE
:105ED0003E696E666F2E6E756D5F75736564203DED
:105EE0003D20736C61622D3E696E666F2E6E756D1E
:105EF0005F626C6F636B7329207C7C20736C6162C2
:105F00005F7074725F69735F676F6F6428736C6131
:105F1000622C20736C61622D3E667265655F6C69F0
:105F20007374290009736C616220636F72727570FB
:105F300074696F6E2064657465637465640A000932
:105F4000496E76616C6964206D656D6F7279207041
:105F50006F696E7465722070726F76696465640A29
:105F600000574553545F544F504449522F7A65703F
:105F70006879722F6B65726E656C2F696E636C75D4
:105F800064652F6B73636865642E680021617263BA
:105F9000685F6972715F756E6C6F636B6564286BA7
:105FA000657929007468726561642D3E626173656C
:105FB0002E70656E6465645F6F6E00574553545F65
:105FC000544F504449522F7A65706879722F6B652F
:105FD000726E656C2F69646C652E63005F6B657211
:105FE0006E656C2E637075735B305D2E63757272B7
:105FF000656E742D3E626173652E7072696F203E0E
:106000003D203000574553545F544F504449522F60
:106010007A65706879722F6B65726E656C2F6D731F
:10602000675F712E6300286D7367712D3E7772690B
:1060300074655F707472203E3D206D7367712D3EF4
:106040006275666665725F737461727429202626B4
:1060500020286D7367712D3E77726974655F707467
:1060600072203C3D20286D7367712D3E6275666617
:1060700065725F656E64202D203129292026262037
:10608000282873697A655F74292875696E7470743D
:10609000725F7429286D7367712D3E62756666653F
:1060A000725F656E64202D206D7367712D3E77726F
:1060B0006974655F70747229203E3D206D7367714D
:1060C0002D3E6D73675F73697A6529005745535498
:1060D0005F544F504449522F7A65706879722F6B24
:1060E00065726E656C2F6D757465782E6300216125
:1060F0007263685F69735F696E5F697372282900F4
:10610000096D7574657865732063616E6E6F7420B8
:106110006265207573656420696E736964652049E2
:106120005352730A006D757465782D3E6C6F636B06
:106130005F636F756E74203E203055005745535491
:106140005F544F504449522F7A65706879722F6BB3
:1061500065726E656C2F73656D2E63002828617201
:1061600063685F69735F696E5F6973722829203D98
:106170003D203029207C7C20282874696D656F754E
:1061800074292E7469636B73203D3D202828286B89
:106190005F74696D656F75745F74297B307D292923
:1061A0002E7469636B73292900574553545F544F0C
:1061B000504449522F7A65706879722F6B65726E00
:1061C000656C2F776F726B2E6300776F726B2D3E4D
:1061D000717565756520213D202828766F696420DA
:1061E0002A29302900776F726B2D3E68616E646CCE
:1061F000657220213D202828766F6964202A293085
:10620000290021666C61675F746573742826717557
:106210006575652D3E666C6167732C204B5F574F2B
:10622000524B5F51554555455F5354415254454477
:106230005F42495429007175657565007374616327
:106240006B0064776F726B20213D202828766F6980
:1062500064202A29302900574553545F544F504435
:1062600049522F7A65706879722F6B65726E656C12
:106270002F7468726561642E630028282828707264
:10628000696F2929203D3D203135202626207A5F5F
:1062900069735F69646C655F7468726561645F658A
:1062A0006E7472792828656E747279292929207C88
:1062B0007C202828283135202D203129203E3D20E2
:1062C00028282D31362929292026262028287072B1
:1062D000696F2929203E3D2028282D313629292083
:1062E00026262028287072696F2929203C3D202805
:1062F0003135202D20312929290009696E76616CFC
:106300006964207072696F72697479202825642924
:106310003B20616C6C6F7765642072616E67653AD3
:1063200020256420746F2025640A00095468726572
:10633000616473206D6179206E6F742062652063E3
:1063400072656174656420696E20495352730A0056
:10635000574553545F544F504449522F7A657068E3
:1063600079722F6B65726E656C2F73636865642E2E
:106370006300217A5F69735F69646C655F7468723A
:106380006561645F6F626A656374287468726561D1
:10639000642900574553545F544F504449522F7A53
:1063A00065706879722F6B65726E656C2F696E63AC
:1063B0006C7564652F6B7468726561642E68005F2C
:1063C0006B65726E656C2E637075735B305D2E63EA
:1063D000757272656E7420213D202828766F69647D
:1063E000202A293029002169735F7468726561640D
:1063F0005F64756D6D7928746872656164290057F2
:106400004553545F544F504449522F7A6570687910
:10641000722F6B65726E656C2F696E636C75646547
:106420002F6B737761702E6800617263685F6972A9
:10643000715F756E6C6F636B6564286B657929207D
:106440007C7C205F6B65726E656C2E637075735B10
:10645000305D2E63757272656E742D3E6261736578
:106460002E7468726561645F7374617465202620A0
:1064700028282831554C203C3C2028302929292027
:106480007C20282831554C203C3C202833292929C0
:10649000290009436F6E746578742073776974639B
:1064A00068696E67207768696C6520686F6C6469DD
:1064B0006E67206C6F636B210A0073697A656F6683
:1064C000285F73636865645F7370696E6C6F636B7C
:1064D00029203D3D2030207C7C206C6F636B202187
:1064E0003D20265F73636865645F7370696E6C6FCF
:1064F000636B005F6B65726E656C2E637075735BAA
:10650000305D2E63757272656E742D3E62617365C7
:106510002E73636865645F6C6F636B656420213DF7
:10652000203155005F6B65726E656C2E63707573FC
:106530005B305D2E63757272656E742D3E626173A1
:10654000652E73636865645F6C6F636B656420219F
:106550003D20305500217465726D696E617465006F
:106560000961626F72746564205F63757272656E33
:1065700074206261636B2066726F6D206465616474
:106580000A0021657373656E7469616C000961624C
:106590006F7274656420657373656E7469616C20D5
:1065A0007468726561642025700A00574553545F12
:1065B000544F504449522F7A65706879722F6B6539
:1065C000726E656C2F74696D65736C6963696E6753
:1065D0002E6300282874696D656F7574292026263E
:1065E00020282875696E747074725F742928736C22
:1065F0006963655F74696D656F7574732929203CE3
:106600003D20282875696E747074725F742928742F
:10661000696D656F757429292026262028287569DB
:106620006E747074725F74292874696D656F757407
:106630002929203C20282875696E747074725F7453
:1066400029282628736C6963655F74696D656F75A9
:106650007473295B282873697A655F742928282850
:10666000696E742973697A656F6628636861725B05
:1066700031202D202832202A202128215F5F6275B9
:10668000696C74696E5F74797065735F636F6D7048
:10669000617469626C655F70285F5F747970656FA3
:1066A000665F5F28736C6963655F74696D656F759C
:1066B0007473292C205F5F747970656F665F5F2843
:1066C0002628736C6963655F74696D656F75747393
:1066D000295B305D292929295D29202D2031292098
:1066E0002B202873697A656F6628736C6963655F10
:1066F00074696D656F75747329202F2073697A65CD
:106700006F662828736C6963655F74696D656F7562
:106710007473295B305D292929295D2929202626C2
:106720002028282875696E747074725F7429287423
:10673000696D656F75742929202D20282875696E6B
:10674000747074725F742928736C6963655F74690F
:106750006D656F75747329292920252073697A6501
:106760006F662828736C6963655F74696D656F7502
:106770007473295B305D29203D3D20302900574549
:1067800053545F544F504449522F7A657068797260
:106790002F6B65726E656C2F7468726561645F6DD6
:1067A0006F6E69746F722E6300757365725F6362DA
:1067B00020213D202828766F6964202A293029006D
:1067C00009757365725F63622063616E206E6F741A
:1067D000206265204E554C4C0A00574553545F5477
:1067E0004F504449522F7A65706879722F6B6572E9
:1067F0006E656C2F74696D656F75742E63002173FF
:1068000079735F646E6F64655F69735F6C696E6BEB
:1068100065642826746F2D3E6E6F646529005745A8
:1068200053545F544F504449522F7A6570687972BF
:106830002F6B65726E656C2F6576656E74732E6353
:1068400000574553545F544F504449522F7A657056
:106850006879722F6B65726E656C2F6D656D706FE8
:106860006F6C2E6300616C69676E203D3D203020A7
:106870007C7C20282875696E747074725F74296D31
:10688000656D20262028616C69676E202D203129D6
:1068900029203D3D203000096D6973616C69676E88
:1068A0006564206D656D6F7279206174202570209C
:1068B00028616C69676E203D20257A75290A00736E
:1068C0007973776F726B7100286E756C6C29002A72
:1068D000666C6F61742A0074696D657374616D70A4
:1068E0002C70312C70322C70332C70342C70352C71
:1068F00070362C61782C61792C617A2C67782C6742
:10690000792C677A0A00465320436F6E6669677573
:10691000726174696F6E004344432041434D20739C
:10692000657269616C206261636B656E64005A65B3
:10693000706879722050726F6A656374003031320A
:106940003334353637383941424344454600060131
:106950000501040107020301050202010302050407
:10696000010101020103010401060108010C0110EB
:1069700001180120014001800001020304050607FF
:106980000020303030303030303030303030303047
:106990000001090000000D010203040506070800BC
:1069A00000000000D15500000000000000010000C0
:1069B00000000000000000000000000000000000D7
:1069C00000000000000000000000000000000000C7
:1069D0000034010000C201000000080000000000B7
:1069E00000000000000000000000000000000000A7
:1069F0000000000000000000000000000000000097
:106A000000000000D802002000000000C4020020A6
:106A10000000000000000000000000000000000076
:106A20000000000000000000000000000000000066
:106A30000000000000000000000000000000000056
:106A40000000000000000000000000000000000046
:106A5000000000000000000000000000BC0000205A
:106A6000BC00002000000000010000000000000049
:106A700000000000D4000020D4000020000000002E
:106A800001000000E4000020E400002000000000FD
:106A900001000000000000000000000000000000F5
:106AA00000000000000000000000000000000000E6
:106AB00000000000000000000000000000000000D6
:106AC00000000000000000000000000000000000C6
:106AD00000000000000000000000000000000000B6
:106AE00000000000000000000000000000000000A6
:106AF0000000000000000000000000000000000096
:106B00000000000000000000000000000000000085
:106B1000F40100008F04010000000000280500209F
:106B20008C010020000000000000000000000000B8
:106B300000000000000401000000000006690100E0
:106B4000220300000000000000000000000303001A
:106B50000000000000000000000300000000000032
:106B600000000000000201000000000017690100A1
:106B70002E030000000000000000000000010100E2
:106B8000000000002E6901001E030000000000004C
:106B9000000000000000000000000000343B010085
:106BA000040300003C0600203A00000050060020CC
:106BB0003A000000280600203A0000006406002089
:106BC0003A000000000000000F0701000000000074
:106BD0000000000000600040000000000000000015
:106BE00000000000000000000000000000000000A5
:106BF0000000000000000000000000000000000095
:106C00000000000000000000000000000000000084
:106C10000000000000000000000000000000000074
:106C20000000000000000000000000000000000064
:106C30000000000000000000000000000000000054
:106C40000000000000000000000000000000000044
:106C50000000000000000000000000000000000034
:106C60000000000070410020000000000000000053
:106C7000000000000004000070450020000000003B
:106C80000000000000000000000400005541010069
:106C9000000000002C030020000000000034010070
:106CA000430500204B050020540500205905002015
:106CB0005E05002062050020670500206E050020AB
:106CC000770500207E0500208505002000000000DB
:106CD00089140100AD5800000D590000815A0000D0
:106CE0002B1501000716010000000000D918010053
:106CF000EF15010089150100000000008B14010050
:106D00000000000000000000000000000000000083
:106D10000000000000000000000000000000000073
:106D20000000000000000000000000000000000063
:106D30000000000000000000000000000000000053
:106D40000000000000000000000000000000000043
:106D50000000000000000000000000000000000033
:106D60000000000000000000000000000000000023
:106D70000000000000000000000000000000000013
:106D800000000000E4030020E403002000000000F5
:106D9000000000000E0000000000000000000000E5
:106DA00000000000000000000000000000000000E3
:106DB0000000000000000000217C00000000000036
:106DC0000000000000300040000000000000000053
:106DD00000000000000000000000000000000000B3
:106DE00000000000000000000000000000000000A3
:106DF0000000000000000000000000000000000093
:106E0000000000000000000068040020680400206A
:106E10000100000001000000780400207804002038
:106E200000000000010000000000000000C201009E
:106E3000000103000090D003FF000000900200005A
:106E4000A0040020A0040020000000004DF9000074
:106E500004050020FC040020F404002000000000D1
:106E6000EC04002069FA0000B5F90000E9F900001F
:106E700031FA0000DC040020E40400207016002039
:106E80003A00003A741600203A00003A78160020C2
:106E90003A00003A7C1600203A00003A80160020A2
:106EA0003A00003A841600203A00003AD404002048
:106EB000D80400201C050020C0040020B8040020D5
:106EC000B4040020B004002009020000000100808A
:106ED0007D12010002EF020140E32F0400040400D0
:106EE000000000080B00020202000009040000017B
:106EF0000202000005240010010524010001042401
:106F0000020205240600010705810310000A090496
:106F10000100020A00000007058202400000070588
:076F20000102400000000027
:106F2700000000000000000000000000000000005A
:096F370000000000000000000051
:106F4000000000000000000061F2000000000000EE
:106F50000000000000000000B8050020B805002077
:106F6000D12201000000000000000000000000002D
:086F7000000000000000000019
:106F7800D8050020D805002000000000B03A002005
:106F880000000000080000001000000000000000E1
:106F980000000000F0290020440800000000000064
:106FA800000000000000000000000000303B00204E
:106FB80000040000000000000000000000000000C5
:106FC800280600202806002000000000000000001D
:106FD8000E0000003C0600203C06002000000000D7
:106FE800000000000E00000050060020500600209F
:106FF80000000000000000000E00000064060020F1
:107008006406002000000000000000000E000000E0
:107018007806002078060020000000000C00000020
:107028000A000000383A0020B03A0020383A002020
:0C703800383A00200000000000000000BA
:10704400A4060020A40600200100000001000000A6
:10705400B4060020B4060020000000000000000078
:08706400C4060020C406002050
:10706C00000000000000000000000000D806002016
:10707C00D806002000000000100010000A000000DC
:0C708C00771901002C390100303F002072
:107098005F41010000000000000000000000000047
:1070A800000000000000000038340100000000006B
:1070B80000000000000000000000000000000000C8
:1070C80000000000000000000000000000000000B8
:1070D80000000000000000000000000000000000A8
:1070E8000000000000000000000000000000000098
:1070F8000000000000000000000000000000000088
:107108000000000031050020000000000000000021
:1071180000000000EC020020000000000000000059
:0871280000000000000000005F
:0471300015E015E071
:0400000300003A7946
:00000001FF
