:10100000002700206D39000033F900005939000035
:10101000593900005939000059390000000000001A
:10102000000000000000000000000000493A00003D
:101030005939000000000000413C0000593900000F
:10104000AD3C0000AD3C0000AD3C0000AD3C0000FC
:10105000AD3C0000AD3C0000AD3C0000AD3C0000EC
:10106000AD3C0000AD3C0000AD3C0000AD3C0000DC
:10107000AD3C0000AD3C0000AD3C0000AD3C0000CC
:10108000AD3C0000AD3C0000AD3C0000AD3C0000BC
:10109000AD3C0000AD3C0000AD3C0000AD3C0000AC
:1010A000AD3C0000AD3C0000AD3C0000AD3C00009C
:1010B000AD3C0000AD3C0000AD3C0000AD3C00008C
:1010C000AD3C0000AD3C0000AD3C0000AD3C00007C
:1010D000AD3C0000AD3C0000AD3C0000AD3C00006C
:1010E000AD3C0000AD3C0000AD3C0000AD3C00005C
:1010F000AD3C0000AD3C0000AD3C0000AD3C00004C
:1011000081F0004102E000BF83F0004330B54FEAB8
:1011100041044FEA430594EA050F08BF90EA020F25
:101120001FBF54EA000C55EA020C7FEA645C7FEAB8
:10113000655C00F0E2804FEA5454D4EB5555B8BFDB
:101140006D420CDD2C4480EA020281EA030382EA4C
:10115000000083EA010180EA020281EA0303362DDE
:1011600088BF30BD11F0004F4FEA01314FF4801CB1
:101170004CEA113102D0404261EB410113F0004FC3
:101180004FEA03334CEA133302D0524263EB43037A
:1011900094EA050F00F0A780A4F10104D5F1200E18
:1011A0000DDB02FA0EFC22FA05F2801841F1000173
:1011B00003FA0EF2801843FA05F359410EE0A5F147
:1011C00020050EF1200E012A03FA0EFC28BF4CF078
:1011D000020C43FA05F3C01851EBE37101F000452E
:1011E00007D54FF0000EDCF1000C7EEB00006EEB3B
:1011F0000101B1F5801F1BD3B1F5001F0CD34908C5
:101200005FEA30004FEA3C0C04F101044FEA44521B
:1012100012F5800F80F09A80BCF1004F08BF5FEAA2
:10122000500C50F1000041EB045141EA050130BD82
:101230005FEA4C0C404141EB0101013C28BFB1F594
:10124000801FE9D291F0000F04BF01460020B1FADF
:1012500081F308BF2033A3F10B03B3F120020CDAB2
:101260000C3208DD02F1140CC2F10C0201FA0CF090
:1012700021FA02F10CE002F11402D8BFC2F1200CF5
:1012800001FA02F120FA0CFCDCBF41EA0C019040AB
:10129000E41AA2BF01EB0451294330BD6FEA0404F4
:1012A0001F3C1CDA0C340EDC04F11404C4F12002DF
:1012B00020FA04F001FA02F340EA030021FA04F3F1
:1012C00045EA030130BDC4F10C04C4F1200220FA48
:1012D00002F001FA04F340EA0300294630BD21FA86
:1012E00004F0294630BD94F0000F83F4801306BF4C
:1012F00081F480110134013D4EE77FEA645C18BF40
:101300007FEA655C29D094EA050F08BF90EA020FD6
:1013100005D054EA000C04BF1946104630BD91EACE
:10132000030F1EBF0021002030BD5FEA545C05D1D1
:101330004000494128BF41F0004130BD14F5800410
:101340003CBF01F5801130BD01F0004545F0FE4184
:1013500041F470014FF0000030BD7FEA645C1ABFB9
:10136000194610467FEA655C1CBF0B46024650EAF0
:10137000013406BF52EA033591EA030F41F400211C
:1013800030BD00BF90F0000F04BF0021704730B5A2
:101390004FF4806404F132044FF000054FF0000177
:1013A00050E700BF90F0000F04BF0021704730B538
:1013B0004FF4806404F1320410F0004548BF40420D
:1013C0004FF000013EE700BF42004FEAE2014FEA62
:1013D00031014FEA02701FBF12F07F4393F07F4F3D
:1013E00081F06051704732F07F4208BF704793F040
:1013F0007F4F04BF41F40021704730B54FF4607453
:1014000001F0004521F000411CE700BF50EA010255
:1014100008BF704730B54FF000050AE050EA0102FE
:1014200008BF704730B511F0004502D5404261EB6E
:1014300041014FF4806404F132045FEA915C3FF4AF
:10144000D8AE4FF003025FEADC0C18BF03325FEA4C
:10145000DC0C18BF033202EBDC02C2F1200300FAFD
:1014600003FC20FA02F001FA03FE40EA0E0021FA22
:1014700002F11444BDE600BF70B54FF0FF0C4CF410
:10148000E06C1CEA11541DBF1CEA135594EA0C0FC2
:1014900095EA0C0F00F0DEF82C4481EA030621EAFD
:1014A0004C5123EA4C5350EA013518BF52EA033538
:1014B00041F4801143F4801338D0A0FB02CE4FF0EA
:1014C0000005E1FB02E506F00042E0FB03E54FF01A
:1014D0000006E1FB03569CF0000F18BF4EF0010E12
:1014E000A4F1FF04B6F5007F64F5407404D25FEA0E
:1014F0004E0E6D4146EB060642EAC62141EA5551C1
:101500004FEAC52040EA5E504FEACE2EB4F1FD0C02
:1015100088BFBCF5E06F1ED8BEF1004F08BF5FEA80
:10152000500E50F1000041EB045170BD06F0004632
:1015300046EA010140EA020081EA0301B4EB5C04DF
:10154000C2BFD4EB0C0541EA045170BD41F48011D7
:101550004FF0000E013C00F3AB8014F1360FDEBFFC
:10156000002001F0004170BDC4F10004203C35DAD8
:101570000C341BDC04F11404C4F1200500FA05F35B
:1015800020FA04F001FA05F240EA020001F00042FC
:1015900021F0004110EBD37021FA04F642EB060172
:1015A0005EEA430E08BF20EAD37070BDC4F10C049C
:1015B000C4F1200500FA04F320FA05F001FA04F260
:1015C00040EA020001F0004110EBD37041F100014C
:1015D0005EEA430E08BF20EAD37070BDC4F1200557
:1015E00000FA05F24EEA020E20FA04F301FA05F2BF
:1015F00043EA020321FA04F001F0004121FA04F267
:1016000020EA020000EBD3705EEA430E08BF20EA36
:10161000D37070BD94F0000F0FD101F00046400070
:1016200041EB010111F4801F08BF013CF7D041EAF2
:10163000060195F0000F18BF704703F000465200F6
:1016400043EB030313F4801F08BF013DF7D043EAC7
:101650000603704794EA0C0F0CEA135518BF95EA7D
:101660000C0F0CD050EA410618BF52EA4306D1D104
:1016700081EA030101F000414FF0000070BD50EA23
:10168000410606BF1046194652EA430619D094EAAD
:101690000C0F02D150EA013613D195EA0C0F05D197
:1016A00052EA03361CBF104619460AD181EA0301EB
:1016B00001F0004141F0FE4141F470014FF00000A3
:1016C00070BD41F0FE4141F4780170BD70B54FF03E
:1016D000FF0C4CF4E06C1CEA11541DBF1CEA1355BE
:1016E00094EA0C0F95EA0C0F00F0A7F8A4EB0504A0
:1016F00081EA030E52EA03354FEA013100F0888097
:101700004FEA03334FF0805545EA131343EA12635F
:101710004FEA022245EA111545EA10654FEA002614
:101720000EF000419D4208BF964244F1FD0404F5CD
:10173000407402D25B084FEA3202B61A65EB030529
:101740005B084FEA32024FF480104FF4002CB6EBE6
:10175000020E75EB030E22BFB61A754640EA0C0066
:101760005B084FEA3202B6EB020E75EB030E22BFA6
:10177000B61A754640EA5C005B084FEA3202B6EBE7
:10178000020E75EB030E22BFB61A754640EA9C00A6
:101790005B084FEA3202B6EB020E75EB030E22BF76
:1017A000B61A754640EADC0055EA060E18D04FEA34
:1017B000051545EA16754FEA06164FEAC30343EAD4
:1017C00052734FEAC2025FEA1C1CC0D111F4801FA1
:1017D0000BD141EA00014FF000004FF0004CB6E79A
:1017E00011F4801F04BF01430020B4F1FD0C88BF39
:1017F000BCF5E06F3FF6AFAEB5EB030C04BFB6EB44
:10180000020C5FEA500C50F1000041EB045170BD36
:101810000EF0004E4EEA113114EB5C04C2BFD4EB63
:101820000C0541EA045170BD41F480114FF0000EE7
:10183000013C90E645EA060E8DE60CEA135594EA63
:101840000C0F08BF95EA0C0F3FF43BAF94EA0C0F66
:101850000AD150EA01347FF434AF95EA0C0F7FF4DB
:1018600025AF104619462CE795EA0C0F06D152EA2F
:1018700003353FF4FDAE1046194622E750EA410613
:1018800018BF52EA43067FF4C5AE50EA41047FF424
:101890000DAF52EA43057FF4EBAE12E780F0004053
:1018A00002E000BF81F0004142001FBF5FEA410338
:1018B00092EA030F7FEA226C7FEA236C6AD04FEA38
:1018C0001262D2EB1363C1BFD2184140484041407D
:1018D000B8BF5B42192B88BF704710F0004F40F42F
:1018E000000020F07F4018BF404211F0004F41F44B
:1018F000000121F07F4118BF494292EA030F3FD017
:10190000A2F1010241FA03FC10EB0C00C3F1200329
:1019100001FA03F100F0004302D5494260EB4000B8
:10192000B0F5000F13D3B0F1807F06D340084FEA23
:10193000310102F10102FE2A51D2B1F1004F40EB18
:10194000C25008BF20F0010040EA03007047490080
:1019500040EB0000013A28BFB0F5000FEDD2B0FA1D
:1019600080FCACF1080CB2EB0C0200FA0CF0AABF40
:1019700000EBC25052421843BCBFD04018437047DE
:1019800092F0000F81F4000106BF80F400000132E4
:10199000013BB5E74FEA41037FEA226C18BF7FEABB
:1019A000236C21D092EA030F04D092F0000F08BFFD
:1019B0000846704790EA010F1CBF0020704712F0E4
:1019C0007F4F04D1400028BF40F00040704712F123
:1019D00000723CBF00F50000704700F0004343F088
:1019E000FE4040F4000070477FEA226216BF0846BE
:1019F0007FEA23630146420206BF5FEA412390EA81
:101A0000010F40F4800070474FF0000304E000BF76
:101A100010F0004348BF40425FEA000C08BF704727
:101A200043F0964301464FF000001CE050EA0102EB
:101A300008BF70474FF000030AE000BF50EA010200
:101A400008BF704711F0004302D5404261EB4101ED
:101A50005FEA010C02BF84460146002043F0B64312
:101A600008BFA3F18053A3F50003BCFA8CF2083A37
:101A7000A3EBC25310DB01FA02FC634400FA02FC40
:101A8000C2F12002BCF1004F20FA02F243EB020047
:101A900008BF20F00100704702F1200201FA02FCA9
:101AA000C2F1200250EA4C0021FA02F243EB02009C
:101AB00008BF20EADC7070474FF0FF0C1CEAD052E0
:101AC0001EBF1CEAD15392EA0C0F93EA0C0F6FD0A1
:101AD0001A4480EA010C400218BF5FEA41211ED07F
:101AE0004FF0006343EA501043EA5111A0FB01316B
:101AF0000CF00040B1F5000F3EBF490041EAD37140
:101B00005B0040EA010062F17F02FD2A1DD8B3F1BB
:101B1000004F40EBC25008BF20F00100704790F02A
:101B2000000F0CF0004C08BF49024CEA502040EA7C
:101B300051207F3AC2BFD2F1FF0340EAC250704742
:101B400040F400004FF00003013A5DDC12F1190F80
:101B5000DCBF00F000407047C2F10002410021FAF2
:101B600002F1C2F1200200FA02FC5FEA310040F10A
:101B7000000053EA4C0308BF20EADC70704792F083
:101B8000000F00F0004C02BF400010F4000F013ABB
:101B9000F9D040EA0C0093F0000F01F0004C02BFB6
:101BA000490011F4000F013BF9D041EA0C018FE725
:101BB0000CEAD15392EA0C0F18BF93EA0C0F0AD02B
:101BC00030F0004C18BF31F0004CD8D180EA010051
:101BD00000F00040704790F0000F17BF90F0004FEA
:101BE000084691F0000F91F0004F14D092EA0C0FCC
:101BF00001D142020FD193EA0C0F03D14B0218BF5F
:101C0000084608D180EA010000F0004040F0FE40A4
:101C100040F40000704740F0FE4040F44000704740
:101C20004FF0FF0C1CEAD0521EBF1CEAD15392EABF
:101C30000C0F93EA0C0F69D0A2EB030280EA010CAF
:101C400049024FEA402037D04FF0805343EA111148
:101C500043EA10130CF000408B4238BF5B0042F1A6
:101C60007D024FF4000C8B4224BF5B1A40EA0C004B
:101C7000B3EB510F24BFA3EB510340EA5C00B3EB7D
:101C8000910F24BFA3EB910340EA9C00B3EBD10F6B
:101C900024BFA3EBD10340EADC001B0118BF5FEABD
:101CA0001C1CE0D1FD2A3FF650AF8B4240EBC250E6
:101CB00008BF20F0010070470CF0004C4CEA5020A7
:101CC0007F32C2BFD2F1FF0340EAC250704740F4F6
:101CD00000004FF00003013A37E792F0000F00F0E8
:101CE000004C02BF400010F4000F013AF9D040EA66
:101CF0000C0093F0000F01F0004C02BF490011F4FA
:101D0000000F013BF9D041EA0C0195E70CEAD153F1
:101D100092EA0C0F08D142027FF47DAF93EA0C0FD8
:101D20007FF470AF084676E793EA0C0F04D14B02BC
:101D30003FF44CAF08466EE730F0004C18BF31F06E
:101D4000004CCAD130F000427FF45CAF31F0004368
:101D50007FF43CAF5FE700BF4FF0FF3C06E000BF01
:101D60004FF0010C02E000BF4FF0010C4DF804CD24
:101D70004FEA40024FEA41037FEA226C18BF7FEA34
:101D8000236C11D001B052EA530C18BF90EA010F36
:101D900058BFB2EB030088BFC81738BF6FEAE170C5
:101DA00018BF40F0010070477FEA226C02D15FEA61
:101DB000402C05D17FEA236CE4D15FEA412CE1D0CD
:101DC0005DF8040B704700BF844608466146FFE794
:101DD0000FB5FFF7C9FF002848BF10F1000F0FBD76
:101DE0004DF808EDFFF7F4FF0CBF012000205DF86F
:101DF00008FB00BF4DF808EDFFF7EAFF34BF0120F4
:101E000000205DF808FB00BF4DF808EDFFF7E0FF8C
:101E100094BF012000205DF808FB00BF4DF808EDDD
:101E2000FFF7D2FF94BF012000205DF808FB00BF40
:101E30004DF808EDFFF7C8FF34BF012000205DF822
:101E400008FB00BF7BB972B90029BEBF00204FF06C
:101E5000004106E008BF00281CBF6FF000414FF0B2
:101E6000FF3000F077B8ADF1080C6DE904CE002921
:101E700009DB002B1ADB00F0ACF8DDF804E0DDE94B
:101E8000022304B07047404261EB4101002B1BDB91
:101E900000F09FF8DDF804E0DDE9022304B04042E1
:101EA00061EB4101524263EB43037047524263EBE3
:101EB000430300F08EF8DDF804E0DDE9022304B00E
:101EC000404261EB41017047524263EB430300F033
:101ED00080F8DDF804E0DDE9022304B0524263EB50
:101EE0004303704753B94AB9002908BF00281CBFF3
:101EF0004FF0FF314FF0FF3000F02CB8ADF1080C7F
:101F00006DE904CE00F065F8DDF804E0DDE90223B8
:101F100004B07047D0B5FFF757FA0C4B00220646C5
:101F20000F46FFF7A9FA00F017F80446FFF72AFA60
:101F3000074B0022FFF7A0FA02460B46304639460F
:101F4000FFF7E2F800F008F82146D0BD0000F03DB0
:101F50000000F041704700BF4A0011D212F5001294
:101F600011D20DD56FF47873B3EB62520ED44FEAF1
:101F7000C12343F0004343EA505323FA02F0704771
:101F80004FF00000704750EA013002D14FF0FF30AF
:101F900070474FF00000704710F8012B11F8013B1B
:101FA000012A28BF9A42F7D0D01A704710B50021F5
:101FB0000446FFF71FFF20B92046BDE81040FFF799
:101FC000A9BF04F10040FFF7A5FF404261EB4101CA
:101FD00010BD2DE9F0478C468E46089E15460446F6
:101FE0001946002B40F0D080724547D9B2FA82F7EB
:101FF0004FB1C7F120030EFA07FC20FA03F3BD40EE
:1020000043EA0C0CBC404FEA154EA8B2BCFBFEF8EC
:10201000230C0EFB18CC08FB00F943EA0C4399454E
:1020200028D9EB1808F1FF3204D2994502D9A8F15A
:1020300002022B44A3EB0903A4B2B3FBFEFC0EFB8C
:102040001C330CFB00F044EA0344A04214D92C19C1
:102050000CF1FF3304D2A04202D9ACF102032C44AC
:10206000241A43EA02401EB1FC400023346073602E
:10207000BDE8F0874246DDE76346F1E7002A79D004
:10208000B2FA82F3002B3FD01946C1F1200302FAC5
:1020900001F52EFA03F20EFA01FE20FA03F343EAE9
:1020A0000E034FEA154E00FA01F4B2FBFEFCAFB28C
:1020B0000EFB1C201A0C0CFB07F842EA004290456C
:1020C0005AD9AA180CF1FF3004D2904502D9ACF1CC
:1020D00002002A44A2EB08029BB2B2FBFEFC0EFBFC
:1020E0001C220CFB07F743EA02439F4246D9EB1838
:1020F0000CF1FF3204D29F4202D9ACF102022B4410
:10210000DB1B42EA004202E0AEEB020301224FEA8F
:10211000154EAFB2B3FBFEFC200C0EFB1C330CFBC8
:1021200007F840EA034398452AD9EB180CF1FF3031
:1021300004D2984502D9ACF102002B44A3EB08036A
:10214000A4B2B3FBFEFC0EFB1C330CFB07F744EA06
:102150000344A74216D92C190CF1FF3304D2A7422D
:1021600002D9ACF102032C44E41B43EA00400F46C1
:10217000114678E71F2188E76046ABE76246BFE774
:102180006046DBE76346EFE7734506D916B90021E1
:1021900008466DE7C6E9000EF9E7B3FA83F787B999
:1021A000734501D3824207D8841A6EEB03030120E2
:1021B0009C461EB900215BE73846FAE7C6E9004CA9
:1021C000F8E7C7F1200CBB4022FA0CF51D4320FABA
:1021D0000CF12EFA0CF30EFA07FE41EA0E014FEA5B
:1021E000154900FA07F4B3FBF9F81FFA85FE09FB5D
:1021F00018300B0C08FB0EFA43EA00439A4502FA2A
:1022000007F240D9EB1808F1FF3004D29A4502D901
:10221000A8F102002B44A3EB0A0389B2B3FBF9F83F
:1022200009FB183308FB0EFE41EA03418E452CD909
:10223000691808F1FF3304D28E4502D9A8F10203D0
:10224000294443EA0040A0FB0298A1EB0E0141455E
:10225000CE46434602D306D14C4504D2B9EB020E1A
:1022600068EB05030138002EA4D0B4EB0E0261EB3D
:10227000030101FA0CFC22FA07F34CEA0303F940CC
:10228000C6E9003196E74046C5E74346D9E7000076
:1022900070B5144606460846FFF7BAFB2146FFF71D
:1022A0000BFCFFF783FE0E4D80FB05450AA3D3E927
:1022B000002320462946FFF7C5FD0A4A3060002367
:1022C00020462946FFF7BEFD064A0023FFF7BAFD68
:1022D000726070BDAFF300800010A5D4E80000006C
:1022E0003AA3950040420F0070B5144606460846D2
:1022F000FFF78EFB2146FFF7DFFB1349134DFFF776
:102300008FFCFFF753FE80FB05450BA3D3E90023A9
:1023100020462946FFF796FD09A3D3E90023306044
:1023200029462046FFF78EFD094A0023FFF78AFD64
:10233000726070BDAFF3008000209BF35E10000060
:1023400080A812010000000000002041D8EF2F00FB
:1023500040420F0000000000032970B504460D46FE
:1023600004D007294DD06FF0850025E0B2B3072ACD
:10237000F9D158681A68564BC117C2FB03010128EE
:1023800071F100033ADB534BC01841F100014CA33B
:10239000D3E90023FFF756FD022826690DD0102847
:1023A0000DD004280DD0082828D1294620460EF04B
:1023B000CCFF40B16FF0040070BD0025F5E70125AA
:1023C000F3E70225F1E7444B33F815103D2081FB7C
:1023D0000001FFF733FBF0600020EDE719883F4B69
:1023E00033F8020B814206D1D1B2204605F088FEB7
:1023F0000028F1D0DEE701320C2AF1D16FF0150090
:10240000DAE7002A4BD0072AADD15A681D68304858
:10241000D11713460A46C5FB0032B425A3FB0501BC
:10242000012B05FB021172F1000228DB2C4BC018B6
:1024300025A3D3E9002341F10001FFF703FDFA28AA
:10244000266924D0B0F5FA7F23D0B0F57A7F22D068
:10245000B0F5FA6F21D07D28D0D104252946204639
:102460000EF083FF0028A5D11E4B33F8151041F262
:10247000171081FB0001FFF7E1FAF061ACE71A4B9E
:10248000C01861F1000110A3D3E90023D5E70025AE
:10249000E4E70125E2E70225E0E70325DEE7198806
:1024A0000E4B33F8020B814204D1D1B2204605F025
:1024B0000FFE9DE701320C2AF3D19FE7AFF30080B6
:1024C0003AA3950000000000D8EF2F0000000000A4
:1024D00040420F009DD14A003C27010044270100E3
:1024E000ECF71700322701001408E8FF2DE9F04F40
:1024F000894DDFF828920FCDE7B00DF1540844461E
:102500000FC42B68864823600DF065F9854C0025C3
:10251000012654F8060C0FF031FB20B982482946F9
:102520000DF059F915E054F8063C4B4502D07F48B0
:102530002946F5E714F8013C7BB1D9F8083021466B
:102540001B6848469847021E0ADA794829460DF06A
:1025500042F9002067B0BDE8F08F6FF08502F4E724
:1025600014F8023CD8F8042006FA03F301351343AB
:10257000062DC8F8043004F11404CAD16D480DF0DA
:102580002AF900246823CDE926346B4F38460FF032
:10259000F5FA18B969480DF01EF9DAE7BD682E683A
:1025A00046B1032126AB22463846B047011E04DA65
:1025B0006348B5E76FF05701FAE72D6845B1072189
:1025C00026AB22463846A847011E04DA5D48A7E735
:1025D0006FF05701FAE75C4868210DF0FCF84FF402
:1025E000803000210CF04FFF0FF019FC4FF47A728D
:1025F000A0FB020302FB0133C00B40EA4343534CF0
:1026000013930FF00CFC05468A46D9F8083043486E
:102610005B6841469847011E08DA4D480DF0DBF82B
:102620004FF4A47000210CF02EFFEAE7D7F808B0B1
:102630004148DBF80C304C219847011E01DA45482F
:10264000ECE71AAE0321DBF810303B4832469847DE
:10265000011E01DA4048E1E7072120AADBF810302B
:1026600035489847011E20AA01DA3C48D6E74FF4C6
:102670007A73A5FB0351506903FB0A11EB0B43EA84
:1026800041431169C517C1FB0405CDE91005D068A8
:102690009168C517C1FB0405CDE90E0551681268A4
:1026A000C817C2FB0410CDE90C1072693169D0174C
:1026B000C1FB0420CDE90A20F268B168D017C1FB44
:1026C0000420CDE9082072683068D117C0FB0421CE
:1026D000CDE90621224AB2F90A100591B2F9081093
:1026E0000491B2F906100391B2F904100291B2F903
:1026F00002100191B2F900200092139A4FF48071F8
:102700009B1A26A8174A0CF04FFCFF2888D91648B8
:102710000DF061F884E700BF502401004C21010056
:102720005C2701007E24010082270100AA27010006
:10273000D627010004280100BC2101002228010045
:102740003B280100632801008728010040420F0058
:10275000A1280100C5280100F12801001F2901005E
:1027600098130020492901007D2901002DE9F04737
:1027700014464A4202EA010931EA020203461AD02B
:102780004A46042A4F4628BF0422A1EB090909F151
:10279000FF3A1AEA090F18D03549364A364840F24E
:1027A000E9130DF02EF835480DF02BF8314840F2C2
:1027B000E9110DF01DF8042904D82146BDE8F047C1
:1027C0000CF0D7BF00270422E1E71CB900252846FA
:1027D000BDE8F0871E68A9EB020204F0070302F0CF
:1027E00007010B330B44E10801EBD20101EBD301EC
:1027F000B368994228BF194630460CF0DEFE804689
:102800000028E3D03D1D05EBC00535445544B5FB1C
:10281000F9F509FB05F5ED1B2C442B1F07349B1B19
:1028200024F00704A41BB0EBD30F4FEAD3074FEA01
:10283000E40408D201463A4630460CF013FF414604
:1028400030460CF064FE394630460CF023FEA042C0
:1028500007D9304622460CF005FF214630460CF0E1
:1028600056FE06EBC706738843F001037380AEE79C
:10287000D5290100B2290100F02901000D2A01002B
:10288000B2F5802F2DE9F8430ED33E493E4A3F482A
:102890004FF437730CF0B5FF3D480CF0B2FF4FF426
:1028A000377139480CF0A4FF042A0CD83949364A4C
:1028B000364840F2E3230CF0A4FF37480CF0A1FFA8
:1028C00040F2E321EDE7043ACD1D114425F0070560
:1028D00021F00706A6EB0508B8F1170F4FEAD80755
:1028E0000CD82E49284A29484FF43B730CF089FF35
:1028F00029480CF086FF4FF43B71D2E7B7FA87F412
:10290000C4F12002C4F12404A4000734E408631CC9
:102910004FF00009BB420560AF60C5F80C900CD9C0
:102920001F49194A194840F202330CF06AFF1A484D
:102930000CF067FF40F20231B3E74946920005F11F
:1029400010000FF0FFFAA2B2530043F001036B80B6
:102950003B1B9BB205EBC4015800A5F800904880D2
:1029600025F83420A6F8029025F8083005EBC703B7
:1029700021465A8842F001025A802846BDE8F843B1
:102980000CF0C5BD2A2A0100B2290100F02901007E
:10299000402A0100572A0100782A0100912A0100EB
:1029A000BA2A0100014B1B68184700BFD000002065
:1029B00030B5044685B00D461022002168460FF060
:1029C000C1FA02238DF802302A46044B01932146B6
:1029D00068460CF013FB05B030BD00BFA529000010
:1029E00080B505460E46174698460BF03DF803465F
:1029F00001F06EF9DFF83C90044649F80030424699
:102A000039463046A8470C4B1B7873B90B490C4A22
:102A10000C4840F246330CF0F4FE0B480CF0F1FE8B
:102A2000074840F246310CF0E3FE54F8090001F08B
:102A3000F1F800BF08000000B7130020102B0100C0
:102A4000E52A0100F0290100232B01002DE9F84FB0
:102A500005460846AB8B1907904616D501280CBFD2
:102A600043F0100343F02003AB83143528460BF0EA
:102A7000F3FA002840F0B181AE49AF4AAF484FF4B5
:102A800099730CF0BEFE29469DE0022803F0070171
:102A900040F07D8128460CF0DCFE052800F2FA802B
:102AA00001A353F820F000BF6B2A00008F2D000017
:102AB000952C0000392B0000D32B0000332C000094
:102AC00002F00702531F012B1AD80023062A2E6892
:102AD000A4B2C5E9003309D1334603E0EA8B0132E1
:102AE000EA831B68002BF9D144F00204AC8328462A
:102AF0000CF0AFFE002800F05A8144F0200455E1AC
:102B0000042A0DD1A4B2AC8328460CF0A2FE0646DE
:102B1000002800F04C8144F02004AC83002646E1FC
:102B20008749884A854840F21B130CF06AFE40F240
:102B30001B1184480CF05CFE49B18349814A7F48EF
:102B40004FF4AB730CF05DFE4FF4AB71F1E72B6803
:102B50004BB97E497B4A794840F257130CF051FE3D
:102B600040F25711E5E72B691F684FB97849754A5C
:102B700072484FF4AD730CF044FE4FF4AD71D8E7DA
:102B8000AC8B24F0070444F00604A4B2AC830E46D8
:102B90008A464FF00609AB68002B00F00F814FF01A
:102BA000010B44F00804AC8305F1140420460BF03B
:102BB00053FA002878D15F495F4A60484FF499730F
:102BC0000CF01FFE214663480CF01BFE4FF4997178
:102BD0008EE0022909D060495A4A584840F25D13F4
:102BE0000CF00FFE40F25D11A3E7EE8B4EB15B4996
:102BF000544A52484FF4AF730CF003FE4FF4AF71D8
:102C000097E72B695F684FB951494E4A4B4840F2EC
:102C100061130CF0F6FD40F261118AE7AC8B24F0F1
:102C2000070444F00404A4B2AC83B2464FF0040994
:102C3000B1E7012909D04A49424A40484FF4B273EA
:102C40000CF0DFFD4FF4B27173E72B684BB93F49CD
:102C50003C4A3A4840F265130CF0D3FD40F265114E
:102C600067E72B699F684FB93949364A33484FF4B3
:102C7000B4730CF0C6FD4FF4B4715AE7AC8B24F07A
:102C8000070444F00504A4B20026AC83B2464FF01A
:102C9000050980E72A492B4A284840F26B130CF0BB
:102CA000B0FD40F26B1144E788F31188BFF36F8FDA
:102CB000BBF1000F1ED1002E33D117B12949284690
:102CC000B847EFF31188202383F31288BFF36F8F87
:102CD00020460BF0B3F900284AD1174A2249174879
:102CE00084230CF08EFD214620480CF08AFD8421BF
:102CF00011481FE7A9680029DDD0D1F8008000291C
:102D0000D9D0D1F804B053464A462846D847B8F13E
:102D1000000F04D0D8F8003041469846EFE743460C
:102D2000FAE7314653464A46284636680CF0BDFD60
:102D3000C1E700BF182C0100EB2B0100F0290100B6
:102D400085480100452B01006A2B0100762B01000C
:102D5000992B01002F2C0100B02B0100C62B010084
:102D6000D52B0100E92D0000442C0100592C010055
:102D700020460BF087F9AC8B24F00804A4B2AC8396
:102D8000E20621D524F01003AB8304F00701D5F847
:102D900018A0AA8BBAF1000F22F00704BFF690AE7C
:102DA00000232E68C5E9003344F00104AC8304F02D
:102DB000070989454FF000077FF4EDAE0EB9002FEB
:102DC000DED04FF0000BECE6A3067FF54EAE24F00C
:102DD0002003AB8304F007015CE688F31188BFF39E
:102DE0006F8FBDE8F88F00BFF8B504460D4600F1BF
:102DF0001406EFF31187202383F31288BFF36F8F3C
:102E000030460BF01BF968B90C4A0D490D48842374
:102E10000CF0F7FC0C4831460CF0F3FC0748842119
:102E20000CF0E6FC30460BF02DF9A5613A46204641
:102E30000121BDE8F840FFF709BE00BFEB2B010000
:102E4000442C0100F0290100592C01002DE9F04724
:102E500004460E460CF019FD051E66DB04F114094C
:102E6000EFF3118A202383F31288BFF36F8F484654
:102E70000BF0E4F8804660B9374A38493848842373
:102E80000CF0BFFC494637480CF0BBFC84213248AB
:102E900043E048460BF0F6F8E38BA78B4FF6FF7242
:102EA000934207F0070743D0062F2CD8DFE807F03E
:102EB0001F43092B1F041F006FF085054FF000080A
:102EC00002E00133E383022548460BF0C5F80028F1
:102ED00034D1214A244922484FF499730CF091FCD3
:102EE000494622480CF08DFC4FF49971CFE700233E
:102EF0003360636823B9C4E9006687B13D46DDE706
:102F00001E606660F9E71A4915481A4A4FF4E473DF
:102F10000CF077FC17484FF4E4710CF069FC524652
:102F200002212046FFF792FD3D462846BDE8F08786
:102F30006FF00A05C2E76FF00405BFE78AF3118856
:102F4000BFF36F8FB8F1000FEFD000233A46314640
:102F500020460CF0AAFCE8E7EB2B0100442C010012
:102F6000F0290100592C0100182C01002F2C010020
:102F7000D52B0100452B0100F8B5054600F11406DC
:102F8000EFF31187202383F31288BFF36F8F30464E
:102F90000BF054F860B9264A2649274884230CF0E0
:102FA00030FC314625480CF02CFC842120482BE0D5
:102FB00030460BF067F8AC8B04F00704022C17D0F6
:102FC000012C0CBF6FF004046FF0850430460BF049
:102FD00043F838BB164A1A4917484FF499730CF056
:102FE00010FC314617480CF00CFC4FF49971DDE7EA
:102FF000EB8B5BB914491048144A40F2EF130CF004
:1030000000FC124840F2EF110CF0F2FB013B9BB2C6
:10301000EB83002BDAD13A4621462846FFF716FD0E
:103020002046F8BD87F31188BFF36F8FF8E700BF24
:10303000EB2B0100442C0100F0290100592C010068
:10304000182C01002F2C01006F2C0100452B0100D2
:103050002DE9F0410F460546002850D000294ED0FA
:1030600000F11406EFF31188202383F31288BFF3D5
:103070006F8F30460AF0E2FF60B9224A22492348A6
:1030800084230CF0BEFB314621480CF0BAFB8421AE
:103090001C4817E030460AF0F5FF39462846AC8B4D
:1030A0000CF0BCFB80B104F00704231F022B0DD9E8
:1030B00018491648184A40F22D230CF0A2FB164876
:1030C00040F22D210CF094FB6FF0770430460AF0AB
:1030D000C3FF68B90B4A11490C484FF499730CF0BF
:1030E00090FB31460E480CF08CFB4FF49971CFE702
:1030F00088F31188BFF36F8F2046BDE8F0816FF031
:103100001504F9E7EB2B0100442C0100F029010024
:10311000592C01007D2C0100452B0100182C0100C9
:103120002F2C010008B54268816002F00302032AD7
:1031300003460AD06AB908490848094A45230CF0F1
:1031400060FB074845210CF053FB006800225A60E1
:1031500008BD0020FAE700BF85480100F029010002
:10316000F42C0100014B036000207047F0240100A3
:1031700007B51B491B480CF03EFD70BB1A491948A6
:103180000CF039FD48BB194916480CF034FD20BB42
:10319000174914480CF02FFDF8B90146154A11489B
:1031A0000DF010F8C8B9024613490E4801230DF07E
:1031B000DAF890B901230093014602230948EF226F
:1031C0000CF022FC48B907480CF048FC28B9054827
:1031D00003B05DF804EB0CF071BC03B05DF804FBC8
:1031E000480100205805002030010020180100206F
:1031F00000010020D40000201A2D010008B5054868
:103200000CF0E9FA04480CF0E6FA04480CF0E3FA92
:10321000002008BD332D0100672D01009A2D01000B
:1032200001480BF061BD00BFF024010038B5044631
:1032300018B90F4B0F485B6898476168B1F5683F54
:1032400010D0B1F5680F0DD00B4DA9420AD011F482
:103250006861206807D00146084808F0BFF80023DD
:103260002360656038BD14220EF06CFEF9E700BFE4
:1032700050030020C72D01002C5F5CA9900E002098
:1032800008B520B34368B3F5683F10D10122036845
:10329000BFF35B8F53E8001F002903D143E80020F0
:1032A0000028F7D1BFF35B8F0DD1002008BD094A7C
:1032B00093420AD000684FF0FF324FF0FF3308F01E
:1032C0005FFB0028F1D00448F0E70448EEE76FF414
:1032D000E040EBE72C5F5CA9E98FFFFFEA8FFFFF7F
:1032E00008B5D8B14368B3F5683F10D10022036830
:1032F000BFF35B8F53E8001F012903D143E800208F
:103300000028F7D1BFF35B8F0BD1002008BD074A1F
:10331000934208D0006808F0FBFBF6E76FF4E0404A
:10332000F4E70348F2E70348F0E700BF2C5F5CA92D
:10333000E98FFFFFEA8FFFFF10B5044618B91D4B58
:103340001D485B6898476368B3F5683F2FD0B3F5B5
:10335000680F2CD0194A934219D1236803BB18482F
:103360004FF0FF324FF0FF33214607F0ABFF08B9B3
:1033700023681BB90F4B13485B68984720681422D9
:1033800000210EF0DFFD4FF46863636008E0B3F5E1
:10339000680F0DD83A2B03D040F6BA629342DED1C3
:1033A00020680EF04AFC636843F03A03636010BD86
:1033B000054AF3E750030020C72D01002C5F5CA9EC
:1033C000900E0020ED2D01003A00003A08B50649A4
:1033D0000648402314220EF013FCBDE808400449BF
:1033E00004480BF0F3BC00BF90090020900E0020B1
:1033F000F82401000C25010008B50348034A002108
:10340000121A0CF08EFA08BDD8050020BC1300205B
:103410000748084A084908B5121A0CF084FA074808
:10342000074A0849BDE80840121A0CF07CBA00BFF0
:1034300000000020D8050020BC540100000000203E
:1034400000000020BC54010038B505460C4699B177
:10345000D1E901230F4809680CF0BDF9D4E9042330
:10346000E1680D480CF0B7F9E1690C480CF0B3F9CC
:10347000A1690B480CF0AFF9012D05D1EFF30581DF
:10348000084810390CF0A7F921462846BDE8384015
:1034900007F02ABC1A2E01004A2E01007A2E0100E4
:1034A0008A2E0100B92E010030BFFFF7FDBF00BF1B
:1034B0002DE9F0410B4EDFF8308006EB0807CC1BFE
:1034C00005463246094920460EF02EFDA019424617
:1034D0000021083C0EF036FDAC6707F10800BDE89E
:1034E000F08100BF00000000080000004824010037
:1034F00010B51D4C1D480CF06EF9A36A990130D52A
:103500001B480CF068F91E20A36ADA0103D519489C
:103510000CF061F91F20144CA36A1B0303D5164855
:103520000CF059F92120A36A590303D513480CF074
:1035300052F922200C4CA36A9A0303D510480CF0D0
:103540004AF92320A36ADB0303D50E480CF043F9A4
:103550002420054A936A6FEA03436FEA1343936298
:1035600010BD1D20D0E700BF00ED00E0CD2E010012
:10357000E62E0100FA2E0100152F0100342F010064
:103580005A2F0100752F010070B5244C06462448BF
:103590000D460CF020F9A36AD90435D521480CF06A
:1035A0001AF91720A36A1A0503D51F480CF013F95E
:1035B00018201A4CA36A9B050FD51C480CF00BF978
:1035C000A16BA36A180407D519480CF004F91EB1C1
:1035D000A36A23F40043A3621920104CA36A59057F
:1035E00003D514480CF0F7F81A20A36ADA050DD5B4
:1035F00011480CF0F0F81B20084A936A43F47F430B
:10360000936200232B7070BD1620CBE7A36A9B0446
:10361000F2D50A480CF0DFF81C20EDE700ED00E0E1
:10362000A12F0100B82F0100CA2F0100DE2F0100D9
:10363000F82F01000E3001002A3001004330010054
:1036400070B5304C064630480D460CF0C4F8A36AFD
:10365000D90646D52D480CF0BEF81120A36A1A07EA
:1036600003D52B480CF0B7F81220264CA36A9B0711
:103670000FD528480CF0AFF8616BA36A180607D580
:1036800025480CF0A8F81EB1A36A23F08003A362BA
:1036900013201C4CA36ADA0703D520480CF09BF8D2
:1036A0001420A36A9B0603D51D480CF094F815203E
:1036B000144B9A6AD60602D49A6A940713D59B6A69
:1036C000D90610D51749184A184840F22D130CF0A6
:1036D00098F817480CF095F8134840F22D110CF0AB
:1036E00087F81020BAE7074B9A6A920642BF5A6AD7
:1036F00022F400525A629A6A42F0FF029A62002350
:103700002B7070BD00ED00E0733001008A300100C5
:10371000CA2F0100BE300100D7300100EE30010099
:1037200043300100403101000E310100F029010059
:103730008A310100F0B5704B044658688BB0C0F375
:103740000803002585F31188BFF36F8F02F07F46D1
:10375000B6F17F4F06D102F00C06082E11D1674852
:103760000CF039F86649674A674840F21B430CF091
:1037700048F866480CF045F840F21B4161480CF0EF
:1037800037F816074CBF0C460125002CEAD000265E
:10379000DA1E8DF80760092A00F29F80DFE802F048
:1037A000059397769D9D9D9D9D9B59480CF013F820
:1037B0008DF80760504EF36A9A0704D555480CF00F
:1037C0000AF800232AE0F36A002B01DA5248F6E7F0
:1037D000F36A5B006AD551480BF0FDFF7369A2697B
:1037E00043F480737361BFF34F8FBFF36F8F32F871
:1037F000023C726922F480727261BFF34F8FBFF393
:103800006F8F03F47F42B2F55F4F26D1DBB2022BFC
:1038100023D1216842480BF0DEFF23689DF8072082
:10382000CAB902AE04F1200720686168324603C2BB
:103830000834BC421646F7D1099A002D59D0C2F37C
:10384000080121B96FEA52226FEA4222099202A9C5
:103850001846FFF7F9FD0BB0F0BD274B9A6AD2B2BC
:1038600032B10DF107010120FFF7EAFE0346D5E76B
:103870009A6A12F47F4F05D00DF107010120FFF77E
:1038800083FEF3E79B6AB3F5803F02D3FFF730FE78
:10389000ECE724491B4A1C4840F2ED230BF0B1FF32
:1038A00021480BF0AEFF40F2ED2167E71D49154AB4
:1038B00015484FF43C730BF0A4FF1C480BF0A1FF1C
:1038C0004FF43C715AE70DF107010020CCE70DF1F0
:1038D00007010020D3E7164871E7A3F11002154B4A
:1038E000154910F4F87F08BF194614480BF073FF10
:1038F00067E76FF30802A9E700ED00E01C32010062
:10390000483201000E310100F02901005B32010054
:1039100099320100B1320100D3320100E2320100DC
:1039200002330100854801001F33010043330100C9
:1039300073330100EE3101000332010098330100BE
:10394000044B5A6942F010025A615A6922F0080287
:103950005A61704700ED00E0EFF30880EFF3098152
:1039600001B57246FFF7E6FE01BD00BF002080F3FF
:103970001488BFF36F8F0F4880F3088804F080FF2E
:1039800000200D490860BFF34F8F00F02BF8202076
:1039900080F3118809484FF40061401880F30988CA
:1039A000EFF314800221084380F31488BFF36F8F74
:1039B00000F0CEF80027002094ED00E0C0190020B0
:1039C0000749D1F890200023C2F3072218469342FA
:1039D00000DB7047C1F89830C1F8A0000133F6E76A
:1039E00000ED00E008B572B6002383F31388FFF7FB
:1039F000E7FF144B4FF0FF32C3F88020C3F8842058
:103A0000C3F88820C3F88C20C3F89020C3F8942012
:103A1000C3F89820C3F89C20C3F88021C3F8842100
:103A2000C3F88821C3F88C21C3F89021C3F89421EE
:103A3000C3F89821C3F89C2162B6BFF34F8FBFF340
:103A40006F8F08BD00E100E01EF0040F0CBFEFF324
:103A50000880EFF30980816911F8021C0229FFD068
:103A600001B572460BF061FF01BD00BF40B20028F6
:103A700007DB044A4109012300F01F00834042F89C
:103A80002130704700E100E040B200280CDB430920
:103A9000064900F01F0020330122824041F8232014
:103AA000BFF34F8FBFF36F8F704700BF00E100E09F
:103AB000054B420900F01F0053F82220012303FAAE
:103AC00000F01040704700BF00E100E038B54B1C2B
:103AD000072B04460D460FD9114A124912486B2391
:103AE0000BF08FFE11482946072322460BF089FE72
:103AF0000B486B210BF07CFE40B20028ACBF00F1FC
:103B000060400B4A4FEA4313B8BF00F00F00DBB22E
:103B1000AABF00F56140135480F8003338BD00BFE0
:103B2000AC330100E3330100F0290100FE33010052
:103B300014ED00E0044B054A23F07F039360BFF3CC
:103B40004F8FBFF36F8F70470010000000ED00E053
:103B500008B5FFF7EFFF074AD2F8883023F4700367
:103B6000C2F88830FFF748FCFFF752FC00F092F8EB
:103B700007F0B8F900ED00E042F8203C009B42F865
:103B80001C3C0A49019B42F8183C029B42F8143C39
:103B900021F001014FF0807342F8043C42F8081C08
:103BA0000023203A0265C367704700BFE129000087
:103BB00000B50B4B98600B4B1546826F1A600E4692
:103BC0002C4686F309880020034B984720460021A5
:103BD00000220023014C20474FF90000E12900009A
:103BE00028130020B00E0020014B10221A617047EC
:103BF00000ED00E0054B5A699B689A421FBF044ADA
:103C0000536843F080535360704700BF281300206F
:103C100000ED00E0084B9B6883420BD1EFF3058376
:103C200043B1064B5A6842F080525A605A6A22F4F5
:103C300000425A6209F01EBF2813002000ED00E088
:103C400011498A684FF030001044EFF3098C80E886
:103C5000F01F202080F31288BFF36F8F0B4F4FF0BF
:103C600000664A698A603E60906F094C2060D06FA0
:103C70000023D36780F3118802F1300090E8F01F31
:103C80008CF30988704700002813002004ED00E041
:103C9000B00E0020044800232021C2180133302B2D
:103CA00082F80013F9D1704700E100E008B5EFF3A6
:103CB0000583064A103B02EBC30152F83300496802
:103CC0008847BDE80840FFF795BF00BFF421010019
:103CD0000148006870470000B00E0020024B034A04
:103CE0000348012100F066B8000004200000002015
:103CF0001C250100084AC2F898000B6823F01F0336
:103D0000034343F01003C2F89C308B6843F0010377
:103D1000C2F8A030704700BF00ED00E02DE9F0438D
:103D2000DFF8608085B00E461F4604464FF000095C
:103D3000B14523DA6068D8B13FB1411E08421BD1BA
:103D40001F2819D92368194216D1236801930BF053
:103D500021FEA36803430393D8F89050C5F30725C9
:103D6000D0B2013DA84207D801A9FFF7C3FF421C0A
:103D700009F101090C34DBE76FF01502104605B0BC
:103D8000BDE8F08300ED00E0044B0522C3F8942069
:103D9000BFF34F8FBFF36F8F704700BF00ED00E0A0
:103DA000BFF35F8F024B0022C3F89420704700BF1F
:103DB00000ED00E038B50D4D01232A780C46FFF7E1
:103DC000ADFF287016300FD1094A0A490A4840F25F
:103DD00089130BF016FD094821460BF012FD04482B
:103DE00040F289110BF004FD38BD00BFAA1300207A
:103DF0003E34010085480100F02901006D340100C6
:103E00002DE9F04F7F4E804DD6F890302C68C3F3EB
:103E100007239C4285B013D97C4A7D497D4840F2F6
:103E200002230BF0EEFCD6F890207B482146C2F32B
:103E300007220BF0E6FC40F2022174480BF0D8FC9C
:103E4000FFF7AEFF00200C2684422DD1734EDFF821
:103E5000B49134706846FFF785F9714C714D804616
:103E60000027B84527D1337866490020D1F8902043
:103E7000C2F307229342C0F2BA80FFF785FFD1F860
:103E8000903003F47F43B3F5006F00F0B6806649CD
:103E90005E4A604840F27D230BF0B3FC63480BF0B0
:103EA000B0FC40F27D21C8E7696806FB0011FFF70E
:103EB00021FF0130C8E7009A02EB07133901D3F85C
:103EC0000CA00AEA0400B0F5000F69D00AD8B0F5DA
:103ED000001F3DD0B0F5800F55D0B0F5801F15D034
:103EE0000137BEE7B0F1007F65D0B0F1805F6DD0E3
:103EF000B0F1807FF4D19868D3F804A052580BF049
:103F000049FDCDE901A240F088700BE09868D3F834
:103F100004A052580BF03EFDCDE901A240F08850BC
:103F200040F430200390D9F890303078C3F3072361
:103F3000013B984254D93649344A364840F2352339
:103F40000BF05FFC3A480BF05CFC40F2352174E763
:103F50009868D3F804B052580BF01CFD40F088501C
:103F600040F400201AF0010FCDE901B20390DAD03D
:103F70003049264A274884230BF043FC2E480BF097
:103F800040FC842159E79868D3F804A052580BF0FC
:103F900001FD40F0C060CDE901A240F40030C1E76E
:103FA0009868D3F804A052580BF0F4FCCDE901A2B4
:103FB00040F08270B6E79868D3F804A052580BF02E
:103FC000E9FCCDE901A240F48020ABE79868D3F882
:103FD00004A052580BF0DEFCCDE901A22843A1E772
:103FE00001A9FFF787FE33780133337078E7C1F812
:103FF0009830C1F8A000013338E7002005B0BDE8D3
:10400000F08F00BF00ED00E0282501003E340100E4
:1040100085480100F029010099340100AA1300200D
:104020000000F0FF000002114C3501009C3501003A
:1040300022350100CD340100F334010008B50649F2
:10404000064821F00701C1F1005202F58022FEF777
:1040500017FC002008BD00BF873E0020B40E0020E2
:1040600070B54169867A0B4D044659B1437ADB0736
:1040700006D42C2303FB06535B6A1B689B68984796
:10408000002363612C20214600FB0650BDE87040F0
:104090000DF0FABD2C050020024B2C2202FB003053
:1040A000704700BF2C05002008B543684BB1074995
:1040B0000748084A5A230BF0A4FB06485A210BF084
:1040C00097FB03824369C36008BD00BFF13501005F
:1040D000F0290100CC3501002DE9FF47054668466F
:1040E000039117461C460DF09CFEDDE9008955B989
:1040F0005C495D4A5D4840F201130BF082FB40F2DF
:104100000111594818E005F11406EFF3118A202334
:1041100083F31288BFF36F8F304609F08FFF68B9C1
:10412000534A5449514884230BF06BFB31465248A3
:104130000BF067FB84214E480BF05AFB304609F028
:10414000A1FF6B8B002B5AD02A8B9A4239D90022BF
:104150000023284607F08CFE0446002831D0304664
:1041600009F07AFF68B9424A444940484FF49973CC
:104170000BF047FB314642480BF043FB4FF499717B
:10418000D9E78AF31188BFF36F8F039D002D59D0B3
:1041900042464B4668460DF069FEA27A394B2C2107
:1041A00001FB023320465B6A1B6803A91E68DDE938
:1041B0000023B0476061002837D12046FFF750FF49
:1041C0002EE06C8B631E6B83304609F045FF0028A0
:1041D000C9D08AF31188BFF36F8F2B7F2A8B1B33D3
:1041E000121BAC6A23F0030302FB0344254B264A4F
:1041F000EB1A9B105343A3722B7FE372C5E7304643
:1042000009F02AFF0028AED08AF31188BFF36F8F20
:1042100023463A46284607F02BFE04460028B4D130
:104220000024204604B0BDE8F087039B9D420BD9D3
:1042300016490D4A0D484FF4AB730BF0E2FA4FF4F8
:10424000AB715EE765612B4600210122228161602E
:10425000E27A638204F118000DF074FE2046FFF745
:1042600023FFDEE70B360100CC350100F029010009
:10427000EB2B0100442C0100592C0100182C0100EB
:104280002F2C01002C050020A38B2EBA1036010024
:10429000F8B5054698B1194E2C272C466D68237A3F
:1042A000CBB9174A1749184840F2C1130BF0A9FAC5
:1042B000214616480BF0A5FA40F2C11108E0144956
:1042C0000F4A114840F2BB130BF09BFA40F2BB11AE
:1042D0000B480BF08DFA013BDBB2237253B9E3605C
:1042E0006360A37A07FB036320461B6A1BB19847F0
:1042F000002DD2D1F8BDFFF7B3FEF9E72C05002061
:10430000CC3501002A360100F029010033360100C6
:104310002636010008B558B907490848084A4FF43D
:10432000F3730BF06EFA06484FF4F3710BF060FA7A
:10433000027A0132027208BD26360100F02901001E
:10434000CC350100034610B5084659B91649174A3D
:10435000174840F25D230BF054FA40F25D211348F8
:104360000BF046FACBB15A684AB912490F4A1048C5
:104370004FF418730BF045FA4FF41871EFE78A42C7
:1043800009D00D49094A0A4840F261230BF039FA75
:1043900040F26121E3E74A685A60446800234360C1
:1043A000FFF776FF204610BD6E360100CC350100C8
:1043B000F02901004F3601005D36010070B503465B
:1043C00005688288DC889E68A818A41AAD1B641B47
:1043D000A14209D906490748074A3E230BF011FAC2
:1043E00005483E210BF004FA0A449A8070BD00BFD4
:1043F000AE360100F02901007336010008B583884C
:104400008B4209D207490848084AB0230BF0F9F952
:104410000648B0210BF0ECF95B1A9BB28380006870
:10442000184408BDD2360100F0290100733601009E
:1044300008B582888A4203460BD2094909480A4ACC
:1044400040F2C3130BF0DDF9074840F2C3110BF043
:10445000CFF9521A828000680844186008BD00BF76
:10446000D2360100F029010073360100044A01230D
:10447000C2F840354FF080420020C2F878357047CE
:1044800000E0014048B1054B054A1B68B3FBF2F35D
:104490005843044B43F00103184770473C03002086
:1044A00040420F007024010008B50649064A07483B
:1044B00032230BF0A6F906480BF0A3F9024832218B
:1044C0000BF096F985480100E2360100F029010061
:1044D0001A3701002DE9F04190F82C3003F01F034A
:1044E000012B04460F4600F12C062FD0022B18D0CA
:1044F0008BB394F82D1020460BF023FB024678B3C3
:1045000030460BF008FC1D4D002834D113693BB335
:104510003A463146204698470346FFF7D9FB2B50D1
:1045200024E0018EC9B20BF0E4FE05460028E0D07D
:1045300030460BF0F0FB024668688368CAB99B6896
:1045400073B13A463146BDE8F0411847018EC9B211
:104550000BF0BFFEE9E790F82D100BF0EDFEE4E75D
:10456000FFF7B6FB054B6FF085021A500020BDE83F
:10457000F081DB68E4E7D368C9E700BF0C00000006
:104580002DE9F04F044693B016460D4659B9A3499C
:10459000A348A44A40F207330BF033F9A14840F294
:1045A00007310BF025F90B7E33F0800840F0AC8426
:1045B0007AB10846FFF76CFE6B7EDF0703D49E07D7
:1045C00011D52B7E7BB9204613B0BDE8F04F0BF020
:1045D000CEBB4A7E00F12C09900708D5802B0CD168
:1045E0002846FFF755FE404613B0BDE8F08F91070F
:1045F00000F04E84002B40F04B84D2072FD52B8A3D
:10460000082B40F01B84EA681368E3625368C9F81A
:10461000043029460020FFF795FE054610B1FFF74C
:1046200037FEF0E048460BF076FB628E70B9B2B10F
:104630002946A0690CF079FB0146002800F054845B
:10464000204613B0BDE8F04F00F0C8BE3AB11146A5
:1046500020460BF0F5FF0546002800F04584FFF7E3
:1046600037FB94F82C80704F002318F0600FC35173
:10467000C8F3411307D0032B40F0C681FFF728FB96
:104680006FF0850338E048460BF045FB94F82D3079
:10469000002840F05681013B0A2BEFD801A252F8C6
:1046A00023F000BF2D4800007D460000B9480000FF
:1046B0007D460000D14600007D4600007D4600009A
:1046C0007D460000414700007D460000A3470000F2
:1046D000E18D7F29D2D8238E002BCFD1638E002B82
:1046E000CCD118F01F0FC9D194F83430022B05D16A
:1046F000FFF7EEFA4FF0FF333B5076E0A069036915
:1047000093F880301B0707D5C9B20BF066FB8046D3
:1047100028B1002D6CD166E7012384F83D3094F870
:104720003430012B0AD1E38D43B984F83430FFF7DC
:10473000CFFA3B58002B00F08E8056E00123F4E7BF
:1047400020460BF05CF9E28DFF2A014696D8638E75
:10475000002B93D194F82C30D8068FD194F83430B4
:10476000002BC5D02AB1D2B220460BF0D8FC0028CD
:10477000BED0E18D94F83C308B42D8D0C9B22046EF
:104780000BF0D4FC80460028C3D1E28D002A14BF70
:104790000223012384F83430052120460BF084FFE6
:1047A000C5E708F01F08B8F1010F7FF467AF638E0B
:1047B000002B7FF463AFE28DFF2A3FF65FAF218EBF
:1047C000FF293FF65BAF94F83430022B90D1D2B280
:1047D000C9B220460BF0B7FE10F1020F804640F040
:1047E0001881FFF775FA47F8008065B14FF00008AF
:1047F0002846FFF74DFDB8F1000F7FF4F4AEFFF748
:1048000067FA3B583BB348460BF085FA0346A0696C
:10481000002B00F06C83802172E300BF263601007C
:10482000F0290100303701000C000000638E002BDE
:104830007FF424AF94F83430002B3FF459AF012BB0
:10484000218E02D100297FF453AF18F01F080CD03D
:10485000B8F1020F16D0638E002B40F0E2822046A2
:104860000BF06FFA0028CED1ADE600297FF440AFFF
:10487000E38D012BEFD194F8703061F3C30384F81A
:104880007030E8E7B4F82EA0BAF1000FE3D15FFA78
:1048900081F8414620460BF0EDFE0346FFF718FA7B
:1048A0003B50013302D14FF0FF3832E752464146C8
:1048B00020460BF036FA3AE7638E002B7FF4DEAE2B
:1048C000E28D238E022A5FFA83FA11D108F01F08C5
:1048D0005AEA08087FF4D2AEA0690122190A0BF047
:1048E00059FA00287FF4CAAE012384F83D301EE750
:1048F00094F8341000293FF4FBAE012902D1002BBB
:104900007FF4F6AE18F01F0811D0B8F1020FA2D153
:10491000002AA0D1514620460BF097FE0346FFF730
:10492000D7F93B500133BED001225146C0E7002BDE
:104930007FF4DEAE012A8ED194F8703043F0080384
:104940009DE70A2B3FF69AAE01A252F823F000BF72
:104950007D4900007D4600007D4600007D46000048
:104960007D4600007D460000F74900007D460000BE
:104970009F4D00007D460000C94D0000638E022B54
:104980007FF47CAE94F83430002B3FF4B1AE012BB1
:10499000218E02D100297FF4ABAE18F01F0811D090
:1049A000B8F1020F1CD04FF0000805F10C0A504678
:1049B0000BF0A9F9638E984218D2FFF789F96FF0CE
:1049C0000B0399E600297FF493AE94F870304FEA18
:1049D000930808F00208C3F3001348EA0308E4E769
:1049E000C9B220460BF055FE8046DEE741465046F0
:1049F0000AF0F3FF9BE6B4F82EA018F01F0F4FEA61
:104A00001A235FFA8AFA09D029462046FFF762FD89
:104A10008046B8F1000F7FF47CAE88E6013B0E2B98
:104A20003FF62CAE01A252F823F000BF694A000005
:104A3000A94A0000534B00007D4600007D4600005F
:104A40004B4B00004B4B00007D4600007D460000B4
:104A50007D4600007D4600007D4600007D4600004A
:104A60007D460000AD4C000005F10C0840460BF0FF
:104A70004AF983462046B4F832A00AF0C0FF20B1BC
:104A800001287FF4FBADA16F00E0616F002900F009
:104A90003F820A78DA4528BFDA46524528BF524697
:104AA00040460AF087FF42E620460AF0A8FF0AF1D6
:104AB000010201900146D2B220460BF00AFB80466B
:104AC00000283FF4DBAD05F10C0AD0F804B05046E5
:104AD0000BF019F99BF80020824228BF0246594684
:104AE00050460AF067FFD8F80CB0BBF1000F09D1AF
:104AF000298A638E99427FF61AAEC91A5046FFF78B
:104B00007DFC14E6DBF8040083681B6B13B9DBF84B
:104B100000B0EAE7019998470028F8D0A0F104080E
:104B200058F8041F0029F2D00A78002AEFD0504626
:104B3000CDE902210BF0E7F8029A0399904238BFC1
:104B400082B250460AF036FFEAE720460AF057FFE5
:104B500094E55246032120460BF033F883460028A3
:104B60003FF48CAD0BF0CAF8B4F832809BF81530E6
:104B7000C8B99BF814A08DF828A08DF82930DBF86F
:104B8000103005F10C0B1B88ADF82A3058460BF09D
:104B9000BAF8D045424628BF5246824228BF024654
:104BA0000AA958467DE7DBF808208DF81530B04B90
:104BB0001340B04A4FF0000A93428DF814A051D12F
:104BC000102106A80CF06AFA031EFFF657AD0AAAD8
:104BD000102BDFF8A4C206A8934628BF1023534524
:104BE00002F102022DD89B000233DAB28DF81420B4
:104BF00005F10C0A504601920BF085F8019A4245E6
:104C000028BF4246904228BF1046022802468046EE
:104C100028BF022205A9504601920AF0CBFE019A54
:104C2000A8EB02084FEA58020023934221D118F062
:104C3000010F3FF47CAD1BF8031050460AF0C6FE8E
:104C400075E510F8011B4FEA111E01F00F011CF869
:104C50000EE01CF8011002F802EC02F8011C0AF147
:104C6000010ABCE79BF814208DF81420DBF810B083
:104C7000BEE71BF80310A1F120005E280DD97F4983
:104C80007F4A804840F24D230AF0BBFD7E480AF07F
:104C9000B8FD7B4840F24D2183E45046CDE9013216
:104CA0000AF09BFE019B029A0133BEE720460AF000
:104CB000A6FE38B101282CD0FFF70AF86FF0850363
:104CC0003B5034E5636F002B00F022815B88B3F525
:104CD000007FF1D96D4B0A9300238DF82C30236DA2
:104CE00004F1500B9B4508BF0023BDF82A10A3B167
:104CF0005A7D0F2A08D11A7D0A44ADF82A209DF862
:104D00002C2001328DF82C20626D934203D01B6859
:104D1000EBE7A36FD7E7BDF82A10019105F10C0A64
:104D200050460AF0F0FFB4F832800199884528BF58
:104D30008846804528BF80464246052A28BF05226E
:104D40000AA9504601920AF035FE019AB8EB020812
:104D50003FF4EDAC236D5B453FF4E9AC002B3FF431
:104D6000E6AC5A7D0F2A14D11A7D19690193424588
:104D700028BF424650460AF01DFE019B1A7D42455F
:104D800094BFA8EB0208A8EB0808B8F1000F3FF4A5
:104D9000CEAC626D93423FF4CAAC1B68DEE794F878
:104DA0003430002B3FF4A4AC638E012B7FF466AC4F
:104DB00005F10C0840460AF0A6FF00283FF4FDADBF
:104DC00094F83C10404639E708F01F08B8F1010F8D
:104DD0007FF48EAC20460BF090F900283FF488ACAD
:104DE000B4F830A0BAF1FF0F3FF648AC43681B7926
:104DF0005345FFF443AC5FFA8AF30F2B3FF63EAC0A
:104E0000638E012B7FF43AAC05F10C0840460AF0A2
:104E10007AFF00283FF4D1AD04EB0A0393F83E106B
:104E2000D0E748460AF077FF18B92846FFF730FA6E
:104E300015E52946204600F0D1FA10B12846FFF7C3
:104E4000EEBBA069036993F8801011F004017FF4B0
:104E5000BAAB0BF07EFF054600283FF4D4AC014608
:104E6000204600F0BBFA00283FF4ADABE6E700BFF8
:104E700000FF0200000302005A54010099370100AC
:104E800064370100F0290100C6370100050F050055
:104E900052077FF5B8AC002B3FF4A2AB2846FFF7D2
:104EA000F7F994F83D30002B3FF49DAB94F82D308A
:104EB000052B05D1E18DA069C9B20AF08EFF064627
:104EC00094F82D30032B09D1E38D022B06D1218ECE
:104ED000A0690022090A0AF05DFF0646002384F853
:104EE0003D30B046FFF77FBB6FF00B068BE4638E5F
:104EF000002B3FF490AC16F10C0118BF0121C90141
:104F00000BF029FEFFF75FBB6FF00408FFF76BBBE8
:104F10006FF01508FFF7FDBB2DE9F0410B78062B6C
:104F20000C4640D10369D3F89C6006F12805EFF3E5
:104F30001187202383F31288BFF36F8F284609F06F
:104F40007DF868B91C4A1D491D4884230AF059FCA4
:104F500029461C480AF055FC842117480AF048FCF1
:104F6000284609F08FF8636800221A60726A9AB9BD
:104F7000C6E90833284609F06FF880B90E4A12498D
:104F80000F484FF499730AF03CFC29460F480AF089
:104F900038FC4FF49971E0E713607362EAE787F336
:104FA0001188BFF36F8F0A4821460022BDE8F04107
:104FB00000230CF033BE00BFEB2B0100442C01009A
:104FC000F0290100592C0100182C01002F2C0100A0
:104FD000D80400202DE9FF4120264FF0FF337B4805
:104FE0004FF0FF3201A906F0E1FB039B1B69D3F8E8
:104FF0009C40FCB194F87030DF071BD504F1280702
:10500000236A002B45D0EFF3118886F31288BFF393
:105010006F8F384609F012F8C8B96D4A6D496E486D
:1050200084230AF0EEFB39466C480AF0EAFB84213F
:1050300067480AE06A496B4A6748DE230AF0E1FBE9
:1050400069480AF0DEFB6748DE210AF0D1FB3846EA
:1050500009F018F8256A2DB1626A2B68236295421F
:1050600008BF6362384608F0F7FF68B9584A5F49DD
:1050700059484FF499730AF0C4FB39465C480AF06A
:10508000C0FB4FF49971D3E788F31188BFF36F8F9A
:10509000C5B99DF80430062B9FD0072B9DD801A2DF
:1050A00052F823F0F9500000ED50000019510000B3
:1050B000FF5000003D51000033510000DB4F000065
:1050C000C75100002B7ED5F81E2029465D062046DC
:1050D00009D1FFF755FA0246002891D00721204652
:1050E0000BF0E2FA8CE700F045F9F4E70022012129
:1050F00020460BF0D9FA70E700221146F8E794F841
:10510000703043F0040301A984F8703020460AF09F
:105110008CFE00220321EBE794F8703023F00403A7
:1051200001A984F8703020460AF07FFE0022022197
:10513000DEE701A920460AF078FE4EE794F87030C9
:10514000A76923F0040384F87030D7F808803B691E
:10515000BFF35B8FD3F8A030BFF35B8F9A072FD5D7
:10516000D8F83C3038469847D8F8243000213846E3
:105170009847D8F84030054638469847ADB9294693
:1051800020460AF0D3FF054678B9A0690BF0F2FD7E
:10519000831E5842584194F8703084F8345023F0FC
:1051A000680343EA401384F870300022042120464B
:1051B0000BF07AFA002D3FF410AF2A46072197E74B
:1051C0004FF0FF35F1E7029A062191E7D80400205D
:1051D000EB2B0100442C0100F0290100592C0100A7
:1051E00046380100103801007D380100182C0100FC
:1051F0002F2C010030B589B000220023CDE9062311
:1052000000246FF00703CDE90334CDE90144294BB5
:10521000294900944FF48062284807F0CFFC2849C0
:1052200026480CF082FD274B27498B421CD9274981
:10523000274A284840F227130AF0E3FA26480AF0E2
:10524000E0FA40F2271122480AF0D2FA03F11402E0
:10525000BFF35B8F52E8000F42E80045002DF9D103
:10526000BFF35B8F1833E0E7F0D31C4B1C490020E1
:105270008B421AD91B49164A164840F22B130AF0E2
:10528000C0FA15480AF0BDFA40F22B11DBE703F132
:105290001402BFF35B8F52E8004F42E80005002D77
:1052A000F9D1BFF35B8F1833E2E7F0D3002009B0E8
:1052B00030BD00BFD54F0000C0130020D80500202E
:1052C0009D380100D8050020D8050020A238010033
:1052D00010380100F0290100C2380100D805002073
:1052E000D8050020E138010038B5024609490546D5
:1052F00080690BF0A5FD044648B985F83C002846B6
:105300000AF0EAFD044610B1A8690BF0CCFD204676
:1053100038BD00BF194F000070B5054611B100241B
:10532000204670BD0D4C0E4E08E0F8D2636828464A
:105330001968FCF731FE0028F2D01834B442F4D9D1
:105340000849094A0948D4230AF05BFA08480AF0D8
:1053500058FA0548D4210AF04BFA00BFD8050020BE
:10536000D8050020A238010001390100F029010010
:10537000C238010010B559B90B490C480C4A40F22B
:1053800007330AF03EFA0A4840F207310AF030FAD1
:10539000D1F81A0083681B6913B1BDE810401847A3
:1053A0006FF0850010BD00BF26360100F029010016
:1053B0003037010008B506490648074A40F207336E
:1053C0000AF01FFA044840F207310AF011FA00BF50
:1053D00026360100F0290100303701002DE9F041A7
:1053E00005460C4609B9FFF7E5FF0B7E5A063BD18F
:1053F00093B30AF02EFB00283AD12846D5F87480E2
:10540000268A6F8E0AF0FBFA70B101282AD01A4959
:105410001A4A1B484A230AF0F4F91A480AF0F1F92B
:1054200016484A210AF0E4F998F80720238A9BB12C
:10543000BE42698E334628BF3B4699420CD9B3FB26
:10544000F2F102FB11333BB994F91830002BBEBFC7
:10545000637E43F008036376A8692146BDE8F04106
:105460000BF0D3BB4022E1E76FF01500BDE8F081FF
:105470004FF0FF30FAE700BF8548010038390100DE
:10548000F0290100723901002DE9F0410646EFF3E1
:105490001188202484F31288BFF36F8F3C4808F0F2
:1054A000CDFD68B93B4A3C493C4884230AF0A9F940
:1054B00037493B480AF0A5F9842136480AF098F9A3
:1054C0003348384D08F0DEFD31482F6808F0C4FD40
:1054D00068B9304A344931484FF499730AF091F968
:1054E0002B4932480AF08DF94FF49971E5E788F3BA
:1054F0001188BFF36F8F5FB92D492E4A2748422389
:105500000AF07FF92C480AF07CF92A484221D5E7B5
:105510007B6893F87030DB0706D430462122BDE863
:10552000F041002307F0DEB9EFF3118784F312880E
:10553000BFF36F8F164808F081FD0028B2D01448E1
:1055400008F0A0FD2C682CB16A6823682B60944297
:1055500008BF6B600E4808F07FFD0028B9D087F3C4
:105560001188BFF36F8F44B1606804F10801C3690B
:1055700098471248214605F031FF2B6833B1304679
:105580000022BDE8F041002307F024B9BDE8F08116
:10559000C80E0020EB2B0100442C0100F029010073
:1055A000592C0100C00E0020182C01002F2C0100E6
:1055B000DE390100A9390100F23901003804002068
:1055C0007FB50646CDE9001230480022002303A92A
:1055D00005F078FE0446002855D1039BDDE9000163
:1055E0005E60083383E80300EFF31185202383F323
:1055F0001288BFF36F8F264808F020FD68B9254A4E
:105600002549264884230AF0FCF8214924480AF059
:10561000F8F884211F480AF0EBF81D4808F032FD25
:10562000039B204A1C60516899B9C2E900331848AD
:1056300008F012FD80B9174A1B4918484FF49973B6
:105640000AF0DFF8124919480AF0DBF84FF49971B3
:10565000E0E70B605360EAE785F31188BFF36F8FD3
:1056600013480022002307F0B5F800280BDA11498F
:10567000114A0A4833230AF0C4F810480AF0C1F866
:105680000D483321C7E704B070BD00BF38040020C7
:10569000C80E0020EB2B0100442C0100F029010072
:1056A000592C0100C00E0020182C01002F2C0100E5
:1056B0000000002085480100A93901000E3A0100D0
:1056C00008B506490648074A40F207330AF099F838
:1056D000044840F207310AF08BF800BF263601007B
:1056E000F029010030370100F8B587681446FB6BDC
:1056F00005460E4698472146064800220023FEF73D
:10570000EBFC044600B1067628463B6C98472046E1
:10571000F8BD00BF2C050020EFF31180202383F398
:105720001288BFF36F8F0A4BD3F8001C032261B9B4
:1057300049F27531C3F8001CC3F8142DC3F8001CDE
:1057400080F31188BFF36F8F7047C3F8142DF7E70C
:1057500000E00640EFF31180202383F31288BFF3AB
:105760006F8F0A4BD3F8001C61B949F27532C3F848
:10577000002CC3F8141DC3F8002C80F31188BFF36C
:105780006F8F70470022C3F8142DF6E700E0064043
:1057900008B50B7F0D4A13F07F0F03D1012353652A
:1057A000002008BD19070BD509490A480A4A40F2EA
:1057B0006D430AF026F8084840F26D410AF018F8E7
:1057C00043F48073C2F81835EAE700BF0070024066
:1057D000553A0100F0290100283A010010B544684B
:1057E000206801F0CBFE0D4B18600D4B1B782BB1E0
:1057F0000C4B0022186811460BF040F800220121E2
:105800002720FEF763F9201D04F02EF804F10800AC
:1058100004F078F80CF0D4F8002010BDDC0E002065
:10582000AF130020300F002008B500F00F03082B45
:105830000BD9094909480A4A4FF48B7309F0E1FF73
:1058400007484FF48B7109F0D3FFC043C0F3C01079
:1058500003EB001008BD00BF683A0100F029010009
:10586000283A01002DE9F0410446EFF31186202388
:1058700083F31288BFF36F8F410600F0080723D02F
:1058800017BBDFF8A080FFF7CFFFD8F8005025FA4C
:1058900000F3DA0718D50123834025EA030563B234
:1058A000DB4324F08002DB0F02F2DA321B0103EB50
:1058B00042031D4AC8F80050C2F80038D2F8043834
:1058C00043F00203C2F804382046FFF7ADFF174A41
:1058D0000125136805FA00F023EA0003136067B995
:1058E000134F2306D7F80080204614D4FFF79CFFFF
:1058F00005FA00F028EA000038602046FFF794FF20
:10590000094A01238340C2F86C3486F31188BFF33F
:105910006F8FBDE8F081FFF787FF854045EA0805F6
:105920003D60EAE7240F002000700240280F0020AD
:105930002C0F0020F8B50446FFF776FFEFF3118235
:10594000202383F31288BFF36F8F631E062B25D8A5
:10595000314D324B2E681B683343C34013F00103B3
:1059600008D12F4F04F5947147F82130012383406B
:1059700033432B602B490D6825FA00F3DB073DD537
:10598000294A2A492A4840F2534309F03AFF21465E
:10599000284809F036FF40F2534117E0882C18D10F
:1059A0001D4B1B68C340DF07E4D51C4B1B68C3407D
:1059B000DE07DFD520491C4A1D4840F24A4309F062
:1059C00020FF1E4809F01DFF40F24A41164809F029
:1059D0000FFF2506CED5104B1B68C340D907C9D58C
:1059E000114A1749124840F24F4309F00AFF214675
:1059F000144809F006FF40F24F41E7E701238340D6
:105A00002B430B60104B8021C3F8041182F31188E3
:105A1000BFF36F8FF8BD00BF240F00202C0F0020B4
:105A200000700240280F0020283A0100733B01005B
:105A3000F02901009E3B0100C23A01000F3B01002A
:105A4000343B0100593B010000E100E070B506461F
:105A50000D460AF0D2FE04460AF0D8FE28BB2046C6
:105A60000AF0F7FE08B3802D16D1437E9A0744BF93
:105A70000E4A15705B070FD50D4B1B7813B90D4BF4
:105A800001221A6520460AF0E0FE00220146304657
:105A9000BDE870400AF0FEBE2846FFF74BFF2046E7
:105AA0000121BDE870400AF0B5BE70BDAD13002005
:105AB000B21300200070024070B506460C460AF092
:105AC0009CFE05460AF0A2FE20BB28460AF0C1FE55
:105AD0000146F8B1ACB9437ED8071BD49A0704D568
:105AE0000D4B1C700D4B0122DA644B7E5B0708D511
:105AF0000B4B1B7873B130460022BDE870400AF0B2
:105B0000C9BE2046FFF716FF28460121BDE87040B8
:105B10000AF080BE70BD00BFAD13002000700240CF
:105B2000B313002000F00F02082A08B541B209D9CA
:105B30000F491048104AE72309F063FE0E48E72199
:105B400009F056FE10F0080F0C4B0AD100294FF057
:105B5000140101FB0233B4BFD3F80806D3F80807D9
:105B600008BD0029B4BFD3F8A806D3F8A807F7E703
:105B7000683A0100F0290100283A01000070024053
:105B8000F8B510F0080705460BD0194919481A4A0C
:105B900040F2854309F035FE174840F2854109F08F
:105BA00027FE030620D400F00F04A40004F1804473
:105BB00004F51C34D4F84434B3B1EFF31186202338
:105BC00083F31288BFF36F8FFFF72EFE0B49C4F8E3
:105BD000A074012303FA00F20B6823EA02030B60AE
:105BE00086F31188BFF36F8F054BC3F81855F8BDC6
:105BF000553A0100F0290100283A01002C0F00203D
:105C00000070024010B50B7F13F008040BD00C4954
:105C10000C480D4A40F28F4309F0F3FD0A4840F268
:105C20008F4109F0E5FD094AC2F80C3543F4807351
:105C3000C2F80C35087FFFF7A3FF204610BD00BF58
:105C4000553A0100F0290100283A01000070024095
:105C5000012810B5014619D0022809D0A8B90F4B68
:105C6000024618680AF00AFE0D4B01221A700CE079
:105C70000C4B0D4C00221A700C4BC4F8003327203B
:105C8000FDF7F4FE0123C4F8043510BD034B0022D8
:105C900018680AF0F3FD024B0022E7E7300F0020FE
:105CA000AF130020AE13002000700240FDFFDF01A3
:105CB000014601480CF026B91405002008B5054B33
:105CC0001970054B1B7813B10420FFF7F1FF00207A
:105CD00008BD00BFB0130020B113002010B5046947
:105CE000087FFFF7A1FD0C4A012303FA00F01368B7
:105CF0000343136007F0E2FB4020FFF7D9FF4FF0AA
:105D0000FF324FF0FF3304F18401044806F0A4FE93
:105D100007F046FC002010BD200F002024050020C5
:105D20002DE9F047494B066988B00546186006F131
:105D300084000BF082FF00220023CDE9062300241B
:105D40006FF00703CDE90334CDE90144404B4149ED
:105D500000954FF40072404806F030FFDFF8FC80F9
:105D60003F493D483F4F0BF0E0FFD8F814203E4B31
:105D7000134043F4820343F04003C8F81430C14693
:105D80004FF0240A88F81C40414628460AF047FD97
:105D9000002857D10134092C18D00AFB0491082C93
:105DA0008A7D324B42F040028A7508D1D9F83421FD
:105DB0002F4911402F4A0A43C9F8342103E04A69A8
:105DC0003A401A434A6108F12408DBE72A4C2B4B7E
:105DD0006269244F134043F4041343F040036361AA
:105DE0008046A1464FF0240A68F07F0222772146C0
:105DF00028460AF014FD28BB08F10108B8F1090F84
:105E000018D00AFB0891B8F1080F8A7D174B42F0B1
:105E100020028A7508D1D9F8342115491140154A54
:105E20000A43C9F8342103E04A693A401A434A61F7
:105E30002434D9E796F8803023F0720343F07203DC
:105E400086F8803008B0BDE8F08700BF300F002032
:105E5000D55F0000C01700206006002078100020E9
:105E6000BA3B01000000F9FF0000BEFF4000060041
:105E70000000F7FFFF010800340F00200000DEFFE4
:105E800010B50C46204611460AF0E5FC207FFFF7CE
:105E9000CBFC014603480BF046F80120FFF708FF52
:105EA000002010BDC011002010B559B91A491B4877
:105EB0001B4A40F24D6309F0A4FC194840F24D61C1
:105EC00009F096FC0C7F4FF0FF324FF0FF3315487E
:105ED00006F0D6F82046FFF7C5FC04F00F020123B8
:105EE0009340114A14F0800F14BFD2F81015D2F865
:105EF00014156FEA030315BF0B400B40C2F81035B1
:105F0000C2F81435074806F03DF8084B8022C3F864
:105F10000421002010BD00BFC33B0100F029010097
:105F2000283A0100040500200070024000E100E072
:105F300010B559B92249234A234840F23A6309F07F
:105F400060FC40F23A611F4809F052FC0A7F91F967
:105F50001C0002F00F02082A09D91C49194A1A48E4
:105F600040F20E4309F04DFC40F20E41EBE7184BB6
:105F70000028B4BFD3F81045D3F81445012393404B
:105F800023420DD1124A0028B5BFD2F81005D2F82D
:105F9000140503430343B4BFC2F81035C2F81435E7
:105FA0000B7F1A0709D40A4AC2F80C3543F48073F0
:105FB000C2F80C35087FFFF7E3FD002010BD00BFDD
:105FC000C33B0100283A0100F0290100683A0100B2
:105FD000007002402DE9F04FC14E87B004464FF0EB
:105FE000FF3A4FF0FF3B0022CDE900AB4FF0FF310D
:105FF000BC480BF08EFFBB484FF0FF310BF085FF24
:1060000010F0080F80462FD0B74852465B4606F086
:1060100037F8EFF31181202383F31288BFF36F8FDA
:10602000B24B1B7883B1B24BD3F8002412F4007248
:106030000AD10120C3F82C05D3F82C05D3F80004AD
:10604000800548BFC3F82C2581F31188BFF36F8FFB
:10605000A54805F097FF012120460AF0AEFB00227B
:10606000032120460AF00AFC18F0100F08D0002186
:1060700020460AF0A2FB0022022120460AF0FEFB85
:1060800018F0200F08D0002120460AF096FB0022CD
:10609000022120460AF0F2FB18F0020F63D118F03B
:1060A000010F0FD0BFF35B8F924B002253E8007FAC
:1060B00043E800210029F9D1BFF35B8F0125002FB0
:1060C00040F0E18018F0040F34D0894B4FF0000C01
:1060D00086F800C0D3F88074FFB28DF81070D3F842
:1060E0008404C0B28DF81100D3F88824D3F88C143E
:1060F00042EA012292B2ADF81220D3F89014D3F8FC
:10610000945441EA0521ADF81410D3F89814D3F84B
:106110009C5441EA052189B2774DADF81610002F45
:1061200040F0CB80052840F0C88001232B70002967
:1061300000F0CF8018F0400F3FF451AF2069843059
:106140004FF0FF324FF0FF3305F01AFC6B4D29681A
:10615000002940F0FE806A4806F0EAFB206984309E
:1061600005F0D6FC3BE7674BBFF35B8F002253E89B
:10617000009F43E800210029F9D1BFF35B8F5C4FFA
:106180004FF0010BB9F1000F89D099FAA9F3B3FAD6
:1061900083F30F2B1D46C6BFA3F11005EDB245F0EA
:1061A00080050BFA03F329EA03092B06294620464A
:1061B00053D50AF022FB03900AF047FB824658B9F8
:1061C0005149524A524840F2DE4309F01AFB40F26C
:1061D000DE414E4809F00CFB039800210AF01AFB3F
:1061E0000022514620460AF055FB802D30D19AF806
:1061F000193099070CD44749444A454840F2E643D0
:1062000009F0FFFA444809F0FCFA40F2E641E0E701
:10621000002186F800B02046C7F850B00AF0EDFA29
:106220000AF013FB014698B1437E5A070CD43B4950
:10623000364A374840F2F34309F0E3FA384809F0A8
:10624000E0FA40F2F341C4E7002220460AF022FBC4
:1062500029462046FFF7FAFB94E70AF0CEFA824679
:106260000AF0F3FA039048B1002150460AF0D2FA3E
:10627000039B0022194620460AF00CFB29462046C3
:10628000FFF71AFC7EE797FAA7F3B3FA83F30F2B15
:106290001946C4BFA3F11001C9B205FA03F3D8BF70
:1062A00041F0800127EA03070B06204602D5FFF7DD
:1062B000CDFB04E7FFF700FC01E71A4985F800C0B1
:1062C000D3F870240978914230D1174B00221A700C
:1062D0003AE002F07F02ADF81220ADF81410F4E7B6
:1062E000B31300201405002004050020AE13002085
:1062F00000700240C0110020B2130020200F0020C7
:1063000024050020BC11002085480100283A010026
:10631000F0290100C73B0100E33B0100FB3B01000A
:10632000193C0100B0130020B113002028490122BC
:106330000A702A704FF4A062ADF81020D3F87034C0
:10634000ADF81230CDF814C004A920460AF0CCFAFA
:10635000F0E691FAA1F7B7FA87F70F2F3946C6BFD3
:10636000A7F11001C9B241F0800120460AF045FAB8
:10637000804690F81C904FF0FF324FF0FF331548E5
:1063800005F07EFE4846FFF76DFA124805F0FAFD6B
:10639000114B8022C3F80421414620460AF095FAA9
:1063A000002140460AF036FABFF35B8F0123BB4061
:1063B0000A4ADB4352E8000F184042E80001002976
:1063C000F8D1BFF35B8F2A6813402B60BFE600BF94
:1063D000B11300200405002000E100E0BC11002002
:1063E0004FF08053D3F83031082B02BF024B00220C
:1063F000C3F81C2C704700BF007002402DE9F0412B
:1064000005464FF0FF324FF0FF33384805F038FEB5
:10641000374B8022C3F884212720FDF749FBA0B128
:10642000344F354B3C681B686FF30F041C434FF02F
:1064300001088CBB314E40F2FF133B602720C6F8A9
:106440000445FDF721FBC6F800432D4A13788BB1B4
:106450002A4B0021C3F808110121C3F80026C3F814
:1064600004165960D3F808110029FBD00021C3F8A5
:1064700008111170214B0024C3F80045FFF7B0FF4D
:106480001A4805F07FFD214628460AF029FBC0B1D5
:106490006FF00400BDE8F08194FAA4F6B6FA86F62F
:1064A0000F2E3346C6BFA6F11003D8B243F08000CA
:1064B000030701D4FFF7D6F908FA06F624EA060422
:1064C000B7E7802128460AF00BFB0028E0D10D4BEE
:1064D0000D491C682046FCF7BBFD10F1780F02D176
:1064E0002046FCF749FD00EAE070D3E704050020F0
:1064F00000E100E02C0F0020280F00200070024077
:10650000AB130020DC0E0020CC0E00202DE9F04F54
:10651000934BDFF85082D3F85421934F85B00AB3E0
:106520000022C3F85421D3F8042392021AD5D3F8D9
:10653000C034002B14BF4FF001244FF480748B4BF8
:106540009B683BB998F80000FFF76EF90123834080
:1065500024EA03043B68864A23433B60136823F024
:10656000012313607E4BD3F8604134B10022C3F89D
:106570006021D3F86C44C3F86C44D3F828214AB1A5
:106580000022C3F828217B4B1878FFF74DF901232F
:1065900083401C4398F8005098F9006005F00F0202
:1065A000082A09D97449754A7548D42309F029F98C
:1065B000D421724809F01CF92B0700F18880002EC5
:1065C000B4BF704B704B920013441A685AB3002248
:1065D0001A602846FFF7A6FA6C4B1A7800F0010003
:1065E00050401870FFF7FCFE694B2846D3F8009026
:1065F000FFF71AF929FA00F919F0010F014679D1CC
:10660000002E6BDA882D69D02846FFF70DF9584A1D
:106610000123116883400B431360812388F8003005
:10662000524805F0AFFC84B13B68514ADFF864A1E1
:1066300024F001210B433B60136823EA010313603C
:10664000A4B24FF00109002C5AD1454BD3F80021D8
:106650004AB10022C3F800214F4B1A704D4B042160
:1066600018680AF00BF93E4BD3F85821002A00F0C5
:10667000A5800022C3F85821D3F80044C3F8004491
:10668000E00505D5444B012208201A70FFF710FBE6
:10669000A10505D5404B002210201A70FFF708FB1A
:1066A000620540F18B803C4A1378002B00F0868015
:1066B0002B4BD3F82C15002978D038492F4A304875
:1066C0004FF4057309F09DF84FF4057171E7344BF1
:1066D000344A33EA260328BF134676E732480AF0E5
:1066E00022FC0220FFF7E4FA002E8DDB6B1E062B46
:1066F0008AD992E7002DF7D1194B0122DA648CE791
:1067000094FAA4F5B5FA85F509FA05F345F0800584
:106710002946DAF8000024EA03040AF06EF80AF0C9
:1067200098F806462846FFF7FDF9014606F10C00E9
:10673000FDF77EFE338A002B85D130460AF08DF8B6
:1067400018B130460AF091F87DE72846FFF76CF85B
:10675000014615480AF0E7FB0220FFF7A9FA72E7A5
:1067600000700240AC1300202C0F00200405002014
:10677000240F0020AD130020683A0100283A0100E0
:10678000F02901000871024030710240AB13002073
:10679000280F0020300F0020AE130020343C0100F1
:1067A000507102402C710240BC1100201170012276
:1067B000C3F8082520209A65FFF77AFA954BDFF891
:1067C00058A2D3F85C31F3B1944B9B681BB998F88D
:1067D00000305B0617D08F4B0022C3F85C21DAF83B
:1067E00000308F4A23F00113CAF800303B6823F4CD
:1067F000803343F001033B601368042023F001134E
:106800001360FFF755FADAF800603B681E4000F0AD
:10681000EE80804BD3F82C95B9F1000F40F0E78063
:106820007E480022002305F02BFC002840F0DF808A
:1068300016F0012314BF93FAA3F696FAA6F6B6FA59
:1068400086F60F2EF4B2C8BF103C764BCCBFE4B234
:1068500044F080041868214609F0CFFF009009F049
:10686000F8FF024648B97049704A714840F26B23FC
:1068700008F0C7FF40F26B219BE64FFA84FB04F05F
:106880000803BBF1000F019336DA009A058AD18B19
:10689000C368C1F30A018D4213D90D464FF00009B8
:1068A00003F06042B2F1005F1AD0402D12D9614965
:1068B0005E4A5F4840F27A2308F0A3FF40F27A2153
:1068C00077E6009309F0C9FF80F00109009B5FFAA9
:1068D00089F9E5E7194658482A460BF025FB564B3F
:1068E000B9F1000F4BD0DAF800200121B14022EAC3
:1068F0000102CAF8002042E004F00801454BE9B16A
:10690000D3F8C03413F4803F08BF9946118AD06889
:10691000558A43186D1A5169401A03F06041B1F16C
:10692000005FA5EB00050ED04449404A404840F2C4
:10693000852308F066FF40F285213AE604F594715C
:1069400053F82190E2E74D4528BF4D46294602F114
:106950000C0003930292FDF731FD009BD98BC1F32C
:106960000A014945DDE90223BDD15169D068B2F879
:1069700012C0128A401AACEB00019142B3D04FF022
:1069800080520120D2F83021082A02BF214A8221F8
:10699000C2F81C1C3A6888F8004000FA06F604F0B9
:1069A0000F0422EA0602082C3A6007D924491F4A3C
:1069B0001F48FA2308F025FFFA21FAE50199154A44
:1069C000C1B9BBF1000F4FF0140101FB0421A9BFB5
:1069D0000A3402EB8402C1F80037C1F80457AFBF94
:1069E00042F82400C1F80036C1F80456506005B0E2
:1069F000BDE8F08FBBF1000FB5BFC2F8A036C2F8FA
:106A0000A037C2F8A456C2F8A457B4BF506290642D
:106A1000EDE700BF00700240280F002004050020B1
:106A2000240F0020300F002026360100283A0100F4
:106A3000F0290100553C0100E00E0020673C0100F8
:106A4000683A010010B5EFF31184202383F3128814
:106A5000BFF36F8F164B1B7803F0FF02CBB11549C4
:106A6000D1F82C3513B30023C1F82C354FF08053E7
:106A7000D3F83031082B0CD10F4BD3F8000CC021C8
:106A800088B949F27530C3F8000CC3F8141CC3F878
:106A9000000C84F31188BFF36F8F002A0CBF6FF0D6
:106AA0000A00002010BDC3F8141CF2E71A46F0E7F4
:106AB000AE1300200070024000E0064013B5002233
:106AC000009211464023044609F0AEFF024618B179
:106AD0006FF0040002B010BD0090402380212046DA
:106AE00009F0A2FF0028F3D15B4901238B605B4BC7
:106AF0004860C8601868FCF7A9F90028EADBEFF3E2
:106B00001184202383F31288BFF36F8F544B4FF40B
:106B10000062C3F800240AF0F1F908B1FEF7FCFDA9
:106B20004FF08053D3F83031082B18D1EFF3118098
:106B3000202383F31288BFF36F8F4A4BD3F8001CD6
:106B4000C022002972D149F27531C3F8001CC3F884
:106B5000142CC3F8001C80F31188BFF36F8F404BD7
:106B60000122C3F80025D3F800241205FBD54FF409
:106B70000062C3F800244FF08053D3F83031082B63
:106B800017D1EFF31180202383F31288BFF36F8FA7
:106B9000344BD3F8001C00294BD149F27532C3F8AD
:106BA000002CC3F8141CC3F8002C80F31188BFF329
:106BB0006F8F0AF0A3F930B1FEF7CCFD0AF09EF911
:106BC00008B1FEF7A9FD4FF08053D3F83031082B00
:106BD000234B0AD140F2E372C3F800284022C3F8E5
:106BE0000428BFF36F8FBFF34F8F8022C3F81C259B
:106BF0000122C3F830251C4B40F2FF121A601B4BD8
:106C0000002119601A4B19601A4B19701A4B9B68B6
:106C1000012B12D019491A481A4A40F26D3308F074
:106C2000F0FD184840F26D3108F0E2FDC3F8142C75
:106C300091E70022C3F8142CB7E7FFF7D1FB124B02
:106C400019700AF05BF908B1FEF784FD84F311882E
:106C5000BFF36F8F00203DE7CC0E0020DC0E00203C
:106C60000070024000E006402C0F0020280F00209A
:106C7000240F0020AB13002004050020833C0100FA
:106C8000F0290100283A0100AD130020142870B546
:106C90000C4626D8144B13F810504DB91349144A1A
:106CA00014483D2308F0ADFD3D21114808F0A0FD3A
:106CB00003EB40035A783AB90F490D4A0D483E2379
:106CC00008F09FFD3E21F0E7D1E90001A0FB050699
:106CD000002305FB0161FBF7B5F8C4E900010020C2
:106CE00070BD6FF01500FBE76B540100E23C010042
:106CF000B63C0100F0290100F03C010030B585B040
:106D000000230193CDF807304B798DF80B300B79C8
:106D100013F0200519D08A797F2A08BFFF228DF849
:106D20000C20C3F3040203F01F03072B8DF80D2082
:106D300015D80A780C2A12D8DFE802F00C091511D0
:106D400017111911111B1D111F00FF22E7E7012266
:106D50008DF806204A78032A11D0042A12D06FF049
:106D6000150005B030BD0222F2E70322F0E704224D
:106D7000EEE70522ECE70622EAE70722E8E7012230
:106D80008DF807204A8844F20A00824228D843F648
:106D9000FE70824203D8002AE1D102222FE0A2F540
:106DA0007F523F3A0B2ADAD801A050F822F000BFF8
:106DB000396E00005F6D00005F6D00005F6D0000C8
:106DC000036E00005F6D0000FD6D00005F6D000050
:106DD0005F6D00005F6D00005F6D00009B6D000047
:106DE00044F21400824225D044F22800824223D08B
:106DF00044F20F008242B2D1032200E001228DF85A
:106E000008201A48012404FA03F390F85020DBB25A
:106E1000F5B18D797F2D11D1134380F850300B7966
:106E200090F8512003F01F0304FA03F3134380F892
:106E3000513009E00422E2E70522E0E722EA0302FA
:106E40008DF8094080F8502001A803F053F888E736
:106E5000134380F850300B7990F8512003F01F0352
:106E600004FA03F322EA0303E1E700BF3000002045
:106E700010B50B4C94F83A3023B1BDE810400948E6
:106E800003F054BA03F090F940B16FF00403636269
:106E900004F11400BDE810400AF082B810BD00BF34
:106EA00030000020A96E0000F8B50378002B40F0F8
:106EB0009480514CE36A94F850701F42254607D1E4
:106EC000A36A002B3FD14D48BDE8F8400AF068B8EE
:106ED00094F89810A26D94F85160A1B90121DBB229
:106EE0000B420BD00F4208D016EA010CB2F9000099
:106EF00024D000EBD070401010800232490089B2DB
:106F0000B942EDD9DCE73340018915D002EB4101EC
:106F10009142D5D0B2F9003003EBD3735B1022F865
:106F2000023BF5E732F91360002EB8BF22F81300D8
:106F300001338B42F6DBC3E71846FAE70028B8BFF7
:106F4000A2F800C0D9E7236C43B1B4F84C202C4917
:106F50002C48984701280BD0022831D0B4F84C3087
:106F6000B4F848209A422BD90133A4F84C300020C1
:106F700094F8983083B994F8521018B9A36D03EBC4
:106F80004103A365A06D03F0BBF828B16FF00403C3
:106F90001A4863620AF004F8E36B1BB9BDE8F840D5
:106FA000FFF766BFBFF35B8F55E8003F5A1E45E809
:106FB00000210029F8D1BFF35B8F012BEEDCF8BD77
:106FC000E36B002B3FF47FAF94F89830002B7FF4F5
:106FD0007AAF0D4807F024FC75E7022B09D103F0C6
:106FE000E3F80028EBD004486FF004034362143048
:106FF0006AE7052BE3D166E730000020440000205B
:10700000580000204C21010090000020094BBFF3E4
:107010005B8F53E8002F511C43E800100028F8D183
:10702000BFF35B8F0AB9FFF723BF6FF00F025A62FD
:10703000704700BF3000002010B50D490D480022F8
:107040000AF035FF002002F00DFF044660B9024649
:1070500001210720FCF73AFD0748C36813B9043043
:1070600009F09EFF204610BD6FF00404FAE700BF50
:107070000D70000090000020300000202DE9FF413D
:107080000F464FF0FF3377484FF0FF3204F0F8FF20
:107090007E68731EFE2B21D80024254626FA04F3B1
:1070A000DA0706D502F04CFFE040C30716D50135DC
:1070B000EDB20134082CF1D185B13B7C083B062BA5
:1070C0000CD8DFE803F0140B160B040B1800022198
:1070D000012D7A7C11D0002A00F0A7806FF01504F2
:1070E000604809F05DFF204604B0BDE8F081002152
:1070F000EEE70121ECE70321EAE7082AEED8DFE812
:1071000002F0050505050505050505003B68002B92
:1071100000F08B805C68002C40F087801868013894
:107120007F2800F282808DF808208DF809401B88A6
:107130005A1E7F2A0BD94C494C484D4A4FF4F873DC
:1071400008F05FFB4A484FF4F87108F051FB1B014F
:10715000484A013BADF80A30012382F898308DF897
:107160000C3002AA444B304602F050FF044600287F
:10717000B6D13A686B0012B1928902FB0333FA6808
:107180009A426CD33B4E86F8525096F89830B868C5
:10719000B065B046002B51D03B689D890135A9B23E
:1071A00002F0AEFF044600289AD1BC46BCE80F00AE
:1071B000324D0FC5DCF800302B6074623B68002B49
:1071C0004AD00FCB2F1D87E80F00F36BB762A6F8EC
:1071D0004C40002B40D0BFF35B8F58E8003F48E89D
:1071E0000042002AF9D1BFF35B8F96F8981039BBA3
:1071F000F46B2348234A4FF400470023E4FB0701C4
:10720000FAF770FE0022CDE90001002305F1280005
:1072100007F098FA1C484FF0FF324FF0FF3304F0AC
:107220002FFF00B17062746A5AE7124B002083F896
:107230009800114B304602F09FFE97E72946AFE7D2
:1072400002F0B2FF0028E5D06FF00403A5F124009E
:10725000736209F0A5FEDDE7FFF70AFEDAE76FF0DB
:107260000B043DE7340000202E3D0100F029010011
:10727000FE3C010030000020A96E000058000020F4
:107280003F420F0040420F004400002037B50C463B
:107290000A490B4A411A40230093491105462346E7
:1072A000084809F07FFE014628B12846234603B06E
:1072B000BDE83040184703B030BD00BFD8110020F2
:1072C00013100100DC200100C9B2012908B509D959
:1072D00008490948094A7E2308F093FA07487E21A5
:1072E00008F086FA03690C2201FB0233986C00F067
:1072F000070008BDA33D0100F0290100663D010023
:1073000070B5C9B20129034600690BD9174918485D
:10731000184A4FF4E87308F074FA16484FF4E8710D
:1073200008F066FAEFF31186202484F31288BFF385
:107330006F8F0C2505FB0104A46C14F0C00401D070
:10734000A24210D105FB010001228264002086F3D5
:107350001188BFF36F8F28B95B6803EBC1035B68CB
:107360009847002070BD4FF0FF30F0E7A33D0100CB
:10737000F0290100663D010070B50D460649411A2D
:107380000446491105484022FFF7BAFF2B46014643
:107390002046BDE870401847D8110020DC200100CD
:1073A0000022F8B5012105461046FCF78FFB114875
:1073B00001F048FB0446D0B9286900F025FA01F035
:1073C00061FB2F690C49384608F085FA031E09DB7A
:1073D0000126BE642D69084905F1200008F07BFAFA
:1073E000031E02DA1C462046F8BD6E65FBE76FF00F
:1073F0000404F8E7AD740000B42501001FB50022B5
:107400000123CDE902236C46074A6B46CDE90044CF
:1074100009F0F8FD28B94FF480420023684604F0D3
:107420002FFE04B010BD00BF1F10010010B5EFF318
:107430001184202383F31288BFF36F8F074A1368E8
:1074400023F00201DB07116002D4012001F06EFB82
:1074500084F31188BFF36F8F10BD00BF301200207E
:1074600030B4104B0C2202FB003301460020D3E95C
:1074700010521864EFF31180202484F31288BFF3B4
:107480006F8F9C6C04F0C00444F002049C6480F391
:107490001188BFF36F8F1DB12B46034830BC1847CE
:1074A00030BC7047D8110020DC200100012810B545
:1074B00004460AD003280CD078B90E4B9B6C5B07AE
:1074C00017D1BDE81040FFF7CBBF00F0ABF9204665
:1074D000F7E7BDE8104000F0B3B907490748084A8C
:1074E0004FF4417308F08DF905484FF4417108F0ED
:1074F0007FF910BDD811002085480100F029010056
:10750000663D010010B4EFF31180202282F312884F
:10751000BFF36F8F17490B6843F0020413F00103A8
:107520000C601AD04FF08043D3F80C14D3F80C340D
:1075300013F0010311D0EFF3118182F31288BFF32E
:107540006F8F0D4A936C03F0C00343F00203936402
:1075500081F31188BFF36F8F012380F31188BFF38C
:107560006F8F1BB110BC0020FFF77ABF10BC012049
:1075700001F0ACBA30120020D8110020024BC0B28A
:1075800003EB4010704700BFD8110020F8B5354913
:10759000BFF35B8F0646012251E8003F41E800201F
:1075A0000028F9D1BFF35B8FA3B92F492F484B6057
:1075B000CB608A60FBF74AFC00280BDA2C492D4A85
:1075C0002D4840F2A32308F01CF940F2A3212948DA
:1075D00008F00EF97EB3731E012B38D80AF09FFB1A
:1075E000044650B1EFF31185202383F31288BFF3D3
:1075F0006F8F01244FF080470EE0204B1B78002B4B
:10760000F0D04FF080430222C3F808230546F1E78B
:1076100094B1284608F0AFF9D7F81824D7F81834F1
:10762000D203F5D59B0701D0012EF1D14CB185F3E2
:107630001188BFF36F8FF8BD0021212006F08AF971
:10764000EAE74FF080430222C3F80423F3E70C4932
:10765000084A094840F2B52308F0D3F840F2B521B2
:10766000B5E700BFD4110020C4110020F81100209C
:10767000C73D0100663D0100F0290100B71300205D
:107680008548010008B5144BBFF35B8F012253E816
:10769000001F002903D143E800200028F7D1BFF3E1
:1076A0005B8F17D10D4A0023D3600D4B536003232A
:1076B00093600C4B11461868FBF7C8FB002809DAE9
:1076C00009490A480A4A4D2308F09BF808484D2109
:1076D00008F08EF808BD00BF5012002038120020BC
:1076E000DD77000034120020C73D0100F0290100C1
:1076F000DF3D010007B500220023CDE900230E483D
:107700004FF40032002307F01DF80C4B1868FBF70C
:1077100033FC002809DA0A490A480B4A552308F0C5
:1077200070F80948552108F063F8084B00221A60E8
:1077300003B05DF804FB00BF0004002034120020F9
:10774000C73D0100F0290100DF3D0100501200207B
:1077500073B51D4D1D4CAE684C21F3682846984703
:1077600070B1002323701A46217809B1012A1FDD68
:10777000174A138009F0C3FF0123237002B070BDC4
:107780000C2133696A46284698470028E9D1114AF6
:10779000019B93FBF2F3009A03EB82030C4AB2F9CC
:1077A00000201BB29A1A002AB8BF524212B2DBE77D
:1077B000094A1368013901332170136002B0BDE832
:1077C0007040FFF797BF00BF84210100B413002071
:1077D000A413002090D003004812002008B50748E9
:1077E0000AF0CCF928B909F08AFF054B01221A707A
:1077F00008BDBDE80840034804F0F2BE8421010042
:10780000B4130020C4020020034B044A1860002374
:107810001360034A13607047341200204C1200209A
:1078200048120020024B00221A70FFF72BBF00BF46
:10783000B4130020014806F0F3BF00BF000400208D
:10784000024A136801331360FFF754BF4C12002043
:1078500038B5036961B92149214A2248642307F0F8
:10786000D0FF214807F0CDFF64211D4807F0C0FF7D
:10787000486850B91D491A4A1A48652307F0C1FFE4
:107880001B4807F0BEFF6521EFE7586800B30024EE
:10789000884219D108688CB99C685860A14200D10F
:1078A0009860002008602AB15A680A609A68596096
:1078B00002B9996000200FE02846E9E72060986847
:1078C000814208BF9C60ECE705680446002DF3D1B7
:1078D000002AE9D16FF0150038BD00BF5C3E010001
:1078E000203E0100F0290100653E0100743E0100C8
:1078F000863E010008B50368590914D0012906D154
:107900004FF6FF7203F01F03DA40D2070ED40B4983
:107910000B480C4A4FF4826307F073FF09484FF499
:10792000826107F065FF4FF0FF32EBE7036001294A
:10793000054818BF4FF0A04008BD00BFD03E010071
:10794000F02901009D3E01000003005070B544681D
:10795000207C01F01F0545EA4015A06886B000288C
:1079600073D0B2F5001F04D1294601F069FE002052
:107970004FE06068667CC0F8246501A80026B2F577
:10798000800F0196466033D1B3F1007F14BF052309
:1079900004238DF804300023CDE904030393E36846
:1079A000CB4013F0010F6E4635D1B2F1A07F32D13A
:1079B00068460095FFF79EFF009B03F5E07350F8C3
:1079C0002330DB0727D4A0686A46294601F0DEFC95
:1079D000163018D00296A06803AA294601F076FB5B
:1079E000002816DBA0680122294601F0A7FDBEE7AA
:1079F000B3F1C06F05D0B3F1007F14BF01230223A0
:107A0000C7E70323C5E7A068694601F077FD0028B2
:107A1000E0DA06B070BDA0683246294601F0B6FC37
:107A20000028D8D19DF80010A06801F04BFD002877
:107A3000D1D007490748084A40F2F11307F0E1FEA8
:107A4000054840F2F11107F0D3FE6FF08500E0E742
:107A50001F3F0100F0290100F33E01002DE9F04332
:107A6000466840F20635337CD00687B001F01F0728
:107A700002EA050547EA431754BFC2F34013032344
:107A8000B5F5837F14468DF8033044D00DD8062D0C
:107A900016D005D8A5B1022D3FD06FF0150037E004
:107AA000B5F5807FF9D101250AE040F20222954226
:107AB00035D0B5F5407F34D0B5F5007FEDD1022546
:107AC000220330D5726801238B40C2F80835B068B4
:107AD00088BB03A80397FFF70DFF039B00EB830010
:107AE000C4F3004383F00103C4F34044D0F80027FB
:107AF00044EA43049DF8033022F4E16244EA83043B
:107B000022F0070244EA05231343C0F8003700209F
:107B100007B0BDE8F0830725D2E70425D0E70525A7
:107B2000CEE70325CCE7630341BF012372688B4096
:107B3000C2F80C35CBE70DF10202394601F026FC04
:107B400014F4403F804617D1B068394601F0A2FCDA
:107B5000B8F1000FDBD19DF80210B06801F0B2FC63
:107B60000028D4D01E491F481F4AFC2307F049FEB5
:107B70001D48FC2107F03CFE4FF0000901ABCDE9A8
:107B80000199CDE90439CDF80C90B06803AA3946C3
:107B900001F09CFA4845BADB14F4003314D0C4F366
:107BA00000449DF803308DF80E3084F001048DF808
:107BB0000C508DF80D40B0684B4603AA394601F0D1
:107BC00047FB0028C4DAA2E7CDE904330DF1030333
:107BD0000393B06803AA394601F078FAF1E700BFD1
:107BE0001F3F0100F0290100F33E0100420970B57A
:107BF000034602D0012A1ED070BD144E326951686E
:107C00000029F9D003F01F0301250C689D400029CD
:107C1000F2D08A682A4012D04B6873B90C490D4AD9
:107C20000D48892307F0EDFD0C4807F0EAFD0948EF
:107C3000892107F0DDFD0A4EE0E7304698471CB188
:107C4000236821461C46E2E72346FAE71421010097
:107C5000283F0100203E0100F0290100863E01007E
:107C6000F820010038B54568A86890B101F0F8FB2C
:107C7000014670B9A86801F0BDFB044658B9024638
:107C80000649A86801F06AFB224605210620FBF799
:107C90001DFF002038BD6FF00400FBE7ED7B000006
:107CA00008B50368590914D0012906D14FF6FF72AF
:107CB00003F01F03DA40D2070ED40B490B480C4ADD
:107CC0004FF4826307F09DFD09484FF4826107F08D
:107CD0008FFD4FF0FF32EBE703600129054818BF25
:107CE0004FF0A04008BD00BFD03E0100F0290100C8
:107CF0009D3E0100000300502DE9F04F154685B070
:107D0000824600EB81084FF00109D04503D10020E5
:107D100005B0BDE8F08FDAF80030C3F3C72B1BF0D5
:107D2000080BC3F3C321C3F3080440F090804B4A0F
:107D30001B0E565C40F2FF118C4208BF4FF0FF341F
:107D4000222B00F28780DFE803F01221255F285BF9
:107D50005F85858585626C85858585858585858535
:107D6000858585858585856F7376797C7F00C5F8E7
:107D70000C45611C41D003A80394FFF791FF039BBE
:107D800009FA03F3C0F80835012714E0C5F81445D3
:107D9000002742E0C5F80845EBE7C5F8084500278D
:107DA000631C2AD003A80394FFF77AFF039B09FA08
:107DB00003F3C0F80C350121DAF80030019303F425
:107DC0000040002803A80CBF8B4601270394FFF74F
:107DD00067FF0399019B00EB8100C3F34124330249
:107DE000D0F8001743EA84031D4C43EA0B030C4010
:107DF000234343EA4703C0F800370AF1040A84E743
:107E0000C5F80C450127CBE7C5F81045C0E7C5F814
:107E10000845002EBCD100270626621CEDD00021AB
:107E2000CAE7C5F80C45F4E7C5F824450127F4E78F
:107E3000C5F828459DE7C5F83045F7E7C5F834454E
:107E4000F4E7C5F83845F1E7C5F83C4591E76FF030
:107E500015005DE76FF085005AE700BF95540100FB
:107E6000F0F8FCFF014B01221A60704700C000408F
:107E70000C2903690BD15B6A064907484B4393FB06
:107E8000F0F100FB113311605360002070476FF078
:107E90008500704790D0030040420F00044B0069FA
:107EA0000022C3F80021D3F8003104F06BB800BF02
:107EB00000C000407FB50569AB6A002B42D021F0BD
:107EC00040010C2941D105F110064FF0FF324FF06F
:107ED000FF33304603F054FD1D4B01930024032370
:107EE000A86A039469460293FAF7B0FFA04209DA40
:107EF0001849194A19483D2307F083FC3D211648CB
:107F000007F076FC4FF0FF324FF0FF33284604F0C5
:107F1000B7F8A86AFBF730F8002807DA0D490E4ACF
:107F20000E48422307F06DFC4221E8E70C4BD3F8E2
:107F300008256A6201225A60304603F0E9FD2046B6
:107F400004B070BD6FF00A00FAE76FF08500F7E744
:107F5000657E0000C93D01005D3F0100F029010080
:107F600000C0004010B504690020FFF707FBA062C5
:107F700048B911491148124A772307F042FC1048CA
:107F8000772107F035FC4FF0FF320021204609F041
:107F900089FE04F1100009F050FE002201210C209E
:107FA000FBF794FD0C20FBF761FD064B0122C3F8A3
:107FB0000423002010BD00BF973F0100F0290100FD
:107FC0005D3F010000C0004010B50D290369144653
:107FD00016D11988AF204FF6FF720023A1FB0001D4
:107FE000F9F780FF2D3820601048114600234FF626
:107FF000FF72A1FB0001F9F775FF6060002010BD62
:10800000102910D15B88642253434FF6FF71B3FBF4
:10801000F1F12160C1EB01415B1A43F60952534370
:108020009B0A6360EAE76FF08500E8E740420F00D3
:10803000F0B54C29436807698BB009D02149224823
:10804000224A532307F0DDFB2048532107F0D0FBE1
:1080500002A9E0221868ADF804209B88079101AAC4
:1080600006210492002402220891072105928DF82E
:1080700018408DF824109DF82410856811438DF860
:108080002410AD6804A9A847A04203DA6FF00400E9
:108090000BB0F0BDBDF8086076BAB0B209F007F9D0
:1080A0009DF80A308342F1D1BDF80B506DBAA8B2E9
:1080B00009F0FDF89DF80D308342E7D13E807D80C8
:1080C0002046E5E7EF3F0100F0290100B33F010042
:1080D00070B505692A6A0B0103F0F003D6680C46F7
:1080E000F0221121B0470028A1BF044B33F814300F
:1080F000EB840020B8BF6FF0040070BD442701007E
:1081000070B505692A6A0B0103F0F003D6680C46C6
:10811000F0221021B0470028A1BF044B33F81430DF
:10812000AB840020B8BF6FF0040070BD442701008D
:10813000F7B543681B6804469847051E0BDB2669A4
:10814000336ADD6880231A4612212046A84700289A
:1081500004DA6FF00405284603B0F0BD48F6B80015
:1081600009F008FD336A0DF107029B680F212046D4
:1081700098470028EDDB9DF807306A2BE9D10021F4
:10818000204609F0E2F801460028E2D11D4BF360D9
:108190002046FFF7B5FF0028DBD10421204609F077
:1081A000E4F801460028D4D1174BF3612046FFF7CD
:1081B0008FFF05460028CCD1336A0722DF680A21E9
:1081C00003462046B8470028C3DB336A4622DF68EF
:1081D000122144232046B8470028BADB336ADF68FF
:1081E00010231A4615212046B8470028B1DB336A10
:1081F000DE6880231A4616212046B0470028AADAF6
:10820000A7E700BF0000744200B8884508B50269BE
:10821000436805491162586809F0B0FC00280CBF9A
:108220006FF01200002008BD40260100F7B514468B
:10823000456803694AB932493248334A462307F050
:10824000E0FA3148462107F0D3FA2A2952D1AA7A16
:108250001B8C12F020016A7918BF1BB2002A49D08A
:10826000EA792E7C042A09BF2A68EA899268128971
:1082700009B1013EF6B24FF47A7783FB0232A3FBD9
:10828000073107FB0212A8796946CDE90032FEF7F3
:10829000FDFC074658BB0198009BC6F12001B6F1D2
:1082A000200200FA01F123FA06F343EA01035CBF5E
:1082B00040FA02F213436E694FEAE37C18466146C6
:1082C0007EB1A6FB0301AA69104D002306FB0C1129
:1082D000F9F7B8FD0E4BC61845EB0102B3429341C6
:1082E0000BD30B4A0023F9F7ADFDC4E90002384671
:1082F00003B0F0BD6FF08507F9E76FF02107F6E7EF
:108300005C400100F02901002040010020A107008D
:1083100040420F00F7B50023456804690746002274
:10832000684609F07EFDDDE90023C4E906232868DC
:1083300009F024FC20B96FF01206304603B0F0BDFE
:10834000E869002838D1284609F056F90646002881
:10835000F3D16B79002B00F0A8802A790123934098
:1083600063602B7C23746B7C637404F12003A36033
:108370000223E36095F8283083F00103A3747B683F
:10838000D869F0B97C68E0690028D6D094F820203C
:1083900003690121914042681268114266D1444943
:1083A000444A454840F2A26307F02BFA434807F0DD
:1083B00028FA40F2A2611BE009F0E0FB0028C2D1DC
:1083C000B9E793F820105B8C03F03002302AD0E933
:1083D000014ED0F810C00ED13949364A364840F225
:1083E000F73307F00EFA374807F00BFA40F2F7318F
:1083F000304807F0FDF903F00602042A09D132499A
:108400002C4A2D4840F2FE3307F0FBF940F2FE31D2
:10841000EEE724680125DA0705FA01F554BF43F4B5
:10842000B01383F4D013254223F480120CD12049D9
:10843000204A214840F2114307F0E3F91F4807F0B2
:10844000E0F940F21141D3E7DCF80040DB074CBF14
:108450002C43AC43CCF80040DEF8003098470028AD
:1084600090DA10F1860F8DD0064666E71B683D69ED
:108470001942836814BF1B69DB6898471349606A17
:10848000134A0C464FF400470021E0FB074100234C
:108490002046F9F727FD02460B46684609F0C1FC65
:1084A000DDE90023C5E9062347E76FF0850644E7C9
:1084B000494101006F400100F0290100874101009E
:1084C000A0400100D9400100164101003F420F00C9
:1084D00040420F0038B51149D1E90030D41AE318F1
:1084E00040F1000022F07F45C1E90030A5F50013FE
:1084F000B3F5400F09D20A4B1B681A0A1B0658191C
:10850000084B42F10001C3E9000105F0D3FF014629
:108510002046BDE8384005F033BF00BF20070020EB
:10852000C8120020280700200D4B1868010A000619
:10853000BFF35F8F0B4BD3F80435181841F10001DE
:10854000B3F5801F0AD2084BD3E90023904271EBA8
:10855000030303D210F1807041F10001704700BFA6
:10856000C812002000100140280700202DE9F74321
:108570002E4CD4F8043399070BD5D4F8043143B109
:108580002B4A0023C4F80431D4F8043113680133B2
:108590001360D4F80433DA0343D5BFF35B8F254B64
:1085A00053E8002F22F0010143E800100028F7D122
:1085B000BFF35B8FD30702D4D4F840318BB30025CF
:1085C000C4F84051D4F84031FFF7AEFFEFF3118209
:1085D000202383F31288BFF36F8F174BD3E9026711
:1085E000B042B94120D34FF0FF304FF0FF31C3E923
:1085F0000201D3E900981D604FF48033C4F848337A
:10860000C4F84051D4F8403182F31188BFF36F8F22
:10861000B9F1000F05D0CDF8008032463B4600206E
:10862000C84703B0BDE8F083A946EDE7001001405C
:10863000C8120020C0120020100700202DE9F84FBA
:108640004B4DBFF35B8F06460F4655E8008F28F071
:10865000010345E80032002AF7D1BFF35B8F454C98
:108660004FF48039C4F80893BFF35F8FBFF36F8F67
:10867000FFF75AFFB04271EB070308F0010840D240
:108680003D4B301A67EB0101984271F100014CD269
:108690003A4BD3E902239F4208BF96423ED04FF0A7
:1086A000000CC4F84893C4F840C126F07F40D4F8C9
:1086B0004031DFF8CCA0834603216FF0020E2BF08F
:1086C0007F43C4F84035C4F84493D4F80425AEEB96
:1086D00002035B4423F07F4353451FD9D4F8403154
:1086E0005BB1D4F80425131A23F07F43B3F5000FD0
:1086F00014D9C4F840C1D4F8403101EB020B013168
:10870000DDE7204BBFF35B8F53E8001F41F0010111
:1087100043E80012002AF7D1BFF35B8F174B1A4AC8
:108720001A60C3E9026700225A60B8F1000F1CD03A
:10873000BFF35B8F55E8003F43F0010345E800328B
:10874000002AF7D1BFF35B8F4FF48033C4F80433B2
:108750000C4BBFF35B8F1B68BFF35B8FDB0742BF24
:108760000A4B4FF40032C3F80021BDE8F88F00BF78
:10877000C4120020001001400100800010070020FA
:10878000FDFF7F00C0120020D584000000E100E062
:1087900070B5194C194BC4F80833C4F84833184B5A
:1087A00000254FF0FF304FF0FF31C4F80855C3E902
:1087B00002014FF48033C4F80433124B02264FF405
:1087C0000032C4F804630121C3F8802111202A4635
:1087D000FBF77CF91120FBF749F901230A4AA36052
:1087E0000021236009481360FFF728FF3046FEF799
:1087F000CDFE284670BD00BF0010014003000F00F1
:108800001007002000E100E0C4120020FFFF7F00FD
:10881000431C10B50F4C05D08442A8BF0446012C60
:10882000B8BF0124FFF780FE0B4AD2E90031C01A1D
:10883000B0F5000F074A0AD22044904228BF1046E4
:10884000C018BDE8104041F10001FFF7F7BE104627
:10885000F6E700BFFFFF7F002007002008B5FFF705
:1088600063FE024B1B68C01A08BD00BF2007002032
:10887000024AD2F80034002BFBD0704700E00140E0
:1088800010B54FF08053D3F83021082A4ED14FF065
:1088900080420021C2F80C11C2F81011C2F838153C
:1088A00002F54042D3F80414C2F82015D3F8081496
:1088B000C2F82415D3F80C14C2F82815D3F81014F4
:1088C000C2F82C15D3F81414C2F83015D3F81814C4
:1088D000C2F83415D3F81C14C2F84015D3F820148C
:1088E000C2F84415D3F82414C2F84815D3F8281454
:1088F000C2F84C15D3F82C14C2F85015D3F8301424
:10890000C2F85415D3F83414C2F86015D3F83814EB
:10891000C2F86415D3F83C14C2F86815D3F84014B3
:10892000C2F86C15D3F84434C2F8703508F09AFEDA
:1089300018B1374B374AC3F88C2608F093FE18B1AC
:10894000354BFB22C3F8182508F08CFE58B14FF0C8
:1089500080424FF08051D2F8E43ED1F8581261F3D2
:108960000303C2F8E43E08F07DFE20B12B4B4FF428
:108970000072C3F840264FF08053D3F83031082BF3
:1089800017D14FF08043D3F80024D20744BF6FF0D3
:108990000102C3F800244FF08053D3F83431042B84
:1089A00081BF4FF01023D3F808224FF08043C3F863
:1089B00058254FF01023D3F80022002A03DBD3F808
:1089C0000432002B22DA164901234FF01020C1F89F
:1089D00004351224FFF74CFFC0F80042FFF748FFB0
:1089E000C0F80442FFF744FF0023C1F80435FFF745
:1089F0003FFFBFF34F8F0B490B4BCA6802F4E06295
:108A00001343CB60BFF34F8F00BFFDE710BD00BF26
:108A1000005000404881030000F0004000900240F8
:108A200000E0014000ED00E00400FA05014B0020E9
:108A30001B681847CC120020014B1B68184700BF69
:108A4000CC12002010B50C4C237993B9012323716B
:108A50000A4B2060002818BF184600F0BDF850B936
:108A600023680748002BBDE8104008BF184600F0F7
:108A70002FB96FF0770010BDCC1200202D8A0000B6
:108A8000398A000008B50C4B1A794AB90B490C48D1
:108A90000C4AB12306F0B5FE0A48B12106F0A8FE43
:108AA0001B682BB10020FBF703F808B9FAF7DEFFCB
:108AB000054B01221A7008BDCC120020DC410100D8
:108AC000F02901009F410100B513002008B5124BA9
:108AD0001B795BB91149124A124840F2051306F09E
:108AE00090FE40F205110E4806F082FE58B10128B2
:108AF0000DD00D490A4A0B484FF4927306F081FEDF
:108B00004FF49271EFE7BDE8084000F0F3B8BDE81C
:108B1000084000F075B800BFCC120020DC41010015
:108B20009F410100F02901008548010008B5124B62
:108B30001B795BB91149124A124840F22B1306F017
:108B400060FE40F22B110E4806F052FE28B10128BB
:108B500007D1BDE8084000F081B8BDE8084000F04A
:108B600015B90949064A07484FF4A57306F049FEAE
:108B70004FF4A571E7E700BFCC120020DC410100F3
:108B80009F410100F02901008548010038B54FF0F0
:108B900080440123C4F8083363600023C4F8003123
:108BA000D4F8003142F21075D4F80C24D4F80C3407
:108BB000D20307D5DB0705D5012008F063FD013D91
:108BC000F2D138BD08F0A4FD0028FAD0014B0022F4
:108BD0005A71F6E7D412002010B508490C794CB947
:108BE000012308600B7108F093FD08B9002010BD47
:108BF0004C71FBE76FF07700F9E700BFD41200205B
:108C000008B512490B794BB911491248124A77231A
:108C100006F0F7FD1048772106F0EAFD4FF080439B
:108C20000022C3F80021D3F8002101221A6009684C
:108C300011B1C3F8042308BDD3F80021002AFBD0EA
:108C40000022C3F80021D3F80031F4E7D412002049
:108C5000DC410100F0290100FA41010008B5084B90
:108C60001B794BB907490848084A892306F0C9FD12
:108C70000648892106F0BCFDBDE80840FFF786BF25
:108C8000D4120020DC410100F0290100FA4101006A
:108C900010B54FF08043D3F80423D20715D5D3F88D
:108CA000002192B10022C3F800210121D3F8002154
:108CB000C3F8081308F02CFD044B10B15A7922B9FF
:108CC0005971BDE810401B68184710BDD412002030
:108CD000074A13794BB901215371106011714FF09C
:108CE00080421846C2F8183570476FF07700704719
:108CF000DC12002010B5214C23794BB920492148C2
:108D0000214AE52306F07DFD1F48E52106F070FDB0
:108D10004FF08043D3F81814D3F81824C90315D59D
:108D2000900701D008F012FD4FF080430022C3F8F5
:108D30001825C3F80421D3F8042101229A6022687F
:108D400072B9D3F80421002AFBD011E0D3F814241F
:108D5000D107E9D5D3F81C249207E3D122681AB1D0
:108D60000222C3F8042310BDD3F80421002AFBD04B
:108D70000022C3F80421D3F80431F4E7DC12002008
:108D8000DC410100F02901003D42010008B5094B1A
:108D90001B795BB908490948094A4FF4917306F0F9
:108DA00030FD07484FF4917106F022FDBDE8084000
:108DB00008F0CCBCDC120020DC410100F0290100ED
:108DC0003D42010038B54FF08041D1F80C24D1F874
:108DD0000C34D0032AD5DA0728D5D1F81834DB03B0
:108DE00024D5154C637903F0FF0213BBC1F80C21A5
:108DF0000125D1F80C31657108F099FC10B10223FE
:108E0000C1F8343C4FF080431D61226822B1082232
:108E1000C3F80423002038BDD3F80C21002AFBD06E
:108E20000022C3F80C21D3F80C31F3E76FF0760081
:108E3000F1E76FF00F00EEE7DC1200202DE9F041C2
:108E40004FF080431E4FD3F80443012504F01A0469
:108E500000260CB9BDE8F081B4FA84F1C1F11F011C
:108E60008B0003F580739BB203F1804305FA01F296
:108E7000186892B224EA02040028EAD04FF0804831
:108E80001E60082A1B68C8F808230FD0102A13D0C8
:108E9000022A11D00B490C480C4A4FF4F57306F026
:108EA000B0FC0A484FF4F57106F0A2FC08F03FFC54
:108EB00008B1C8F8346C7E713B68C8B29847C8E7FF
:108EC000DC12002085480100F02901003D4201002C
:108ED000034A430900F01F00D35C1844C0B2704736
:108EE0009D54010010B504460846FFF7F1FF04EB5E
:108EF0004000838ADA051CD5C3F3432123F4F853D9
:108F0000838204F1120204F1720032F8023F13F47A
:108F1000807F03D0C3F3432399420AD09042F4D117
:108F200004EBC10300225A6004F1780008F0CAFB88
:108F300000B910BD05490648064A4FF4DB7306F038
:108F400060FC04484FF4DB7106F052FC1F3F010047
:108F5000F02901008042010008B502680146104670
:108F600008F00DFC58B91149114A12484FF48263B8
:108F700006F047FC4FF482610D4806F039FC02F020
:108F80001F0352090B600BD0012A0CD00A49084A72
:108F9000084840F2194306F034FC40F21941EBE76F
:108FA0004FF0A04008BD0548FCE700BFD03E0100DF
:108FB0009D3E0100F029010085480100000300509A
:108FC000072808B50BD908490848094A40F2A733D1
:108FD00006F017FC064840F2A73106F009FC8000B5
:108FE00000F5807008BD00BFF3420100F0290100C8
:108FF000BE420100024611F0010030B515D18B07C9
:10900000C1F3400022D51249D1F8200550604FF03D
:109010008052C1F82005D2F83021082A08BFD1F8C3
:109020002025003818BF012010E04FF0A0444FF079
:109030008055D4F820351360C4F82035D5F8305168
:10904000082D08BFD4F82045002BD8D030BD00BF74
:1090500000030050F7B504460846FFF739FF04EB5C
:1090600040060D46B38ADB072AD5204608F07AFC75
:109070002946204608F095FB50B1204608F0C0FB79
:10908000276807EB80000023C0F81035C0F81035C2
:10909000204629460024FFF725FFB48201A8019548
:1090A000FFF75AFF019B00EB8300074BD0F8002726
:1090B000134043F00203C0F80037204603B0F0BD70
:1090C0006FF01500FAE700BFF0F8FCFF2DE9F04360
:1090D0000E4685B01746044658B95A495A485B4A65
:1090E00040F25E4306F08DFB584840F25E4106F0C8
:1090F0007FFB0846FFF7ECFED7F800800546B8F185
:10910000000F19D0204608F070FB18BBCDE9000015
:109110008DF80E008DF80F0043460DF10F020DF192
:109120000E01304608F095FB04EB4502938A23F0CC
:10913000020343F0010393827B689BB331462046D0
:1091400093F80080D3F8049008F044FB28B1B9F1FB
:10915000000F1FD06FF0150027E004EB4500838A55
:1091600023F4604323F020038382B9F1000F11D070
:10917000B8F1030FEED87B6821685B6893F800C0F4
:109180004FEA8C031944B8F1000F11D1C1F81085D2
:10919000C1F8108504EB4502938A23F01C0343EACF
:1091A00088039382BB6843BB002005B0BDE8F08311
:1091B000D1F8102522F00302C1F8102522681344CB
:1091C000D3F8102522F44F3222F44072C3F8102550
:1091D0003202D3F8101502F47C5242EA08420A43E4
:1091E000C3F8102504EB4C03A3F87C60838A43EAA0
:1091F0004C3343F020038382CCE7D3E90078314637
:109200002046FFF76FFE002FCED063689F4206D046
:1092100004F1780008F038FA002804DAC5E7A368FA
:109220009845F5D1002004EBC003C3E9017804EBB5
:109230004505C0B2AB8A43EA402343F48073AB8256
:10924000B2E700BFFD420100F029010080420100A9
:109250002DE9FF410C4616461F46054658B93C49C4
:109260003C483D4A4FF48D6306F0CBFA3A484FF440
:109270008D6106F0BDFA0846FFF72AFE804616B358
:10928000284608F0A7FA18B9284608F08AFA08BB59
:109290002146284608F090FA10B17378012B19D0B6
:1092A00001238DF80F300023CDE90063721CB31C3D
:1092B0000DF10F01204608F0CCFA05EB4802938A25
:1092C00043F003039382002F3FD02146284608F045
:1092D00081FA20B96FF0150004B0BDE8F0813E7846
:1092E0002B6803EB8603002205EB4800C3F810252A
:1092F000C3F81025838A23F4604323F0200383827C
:1093000079784FEA860C01B32A68BF786244090471
:10931000D2F8103523F4991323F4F853C2F810351A
:10932000230201F4403103F47C530B433905D2F896
:10933000105501F480110B432B43C2F81035838A7A
:1093400043EA463343F0200383820020C4E700BF92
:10935000FD420100F02901008042010008B558B922
:1093600007490848084A40F2714306F04AFA06489D
:1093700040F2714106F03CFAC0E9031208BD00BF9B
:10938000FD420100F02901008042010070B5154640
:10939000044658B91349144A144840F27A4306F077
:1093A00030FA40F27A41104806F022FA4AB91049E0
:1093B0000D4A0E4840F2233306F023FA40F22331DF
:1093C000F1E708F0EEF948B10846FFF781FD04EB3C
:1093D00040040020A38A5B0B2B7070BD6FF015005A
:1093E000FBE700BFFD42010080420100F0290100BF
:1093F0000745010070B5044658B916491648174A82
:109400004FF4916306F0FDF914484FF4916106F0B2
:10941000EFF990F88C50D5B960222946143008F045
:1094200091FD2668E8B20135FFF7CAFD082DF9D194
:109430000025C6F87C5146F30730D6F87C31FAF7A0
:1094400015FB012384F88C30A367284670BD6FF0AC
:109450007700FBE7FD420100F02901008042010096
:1094600008B558B908490948094A40F28F4306F03F
:10947000C8F9074840F28F4106F0BAF990F88C001D
:10948000003818BF012008BDFD420100F02901008D
:109490008042010008B558B907490848084A40F217
:1094A0009D4306F0AEF9064840F29D4106F0A0F952
:1094B000BDE80840FFF7CEBDFD420100F0290100E4
:1094C0008042010008B558B908490948094A40F2E4
:1094D000A44306F096F9074840F2A44106F088F943
:1094E000BDE80840044808F0EDB800BFFD420100A7
:1094F000F0290100804201004003002010B50C4615
:1095000058B90A490A480B4A40F2AB4306F079F9C8
:10951000084840F2AB4106F06BF9074808F0B4F890
:109520000028A4BF2070002010BD00BFFD42010034
:10953000F029010080420100400300202DE9F341A1
:109540000D461646044658B93849394A39484FF449
:10955000A56306F056F94FF4A561354806F048F9C1
:1095600008F02AF948B93449314A324840F23543C3
:1095700006F047F940F23541EFE7204608F011F9CF
:109580002768F8B1204608F025F98046D0B9204672
:1095900008F036F90546FFF713FD47F800803B5801
:1095A000236803EB8503D3F8102542F00102C3F8CA
:1095B000102526B122680123AB40C2F8043302B063
:1095C000BDE8F081D7F80433002BA4BF4FF000436F
:1095D000C7F804334EB91949154A164840F24F43AB
:1095E00006F00FF940F24F41B7E72846FFF770FC4D
:1095F00004EB4004A38AC3F38203042B12D0052B8F
:1096000012D001A80195FFF7A7FC019BD0F8101517
:10961000D94001F001010231284602B0BDE8F04115
:1096200008F064B90321F7E70221F5E7FD420100E4
:1096300080420100F0290100084301002943010094
:1096400008B558B907490848084A40F22F5306F0B0
:10965000D8F8064840F22F5106F0CAF8BDE8084095
:1096600008F080B9FD420100F029010080420100AC
:109670002DE9F04F07468BB058B975497548764AC1
:1096800040F25C6306F0BDF8734840F25C6106F09E
:10969000AFF88046082258F804ABDAF80413C9B2D0
:1096A00041F00041504608F030F9051E2FDA002342
:1096B000032108A8CDE90833FFF79CFC674B029310
:1096C0000DF120094FF0000B029A654912F8013B99
:1096D0000292DA0803F007038A5C22FA03F3DB073D
:1096E0001CD40BF10103022B09F104094FF0010B0B
:1096F000EAD14FF000410022504608F006F903215C
:1097000008A8FFF777FC0028D8D125F000450124F0
:10971000002D40F086800BB0BDE8F08F514B5B44CC
:109720000393D9F800100029DBD0039B91FAA1F133
:109730001C78B1FA81F141EA44142046FFF7C8FBD6
:1097400007EB40000794828AC808C2F3820319F825
:1097500000600193CDE9042301F00701012303FA1E
:1097600001F126EA010109F8001007A8FFF7F4FB50
:109770000799049A059B01F5E07112F0100F50F85B
:109780002160C6F3014633D0019A2146404608F0D5
:1097900041F807A80794FFF7DFFB079B03F5E07389
:1097A000F6B250F82330C3F301439E4207D10021A3
:1097B000204608F09BF83146204608F097F807A8A5
:1097C0000794FFF7C9FB079B012202FA03F3C0F8D5
:1097D00020354FF08053D3F83031082B01BFD0F83B
:1097E0002035D0F82035D0F82035D0F8203598E74E
:1097F000022E14BF022103212046049308F076F8BC
:10980000049B032B03D0022E07D1012BD7D1019A41
:109810002146404607F0FEFFD1E7032ECFD1022BB1
:10982000F4E795FAA5F3B3FA83F304FA03F225EA11
:10983000020503F5A27207EB43035AF82220B3F89E
:109840007C10C2F30142404607F0E4FF60E700BF2E
:10985000FD420100F029010080420100AD540100E9
:1098600080260100AD54010010B548B91B491C48C1
:109870001C4A722305F0C5FF1A48722105F0B8FF93
:10988000194C23783BBB0278C2F3400392070FD5F3
:109890004FF08053D3F83021082A08D1D3F834315F
:1098A000022B02BF4FF080430122C3F83826012368
:1098B0004FF08042C2F88035037803F00103C2F80C
:1098C00078350020FAF7F4F808B9FAF7CFF8012351
:1098D0002370002010BD6FF07700FBE77A45010090
:1098E000F029010034430100B61300204FF08043FB
:1098F0004FF46072C3F80823014B00221A607047CE
:10990000E412002008B558B909490A480A4A40F249
:10991000431305F076FF084840F2431105F068FF55
:10992000FFF7E4FF03680BB1044A136008BD00BFF2
:1099300071430100F029010034430100E4120020CA
:1099400010B54FF08043D3F80443620714D54FF4A9
:10995000847008F029F878B1404B1B685BB9404926
:10996000404A414840F26F1305F04BFF40F26F113F
:109970003C4805F03DFF9847A30613D54FF48A7085
:1099800008F012F870B1394B1B684BB93849354AA9
:1099900035484FF4BC7305F034FF4FF4BC71E7E772
:1099A00000209847600613D54FF48C7007F0FCFF39
:1099B00070B12E4B1B684BB92D492A4A2A4840F2F8
:1099C0007F1305F01EFF40F27F11D1E70120984779
:1099D000210613D54FF48E7007F0E6FF70B1254BCA
:1099E0001B684BB924491F4A1F484FF4C47305F044
:1099F00008FF4FF4C471BBE700209847E20513D578
:109A00004FF4907007F0D0FF70B11A4B1B684BB940
:109A10001949144A144840F28F1305F0F2FE40F23F
:109A20008F11A5E701209847A30515D54FF4927033
:109A300007F0BAFF80B10F4B1B684BB90E49094ABA
:109A400009484FF4CB7305F0DCFE4FF4CB718FE780
:109A5000BDE810400220184710BD00BFEC120020E6
:109A60008943010034430100F0290100E81200207D
:109A7000AA430100E4120020CC43010080F08003DF
:109A8000042B04D8054B034413F8800C70470728B7
:109A90009ABF034B185C0020704700BFAF54010011
:109AA000B4540100064B93F82E00012806D002287A
:109AB00018BF042814BF0120002070470020704701
:109AC000F012002010B5164B164A0020C3F800050E
:109AD00092F82F40D3F8041382F82E40146821F036
:109AE00033010CB141F02301C3F81C01D3F81C4130
:109AF000C3F81801D3F81841C3F80801D3F80801D6
:109B000092F8340092F8332002F0010200F00100D4
:109B1000D20142EA80120A43C3F8002310BD00BFFD
:109B200000700040F012002070B50D4A002392F83A
:109B3000301001251E4618B90BB182F8301070BDE7
:109B400090FAA0F3B3FA83F305FA03F40C3302EBB3
:109B5000430320EA0400DE8021EA04010123EAE74E
:109B6000F012002038B5431EFE2B09D90F491048CA
:109B7000104A9A2305F045FE0E489A2105F038FE5A
:109B80000D4B012493F8305000220823204203D0CB
:109B9000254208D00132D2B2013B4FEA4404F5D14C
:109BA0000A70184638BD6FF01500FBE72944010024
:109BB000F0290100EC430100F012002073B50023EE
:109BC000044601AA0E464FF48071019307F00DFF81
:109BD0004FF48A71204607F008FF4FF48271054662
:109BE000204607F002FF20B11EB115B1144BD3F887
:109BF000343601AA4FF48471204607F0F6FE4FF484
:109C00008671204607F0F1FE4FF48871204607F078
:109C1000ECFE0C4B234083B14FF48E75294601AA0C
:109C2000204607F0E2FE291F083589B22046ADB272
:109C300007F0DBFEB5F5AE7FF0D1019802B070BD44
:109C400000700040C0FF3F002DE9F04F9A464FF0F2
:109C5000805393B0D3F830411C9D082C3FD1D3F8EA
:109C60003431012B3BD00DF1080C0AAF3E4C3E467F
:109C7000E046002304EB031E0133DEF8189548F894
:109C8000049B082BDEF81CE546F804EBF2D1D4F86F
:109C9000F065D4F8403601934FF0010E0023D4F85C
:109CA0004496D4F84886C4F8FC3FC4F8FCEF2E4C28
:109CB0005CF804BB04EB031E0133CEF818B557F86B
:109CC00004BBCEF81CB5082BF2D1019BC4F840367A
:109CD000F6B2C4F84496C4F84886C4F8F065234B3D
:109CE000002483F8334083F834409C601C611D607D
:109CF00083F831009C831C4BC3F8F015C3F8F4259E
:109D00007DB32322C3F80023184D174C00220127EE
:109D1000110107FA02F301F18046034006F5E0461F
:109D200019BF95F81EE095F81FC09C469E46002B73
:109D300004EB0103C6F810E5C6F814C5D3F81815EE
:109D400014BF5646002621F08071013241EA0661B7
:109D5000082AC3F8181505F10205D9D113B0BDE8DA
:109D6000F08FC3F80053CFE700700040F0120020DE
:109D7000F8B50446C079FF2809D12B492B482C4A55
:109D8000E62305F03EFD2A48E62105F031FD267A5E
:109D90006779617AFFF772FE10B96FF01500F8BDB0
:109DA000244A01F10C0502EB4503012F987139D1CA
:109DB0003046FFF763FE0028EFD002EB4505E8715F
:109DC000E378A0781B03000200F4E06003F4805302
:109DD0000343207800F0030003432079000400F4DB
:109DE000E02003436078000100F030000343A079D5
:109DF000000600F0807003436079000500F48010D5
:109E00000343080100F1804000F5E040C0F8183538
:109E1000012303FA01F192F830300B4382F830301D
:109E20000020BCE70020C8E761440100F0290100E0
:109E3000EC430100F0120020084B01229A6000223E
:109E4000C3F81421D3F8141105498020C1F880010A
:109E5000C3F80025C3F80025704700BF007000401C
:109E600000E100E070B5204D95F82E40002C38D16F
:109E7000FF20012685F82E60FFF756FE1B4B1C487D
:109E8000C3F80041D3F80021C3F80441D3F80421FA
:109E9000C3F81041D3F81021C3F81441D3F814319A
:109EA0001C239A0806FA02F111F0330F1CBF03F1CC
:109EB000804101F5E24102F1FF3218BF0C6006FA61
:109EC00002F218BF096812F0330F1CBF1C501A5859
:109ED00008335C2BE5D10720F9F7C8FD0020286086
:109EE00070BD6FF07700FBE7F012002000700040BB
:109EF000FC70004008B50E4B93F82E30024603B1BB
:109F000058B90C490C480D4A4FF4EA7305F079FC36
:109F10000A484FF4EA7105F06BFCFFF7C3FD20B966
:109F2000BDE808401046FFF723BF6FF00F0008BDE3
:109F3000F0120020D0440100F0290100EC430100A0
:109F400008B5094B93F82E205AB908490848094A20
:109F50004FF4F07305F055FC06484FF4F07105F02E
:109F600047FC93F8300008BDF012002011450100B5
:109F7000F0290100EC4301002DE9F0431E4F994602
:109F800097F82E3085B00546884616465BB91B49C2
:109F90001B481C4A4FF4FC7305F033FC19484FF47E
:109FA000FC7105F025FCFFF77DFDF0B90DF10F0107
:109FB0002846FFF7D7FD0446D0B9134BC3F8F80580
:109FC000331E18BF0123CDF8009032464146284683
:109FD000FFF73AFE9DF80F3087F83230022387F8FA
:109FE0002E30204605B0BDE8F0836FF00F04F8E78F
:109FF0006FF01504F5E700BFF012002011450100D5
:10A00000F0290100EC430100007000402DE9FF47FA
:10A01000344E994696F82E3080468A46154603B14E
:10A020005AB931493148324A4FF40A7305F0E9FB15
:10A030002F484FF40A7105F0DBFBFFF733FD0746AD
:10A04000002846D10DF10F014046FFF78BFD044675
:10A05000002841D16B8833B19DF80F30012B3ED8D9
:10A06000B9F1000F3BD02A786B782AB123B99DF85B
:10A070000F10012933D80127CDF8009051464046F2
:10A08000FFF7E2FD6B881B4A8BB1A3F15001B1F5DC
:10A09000F66F0AD318491548184A40F2AA5305F03A
:10A0A000B0FB164840F2AA51C5E743F48053C2F80A
:10A0B000F8359DF80F3086F832302B7986F8353038
:10A0C000042386F8367086F82E30204604B0BDE8AA
:10A0D000F0876FF00F04F8E76FF01504F5E76FF005
:10A0E0008504F2E7F012002043450100F029010049
:10A0F000EC430100007000408345010090440100E2
:10A1000070B5244A92F82E5004465DB9224923487E
:10A11000234A4FF4197305F074FB21484FF4197169
:10A1200005F066FB13695BBB00F06043B3F1005FB1
:10A1300029D192F83260B1FBF6F306FB131028BB6D
:10A140000BB2002B22DD052D06D8032D0BD8022DD6
:10A150000ED06FF0760070BD062DFAD1114BC3F80A
:10A160002C46C3F8301693683BB1C2E90441F2E7CC
:10A170008E420BD1C2E90246EDE7C2E90241EAE7AD
:10A180006FF07700E7E76FF00C00E4E76FF0060090
:10A19000E1E700BFF012002011450100F0290100A5
:10A1A000EC430100007000402DE9FF41594C94F848
:10A1B0002E20012A0BD858495848594A40F29D236D
:10A1C00005F01FFB564840F29D2105F011FBA368E6
:10A1D000002B00F09B80022A06D0042A33D06FF0B7
:10A1E000760004B0BDE8F0814E4D0126C5F800654B
:10A1F0002168E26849B1032184F82E10C5F82C3695
:10A20000C5F830262E600020EBE7C5F82C36C5F8DF
:10A2100030262E6007F001FC04F108036E60019304
:10A2200001990220FFF7CAFC0028F9D03D4B00221B
:10A23000C3F80821D3F80811C3F80C21D3F80C1186
:10A24000C3F80025DFE7374D4FF00108C5F800855A
:10A25000276857B1052284F82E20E268C5F82C360D
:10A26000C5F83026C5F80080CDE7A18B94F83220E0
:10A27000039203EB41030293C5F82C36C5F8302650
:10A28000C5F8008007F0C9FB94F8363063BB254D54
:10A2900001236B6002A90220FFF790FC0028F9D08F
:10A2A0000023C5F80831D5F80821C5F80C31D5F8D8
:10A2B0000C21A18B94F832200A44E16892B28A42C0
:10A2C000A28321BF184AA383D2E90201236124BFDC
:10A2D000C2E900011846134B4FF0000238BF6FF07F
:10A2E0000F00C3F800257CE7D5F8F465F6B208FA4C
:10A2F00006F6013EBE42CAD9C5F8048000210420FA
:10A30000FFF75CFC0028F9D00137F3E76FF00B0092
:10A3100067E700BFF0120020A2450100F02901000C
:10A32000EC43010000700040F8120020F8B5334EF5
:10A3300096F82E10024659B931493248324A40F255
:10A34000293305F05EFA304840F2293105F050FA21
:10A35000FFF7A8FB00284ED12C4C86F82F100723BE
:10A3600086F82E3001237260C4F80035D4F8045307
:10A37000C4F80003E3603AB125F0C00545F03305A9
:10A38000C4F800530020F8BD00211020FFF716FC90
:10A390000028F9D00023C4F80431D4F804311C4B50
:10A3A000C4F82C3601270223C4F83036276007F0A2
:10A3B00034FBA76000212020FFF700FC0028F9D023
:10A3C000124B0022C3F80421D3F80411C3F808216A
:10A3D000D3F80811C3F8002596F82F1086F82E1030
:10A3E000C3F81C21D3F81C11C3F81821D3F8182185
:10A3F000C3F80053C6E76FF00F00C4E7F012002067
:10A4000011450100F0290100EC43010000700040FB
:10A41000081300207FB56249614E3320FFF7CEFB61
:10A4200010F0100F05460BD05E4B1022C3F8082326
:10A43000B218C3F82C260222C3F8302601221A6073
:10A4400015F0200F584C10D094F82E30554A072B99
:10A4500005D0D2F834369BB2E36000232361D2F8F2
:10A460000433DB0601D5FFF72DFBA80717D5002223
:10A4700094F82E308DF80420A2680292062BE26830
:10A48000ADF80C2017D0072B33D0032B07D1FFF7E3
:10A49000D3FC022384F82E30236801A89847E907EB
:10A4A0004ED594F82E30033B042B49D8DFE803F057
:10A4B000594828405D0094F8353023B1236913B121
:10A4C000384B01221A60236801A89847374B93E85C
:10A4D000030086E8030000232361A368002BDED17C
:10A4E000FFF7AAFC042384F82E3005238DF80430EE
:10A4F000D2E7FFF7E7FA02238DF804306368CCE770
:10A5000004238DF8043001A823689847254BD3F81D
:10A51000F825D20444BF01225A602269062384F838
:10A520002E302AB11F4B6169C3F82C26C3F83016B0
:10A5300023692BB903238DF8043001A823689847B9
:10A5400094F82E30072B0AD0164B1948D3F8043351
:10A5500000211840FFF732FB012685094DB904B0F0
:10A5600070BD104B01225A60EAE70E4B01229A603F
:10A57000E6E795FAA5F3B3FA83F306FA03F225EAC0
:10A5800002055A08DB4303F001038DF809308DF80A
:10A59000046023688DF8082001A89847DEE700BF13
:10A5A000F812002000700040F0120020001300207C
:10A5B000C0FF3F0038B5450914D0012D06D14FF634
:10A5C000FF7400F01F00C440E4070ED41149124884
:10A5D000124A4FF4826305F014F910484FF4826177
:10A5E00005F006F94FF0FF34EBE70D4C012D18BFD5
:10A5F0004FF0A04404EB80001B02D0F80057094C38
:10A6000043EA82022C4042EA41012143C0F800178C
:10A6100038BD00BFD03E0100F02901009D3E010081
:10A6200000030050F0F8FCFF13B5394B01930023F1
:10A63000C0F80431D0F80421C0F82431D0F8242126
:10A64000C0F81C31D0F81C21C0F80831D0F808211E
:10A65000C0F800324B6381F82F300123036291F878
:10A660002D209A4218BF83604B6B8A6A934204463E
:10A670000ED24A6AD35CC0F81C350B6803B340F2B3
:10A6800086238B608B68C4F80433002002B010BDB1
:10A6900091F82C3013B10123C361EEE70B6A13F07C
:10A6A000400F4FF0010316BFC361436181F82D30A5
:10A6B000E3E7204607F0B9F928B1019B013B01937C
:10A6C000019B002BF5DC91F82F0058B9019B002B62
:10A6D000DCDC0023C4F800350523C4F800356FF036
:10A6E0008B00D3E7D4F8C434C4F8C43463B19A07F8
:10A6F0005ABF03F001008C386FF0040013F0040F10
:10A7000018BF6FF00A00E1E76FF08B00DEE700BFD3
:10A71000A086010013B5314B01930023C0F804312A
:10A72000D0F80421C0F82431D0F82421C0F81C311D
:10A73000D0F81C21C0F80831D0F808214B6381F80B
:10A740002F308B6A012B044617D10B6A580614D49C
:10A750000223C4F800320123236291F82D20022A3B
:10A7600018BF23600B688BB140F286238B608B6827
:10A77000C4F80433002002B010BD0123E9E72046ED
:10A7800007F053F928B1019B013B0193019B002B7A
:10A79000F5DC91F82F0058B9019B002BEBDC00236E
:10A7A000C4F800350523C4F800356FF08B00E2E7EC
:10A7B000D4F8C434C4F8C43463B19A075ABF03F060
:10A7C00001008C386FF0040013F0040F18BF6FF015
:10A7D0000A00E1E76FF08B00DEE700BFA086010012
:10A7E00070B50D46044600B149B92849284A2948A0
:10A7F000BB2305F006F8BB21254804F0F9FF90F8CB
:10A80000321000293FD1C0E90123C16080F8311026
:10A8100080F8351080F834106B7B80F83C30AE7BCC
:10A8200080F83D60B6B9D5E90003984207D11A49CE
:10A83000174A1848E82304F0E4FFE821DCE7062380
:10A8400003223146FFF7B6FE68680623032231462D
:10A85000FFF7B0FEEB7B33B9D5E900122368C3F8EC
:10A860000815C3F80C252368AA68C3F82425636873
:10A8700023B1206840F30730F9F7F8F8012384F892
:10A880003230002070BD6FF07700FBE73F460100DB
:10A8900004460100F02901005646010008B558B9E8
:10A8A0001049114A11484FF49A7304F0AAFF4FF46B
:10A8B0009A710D4804F09CFF90F83230012B09D0BA
:10A8C0000B49094A09484FF49C7304F09AFF4FF46E
:10A8D0009C71EEE703680522C3F80025022380F887
:10A8E000323008BDFD42010004460100F02901009C
:10A8F0007546010008B558B91549164A164840F280
:10A90000431304F07EFF40F24311124804F070FF3D
:10A9100090F832304BB911490E4A0F4840F24713B4
:10A9200004F06FFF40F24711EFE703680C4AC3F8E9
:10A930000823D3F8002222F00302C3F800220022E9
:10A94000C3F80025012380F8323080F8342008BD98
:10A95000FD42010004460100F02901009F4601006C
:10A96000864204002DE9F0410D461646044658B9CA
:10A970003C493D4A3D4840F2B32304F042FF40F2D7
:10A98000B321394804F034FF90F83230022B00F143
:10A9900004080DD1CB680BB94B684BB92B690BB9C7
:10A9A000AB682BB963686BB92B78023B012B09D8D4
:10A9B0002F492D4A2D4840F2B92304F022FF40F2DE
:10A9C000B921DEE794F83130D4F800E0012B05D14D
:10A9D0002B78012B07D16FF076000FE0022B02D10C
:10A9E0002B78012BF7D1234BCEF8083394F8343071
:10A9F00033B1E368CEF804336FF00F00BDE8F081A7
:10AA0000C6F3800383F00103DBB284F8343066625E
:10AA1000AC46BCE80F0004F110070FC7DCF80030AB
:10AA20003B606B68E362EB68A3626B78CEF88835B5
:10AA30002B78012B10D06BB9C6F3401684F8306028
:10AA400041467046FFF7F0FD6368002BD6D184F8CD
:10AA50003430D3E70126F1E741467046FFF75AFE4E
:10AA6000F2E700BFFD42010004460100F0290100A9
:10AA7000CB460100864204002DE9F041044686B031
:10AA800058B931493148324A40F2E12304F0B9FE65
:10AA90002F4840F2E12104F0ABFE014651F8048B4F
:10AAA000404606F0C2FF002847D194F8335005BB5A
:10AAB000227C931E012B1CD8A06AE369984218D10E
:10AAC000236AA362A369E36294F8243084F83150C6
:10AAD000C3F34013032A84F83030404604D106B053
:10AAE000BDE8F041FFF7A0BD06B0BDE8F041FFF7BB
:10AAF00011BE04F110070FCF01AE0FC63B683360E3
:10AB000065B1D8F8C454C8F8C454A90718D46A0762
:10AB100018D405F00105C5F10405EDB2002384F851
:10AB20003430636A8DF800505B0702D594F83330F7
:10AB30001BB1D4E901316846984706B0BDE8F08101
:10AB40000125EBE70225E9E7FD420100F0290100BC
:10AB50000446010008B50368590914D0012906D13B
:10AB60004FF6FF7203F01F03DA40D2070ED40B49F1
:10AB70000B480C4A4FF4826304F043FE09484FF43B
:10AB8000826104F035FE4FF0FF32EBE703600129EC
:10AB9000054818BF4FF0A04008BD00BFD03E0100DF
:10ABA000F02901009D3E010000030050F7B50C465E
:10ABB000064606F0D2FF204606F0CFFF01A8019618
:10ABC000FFF7C8FF019B2F4D019400EB830040F27B
:10ABD0000D67D0F800372B403B43C0F8003701A881
:10ABE000FFF7B8FF019B00EB8300D0F800372B4044
:10ABF0003B43C0F80037042006F044FD0925012737
:10AC000001A80194FFF7A6FF019AD0F81035D340B0
:10AC1000DB0715D401A80196FFF79CFF019B07FAFB
:10AC200003F3C0F80C35042006F02CFD304606F086
:10AC300094FF013D042006F025FD15F0FF05DFD14E
:10AC400001A80194FFF786FF019A01239340C0F801
:10AC50000C35042006F016FD204606F07EFF042089
:10AC600006F010FD01A80194FFF774FF019AD0F8D7
:10AC70001035D34013F0010F0CBF6FF08B00002094
:10AC800003B0F0BDF0F8FCFF38B5436905463BB9A9
:10AC90000024EA68537843F001035370604238BDE2
:10ACA000984704460028F3D000F1FF03FE2B0ED98D
:10ACB000094A0A490A48212304F0A3FD29680948E2
:10ACC000224604F09EFD0448212104F091FDEB682A
:10ACD00044421C70DDE700BF4C4801006F48010092
:10ACE000F02901008748010070B50446EFF3118692
:10ACF000202383F31288BFF36F8F0E4B9D6806F0FD
:10AD000050FF042C0CD10C490C4A0D48872304F049
:10AD100078FD0C4804F075FD0848872104F068FDB3
:10AD200086F31188BFF36F8F2846BDE87040F8F7AF
:10AD300071BF00BF28130020CE480100AC480100BD
:10AD4000F0290100EB48010038B50A4B53F82040C8
:10AD5000013053F82050A54200D838BD606830B1AA
:10AD6000037EDB0701D4FFF78FFF0834F3E7236886
:10AD70009847FAE78426010070B5374B374C384DB9
:10AD800086B0012203201A70FFF7DEFF07F0CBF830
:10AD90000420FFF7D9FFAC42264628D93149324A70
:10ADA0003248442304F02DFD314804F02AFD4421AB
:10ADB0002D4804F01DFD54F80C3C059354F8103C4C
:10ADC000049354F8143C039354F8183C029354F839
:10ADD0001C3C019354F8203C009354E90A2354E9A5
:10ADE0000C0101F087FE54F8303C5E65D3E7AE42BB
:10ADF00004F13004DFD302F061FB184CAC421FD9E0
:10AE00001849194A1948682304F0FBFC184804F053
:10AE1000F8FC6821CCE7D4E90A23B3F1FF3F08BF6F
:10AE2000B2F1FF3F05D052EA0301206803D102F0DE
:10AE3000C3FD3034E2E70F49183003F059F9F8E761
:10AE4000E9D302F0ADFBF7F751FB0B4A938923F0EE
:10AE50000103938106B070BDB71300207423010075
:10AE6000742301004149010020490100F02901003B
:10AE7000C2380100A9D00000B807002070B5144EF8
:10AE8000144D1549882386B003FB00660122002378
:10AE9000CDE904230F22CDE902320193142303FBF1
:10AEA00000554FF4A072044602FB00110B4B0095B5
:10AEB000304601F01FFE337C2C7423F004033374FE
:10AEC000074BEE60013403EBC4236B6006B070BD2A
:10AED0003007002028130020C021002055B50000B5
:10AEE000C01900207FB50020FFF72EFF324B83F3FF
:10AEF0000888324C636943F400736361E02384F88B
:10AF000022300023E37723766376A37684F820301B
:10AF1000626A42F4E022626284F82330F8F710FD9E
:10AF2000F8F762FE4FF0FF33A362E362F8F768FFC1
:10AF3000F8F7D4FE224801F087FE224B224A9342C2
:10AF40000ED92249224A2348CC2304F05AFC224835
:10AF500004F057FC1E48CC2104F04AFC1C33EEE7F9
:10AF6000FCD30120FFF7F0FE0220FFF7EDFE02F018
:10AF7000D1FB1A4B1A4C5C611A4B05930025012337
:10AF8000194900954FF48062CDE90353CDE901558D
:10AF9000164B204601F0AEFD237C064623F0040349
:10AFA0002046237401F0F2FF2846FFF767FF0F4A9F
:10AFB00031462046F8F7FCFDC021002000ED00E0FE
:10AFC00040080020DC200100F42101006E4901004E
:10AFD00020490100F0290100C23801002813002097
:10AFE000B8070020864901000023002079AD000049
:10AFF0002DE9F04F8BB0DDE914A7CDE90512064627
:10B000003B46524608A806F00CFFDDE90834D0465E
:10B01000CDE90234B94606F11404EFF3118520217D
:10B0200081F31288BFF36F8F204603F007F860B9F1
:10B03000354A36493648842304F0E3FB2146354837
:10B0400004F0DFFB8421304835E0204603F01AF895
:10B05000EFF3058111B157EA0A0321D106F10C0380
:10B0600007934FF0200BDDE90512169B30469847F9
:10B07000074610B958EA09081FD1204602F0ECFF34
:10B08000002839D1204A244921484FF4997304F00B
:10B09000B8FB2146214804F0B4FB4FF49971D2E784
:10B0A0001F49204A1A48582304F0ABFB1E4804F0FD
:10B0B000A8FB1C48582104F09BFBDDE9022308A8EB
:10B0C00006F0D4FEDDE908A7079ACDE900A72946D6
:10B0D000204602F031F8D046B946EFF311858BF3E4
:10B0E0001288BFF36F8F204602F0A8FF00289FD080
:10B0F000204602F0C7FFB6E785F31188BFF36F8FD4
:10B1000038460BB0BDE8F08FEB2B0100442C01005A
:10B11000F0290100592C0100182C01002F2C0100EE
:10B12000AD4901008B490100F249010038B50D4CD1
:10B130000D4DAC4213D90D490D4A0E48252304F09C
:10B1400060FB0D4804F05DFB0948252104F050FB2D
:10B15000D4E90112204606F027FD1834E9E7F7D3B9
:10B16000002038BD5804002088040020F549010063
:10B170008B490100F0290100C238010030B54B1E97
:10B180000B4285B00CD00B490B4A0C48892304F0C4
:10B1900038FB0B4804F035FB0748892104F028FBF5
:10B1A000DDE90845074B0293CDE90045FFF720FF95
:10B1B00005B030BDD52901008B490100F0290100FF
:10B1C0000D2A01006D270000F8B505460E4600F176
:10B1D0001404EFF31187202383F31288BFF36F8FDA
:10B1E000204602F02BFF68B91B4A1C491C488423E7
:10B1F00004F007FB21461B4804F003FB842116489A
:10B2000004F0F6FA204602F03DFF2846314604F0ED
:10B2100044FA05F10C0002F035FA28B1394620460F
:10B22000BDE8F84006F0C6BD204602F015FF68B93B
:10B23000094A0D490A484FF4997304F0E2FA21468D
:10B240000A4804F0DEFA4FF49971D8E787F31188C1
:10B25000BFF36F8FF8BD00BFEB2B0100442C010042
:10B26000F0290100592C0100182C01002F2C01009D
:10B2700038B50E4C0E4DAC4212D90E490E4A0F484D
:10B28000A22304F0BEFA0E4804F0BBFA0A48A22139
:10B2900004F0AEFA204606F091FC20B92034EAE72B
:10B2A000F8D3002038BD6FF01500FBE7380400200C
:10B2B00058040020334A01000E4A0100F029010021
:10B2C000C23801002DE9F74305460F4691461C465A
:10B2D00000F10806EFF31188202383F31288BFF3EF
:10B2E0006F8F304602F0AAFE60B9324A32493348C5
:10B2F000842304F086FA3146314804F082FA84212E
:10B300002C4826E0304602F0BDFE2B691BB33B60A3
:10B310001C68EB692C610133EB6114B96A699342D3
:10B320001FD0EB68E41A09D4D5E905235A43A24299
:10B3300004D9B4FBF3F203FB124494B12149224A2D
:10B340001E48F72304F05DFA204804F05AFA1E481C
:10B35000F72104F04DFA59EA040214D13B606FF072
:10B360000B04304602F078FEF0B9124A184913482F
:10B370004FF4997304F045FA3146164804F041FA47
:10B380004FF49971BCE7CDE900942A464146304616
:10B3900001F0D2FE044618B90F4B9B685B693B6015
:10B3A000204603B0BDE8F08388F31188BFF36F8FA8
:10B3B000F6E700BFEB2B0100442C0100F02901004F
:10B3C000592C0100504A01000E4A0100CC4A0100EC
:10B3D000182C01002F2C0100281300202DE9F84320
:10B3E000C368CB1A05460E4623D4D0E90512514353
:10B3F00099421ED9B3FBF2F102FB1133CBB900F134
:10B400000807EFF31189202484F31288BFF36F8FAC
:10B41000384602F013FED8B9414A424942488423D3
:10B4200004F0EFF93946414804F0EBF984213C4837
:10B430000CE03F493F4A3C4840F21F1304F0E1F959
:10B440003D4804F0DEF93B4840F21F1104F0D0F90A
:10B45000384602F017FED5F81080B8F1000F40D141
:10B46000EFF3118384F31288BFF36F8F83F3118896
:10B47000BFF36F8F5BB93149314A2B48BB2304F0CE
:10B48000C0F9304804F0BDF9BB212D48DEE72C6837
:10B49000A54226D02CB3A3683BB92B49284A2248A1
:10B4A000A42304F0AEF9A421EFE7D4E9003213603D
:10B4B0005A60237CC4F8088023F002032374C4E993
:10B4C000008804F1180002F0EFFE2046C4F88080E6
:10B4D000666101F05BFD49463846BDE8F84306F079
:10B4E00069BC2B693360EB692E61013BEB61384627
:10B4F00002F0B2FD68B90A4A14490B484FF4997337
:10B5000004F07FF93946124804F07BF94FF4997141
:10B510008DE789F31188BFF36F8FBDE8F88300BF13
:10B52000EB2B0100442C0100F0290100592C0100F3
:10B53000854801000E4A0100E74A0100344B010032
:10B54000094B0100F24901004C4B0100182C01008D
:10B550002F2C010008B50D4B9B6893F90E30002B82
:10B5600009DB2024EFF3118384F31288BFF36F8F7C
:10B5700004F0F4F9F6E706490648074A1C2304F0EC
:10B5800040F905481C2104F033F900BF28130020BE
:10B59000844B0100F0290100634B010008B583686A
:10B5A0004BB90B490B480C4AA42304F02AF90A486A
:10B5B000A42104F01DF9D0E9003213605A60027C26
:10B5C0000023C0E9003322F002020274836008BD48
:10B5D0004C4B0100F0290100094B01002DE9F74F08
:10B5E00004469DF83090884692461E46EFF3058348
:10B5F00073B152EA06030BD05F49604A6048992351
:10B6000004F0FFF85F4804F0FCF899215B4819E06A
:10B6100004F10805EFF311874FF0200B8BF312882C
:10B62000BFF36F8F284602F009FD68B9564A5749A3
:10B630005348842304F0E5F82946554804F0E1F81E
:10B640008421514804F0D4F8284602F01BFD626AB8
:10B6500023699A4277D2EFF311838BF31288BFF3F9
:10B660006F8F83F31188BFF36F8F5BB949494A4AE3
:10B670004348BB2304F0C5F8424804F0C2F84648EA
:10B68000BB21DFE72668B4421AD0CEB13046FFF7BF
:10B6900085FF06F1180002F007FEE2687069414676
:10B6A000002406F041FC3046C6F8804001F06EFCF4
:10B6B0003946284606F07EFB204603B0BDE8F08FF1
:10B6C000206A6669B04207D3A3695A1E904203D824
:10B6D000E268191A914207D23049284A2848B4230F
:10B6E00004F08FF8B42191E7B9F1000F21D0414661
:10B6F00006F01AFC236AE2681344A26923629342AB
:10B7000001D163692362636A0133636200242846BE
:10B7100002F0A2FC50BB1C4A214919484FF499730E
:10B7200004F06FF829461F4804F06BF84FF4997144
:10B7300087E7E1698E4218BF0B46981AE0614146DF
:10B7400006F0F2FBDFE75AEA06030CD0164B9B68C3
:10B750002246C3F814803946CDE900A6284601F0F8
:10B76000EBFC0446A8E76FF02204D0E787F31188CA
:10B77000BFF36F8FA0E700BFAD490100AC4B0100E4
:10B78000F0290100F2490100EB2B0100442C0100DB
:10B79000592C0100344B0100094B0100CE4B010034
:10B7A000182C01002F2C0100281300202DE9F7434D
:10B7B0000446884617461D46EFF3058383B152EAD7
:10B7C00005030DD06149624A62484FF4977304F053
:10B7D00018F8614804F015F84FF497715C4818E0C8
:10B7E00004F10806EFF31189202383F31288BFF3D5
:10B7F0006F8F304602F022FC68B9584A58495548C4
:10B80000842303F0FEFF3146564803F0FAFF8421FB
:10B81000524803F0EDFF304602F034FC636A002B1F
:10B8200068D0E268E169404606F07EFBE369E268C1
:10B830001344A269E361934204BF6369E361636AED
:10B84000013B6362EFF31183202282F31288BFF37E
:10B850006F8F83F31188BFF36F8F5BB94249434AFF
:10B860003C48BB2303F0CDFF3B4803F0CAFF3F48F1
:10B87000BB21CEE72568AC424CD0002D4BD02846EA
:10B88000FFF78CFE05F1180002F00EFD206A6369D7
:10B89000984207D3A3695A1E904203D8E2681B1A44
:10B8A000934209D232492A4A2A484FF4A47303F03A
:10B8B000A8FF4FF4A47191E7696906F035FB236A8C
:10B8C000E2681344A2692362934204BF636923625E
:10B8D000636A0133636200242846C5F8804001F0A2
:10B8E00055FB4946304606F065FA2546284603B022
:10B8F000BDE8F08357EA05031FD01E4B9B68224624
:10B90000C3F814804946CDE90075304601F014FCB7
:10B910000546EBE70025304602F09EFB80B90F4A52
:10B9200015490C484FF4997303F06BFF31461348E7
:10B9300003F067FF4FF499716AE76FF02205EAE7B9
:10B9400089F31188BFF36F8FD0E700BFAD490100C5
:10B95000AC4B0100F0290100F2490100EB2B010082
:10B96000442C0100592C0100344B0100094B01000B
:10B97000CE4B010028130020182C01002F2C0100B1
:10B980002DE9F341044617461E46EFF3058565B1E0
:10B990005449554A5548732303F033FF544803F084
:10B9A00030FF5148732103F023FFEFF31188202368
:10B9B00083F31288BFF36F8F4E4802F03FFB60B9EC
:10B9C0004D4A4E494948842303F01BFF49494C48DE
:10B9D00003F017FF84214848E5E7464802F052FB90
:10B9E000484BE2689B6892B1A068984227D057EA1A
:10B9F00006022CD13F4802F02FFB90B188F311884A
:10BA0000BFF36F8F6FF00F0002B0BDE8F08193F9C4
:10BA10000E10384821610132C4E9023202F01CFBE9
:10BA200078B9354A384931484FF4997303F0E9FE43
:10BA30003049364803F0E5FE4FF49971CBE72169B0
:10BA4000E7E788F31188BFF36F8F0020DCE793F9F5
:10BA50000E1090F90E30994205DA9942A8BF1946A6
:10BA600006F0E3F80546CDE9007622482246414635
:10BA700001F062FB0028E8D0EFF31186202383F366
:10BA80001288BFF36F8F1B4802F0D8FA002897D0B6
:10BA9000184802F0F7FAA068C0B1236821699C42F7
:10BAA0000AD04BB193F90E309942A8BF19466FF0F6
:10BAB0007F039942B8BF194606F0B7F830B10D4878
:10BAC000314606F077F96FF00A009DE7002DF6D1B8
:10BAD000084802F0C1FA0028A3D086F31188BFF30A
:10BAE0006F8FF0E7964C0100744C0100F0290100C3
:10BAF000A84C010048130020EB2B0100442C01004E
:10BB0000592C010028130020182C01002F2C0100B3
:10BB1000F8B50546EFF3058363B15649564A5748D1
:10BB2000EA2303F06EFE564803F06BFEEA2152480A
:10BB300003F05EFE8368002B00F09580514A926806
:10BB4000934240F09380C3684BB94F494A4A4B48EF
:10BB50004FF4817303F055FE4FF48171E7E7012B39
:10BB600003D0013BC3600020F8BDEFF31187202410
:10BB700084F31288BFF36F8F444802F05FFA60B914
:10BB8000434A44493D48842303F03BFE3F49424831
:10BB900003F037FE84213E48CAE73C4802F072FABF
:10BBA0002969A86806F041F8EFF3118384F312883D
:10BBB000BFF36F8F83F31188BFF36F8F5BB9374982
:10BBC000374A2E48BB2303F01CFE364803F019FE0B
:10BBD000BB213348ACE72C68A54215D10023C5E949
:10BBE00002332A4802F038FA002837D1284A2E4971
:10BBF00022484FF4997303F004FE24492B4803F0C4
:10BC000000FE4FF49971C6E7002CE7D0A3683BB95A
:10BC10002749234A1948A42303F0F3FDA421D8E7B8
:10BC2000D4E9003213605A60237C002623F002031B
:10BC30002374C4E90066A66004F1180002F034FB26
:10BC4000AC6094F90E302B612046C4F8806001F09E
:10BC50009DF90E48394606F0ADF884E787F3118860
:10BC6000BFF36F8F7FE76FF015007DE74FF0FF3078
:10BC70007AE700BF964C0100744C0100F0290100E6
:10BC8000A84C010028130020CD4C010048130020CF
:10BC9000EB2B0100442C0100592C0100344B010016
:10BCA000094B0100F2490100182C01002F2C010062
:10BCB0004C4B010008B583684BB90B490B480C4A43
:10BCC000A42303F09EFD0A48A42103F091FDD0E9CE
:10BCD000003213605A60027C0023C0E9003322F076
:10BCE00002020274836008BD4C4B0100F029010080
:10BCF000094B01002DE9F04704469DF820600D46F0
:10BD000091469A4600F10807EFF31188202383F348
:10BD10001288BFF36F8F384602F090F960B94B4A32
:10BD20004B494C48842303F06CFD39464A4803F0E4
:10BD300068FD842145481BE0384602F0A3F906B1AE
:10BD40006568EFF31183202282F31288BFF36F8FAF
:10BD500083F31188BFF36F8F63B94049404A3D4870
:10BD6000BB2303F04EFD3F4803F04BFD3C48BB2195
:10BD700003F03EFD234653F80C6F9E4216D0AEB141
:10BD80003046FFF797FF002406F1180002F08CFA06
:10BD90003046C6F88040C6F8149001F0F7F84146E6
:10BDA000384606F007F82046BDE8F087BAF1000FE4
:10BDB00014D0082002F032FF00283FD00122C0F842
:10BDC00004900260016801F003015DB922680A4332
:10BDD0000260626820606AB960600BE0C9F800A088
:10BDE0004846EFE72A68032A1DD801606168A1B9B7
:10BDF000C4E900000024384602F02EF908BB134ABB
:10BE0000194914484FF4997303F0FBFC394617485D
:10BE100003F0F7FC4FF499718CE70A6802F0030213
:10BE200002430A60D8E722F003020A4302602A684C
:10BE300002F0030240EA02032B60DBE76FF00B0421
:10BE4000D9E788F31188BFF36F8FACE7EB2B0100C4
:10BE5000442C0100F0290100592C0100344B010051
:10BE6000094B0100F2490100182C01002F2C0100A0
:10BE70002DE9F743064690461F4600F10805EFF30B
:10BE80001189202383F31288BFF36F8F284602F0B5
:10BE9000D5F868B9244A25492548842303F0B1FC24
:10BEA0002946244803F0ADFC84211F4803F0A0FC80
:10BEB000284602F0E7F83468F4B12368726823F08A
:10BEC000030394422046336008BF7360012105F0EC
:10BED000BBFE0446284602F0BFF8E8B9124A1649EC
:10BEE00013484FF4997303F08CFC2946134803F070
:10BEF00088FC4FF49971D8E758EA0703EAD0CDE9F6
:10BF0000008706F10C024946284601F015F938B9B8
:10BF10000B4B9B685C6903E089F31188BFF36F8F5B
:10BF2000204603B0BDE8F083EB2B0100442C010058
:10BF3000F0290100592C0100182C01002F2C0100C0
:10BF40002813002008B583684BB90B490B480C4AED
:10BF5000A42303F056FC0A48A42103F049FCD0E9CD
:10BF6000003213605A60027C0023C0E9003322F0E3
:10BF700002020274836008BD4C4B0100F0290100ED
:10BF8000094B010070B50446EFF31186202585F3B7
:10BF90001288BFF36F8F304802F050F860B92F4A13
:10BFA0002F493048842303F02CFC2B492E4803F002
:10BFB00028FC8421294818E0274802F063F8EFF3B1
:10BFC000118385F31288BFF36F8F83F31188BFF35A
:10BFD0006F8F63B92549264A2248BB2303F011FC21
:10BFE000244803F00EFC2248BB2103F001FC256825
:10BFF000AC4213D095B12846FFF7A4FF05F1180015
:10C0000002F052F900232846C5F8803000F0BEFF48
:10C0100031461148BDE8704005F0CCBED4E902328B
:10C020009A4218BF01330C48A36002F015F868B9B2
:10C030000A4A11490B484FF4997303F0E2FB064991
:10C040000E4803F0DEFB4FF49971B3E786F31188D5
:10C05000BFF36F8F70BD00BF4C130020EB2B0100AE
:10C06000442C0100F0290100592C0100344B01003F
:10C07000094B0100F2490100182C01002F2C01008E
:10C08000F7B5044616461D46EFF305837BB152EA29
:10C0900005030CD02D492E4A2E48882303F0B1FB0E
:10C0A0002D4803F0AEFB2A48882103F0A1FBEFF3F3
:10C0B0001187202383F31288BFF36F8F274801F085
:10C0C000BDFF60B9264A27492248842303F099FB23
:10C0D0002249254803F095FB84212148E5E71F48C4
:10C0E00001F0D0FFA368D3B1013B1C48A36001F06D
:10C0F000B3FF68B91A4A1D4916484FF4997303F003
:10C1000080FB16491A4803F07CFB4FF49971E4E771
:10C1100087F31188BFF36F8F002003B0F0BD56EA9C
:10C1200005030BD10D4801F097FF0028E2D087F3FB
:10C130001188BFF36F8F6FF00F00EEE7CDE9006558
:10C1400022463946054800F0F7FFE6E7044D0100B6
:10C15000E44C0100F0290100F24901004C130020D9
:10C16000EB2B0100442C0100592C0100182C01007C
:10C170002F2C01002DE9FF41794E0446EFF3118782
:10C18000202383F31288BFF36F8F764801F056FFA8
:10C1900068B9754A75497648842303F032FB7149C2
:10C1A000744803F02EFB84216F4803F021FB6D4897
:10C1B00001F068FFD4F88C50F5B9022104F1A40015
:10C1C00005F07CFD002840D004F19C0500220121EF
:10C1D000284601F083FD0028F8D1002302934FF098
:10C1E000FF324FF0FF33CDE90023394604F19402CA
:10C1F0005C4801F0D1FDC1E7D4F890202B68C4F869
:10C200008C30954208BFC4F89030D4F8A43055481B
:10C2100043F00203C4F8A430EB68D5F8048023F09F
:10C22000040343F00103EB6001F016FFF8B94E4A36
:10C2300051494F484FF4997303F0E3FA49494F4885
:10C2400003F0DFFA4FF49971AEE7D4F8A430DD06BD
:10C25000C3D5C4F8A400434801F0FEFE0028E6D090
:10C2600087F31188BFF36F8F04B0BDE8F08187F3C7
:10C270001188BFF36F8FB8F1000F0AD140493C48D5
:10C28000404A40F2F32303F0BCFA3E4840F2F32167
:10C290008BE72846C047EFF31187202383F31288EA
:10C2A000BFF36F8F2F4801F0C9FE00283FF471AF34
:10C2B0002C4801F0E7FEEB68D90623F0010236D4E2
:10C2C000EA60EB689A0716D5306823F00203EB604A
:10C2D00088B10368002270B141688D4235D103688E
:10C2E0006ABB72683360904200D17360002340F8EB
:10C2F000083BFFF747FED4F8A43023F00203C4F84C
:10C30000A430DB0529D4D4F88C50003D18BF01259A
:10C31000144801F0A1FE002889D087F31188BFF3EB
:10C320006F8F002D3FF42AAF01F0FCF926E723F0D0
:10C330001103EB6005F11000FFF724FEC1E7136065
:10C340007368984208BF7260D0E702461BB1196853
:10C3500018460B46BFE71946FAE70025D8E700BFA5
:10C360005013002058130020EB2B0100442C010037
:10C37000F0290100592C0100182C01002F2C01007C
:10C38000934D0100514D0100F8B5C3689A0704466A
:10C390000E46C3F340054FD45F074FD40B680BB96B
:10C3A00083680B60E368D80736D5A3685BB9254975
:10C3B0002548264A40F2571303F023FA234840F257
:10C3C000571103F015FA33600225376867B3204B25
:10C3D0009A68D7F888309A4220D105F0A0FC80F006
:10C3E0000100C0B2D7F8A430D907C3F380021ED52C
:10C3F00002B308B300232360D7F8903083B9C7E9AC
:10C400002344384605F074FCE36843F00403E3601A
:10C410003368A3602846F8BD0125D6E70020E1E790
:10C420001C60C7F89040ECE76FF0150506E06FF070
:10C43000120503E01B07DDD56FF00F050023336005
:10C44000E8E700BF724D0100F0290100514D0100E5
:10C450002813002073B50446EFF31185202383F3DE
:10C460001288BFF36F8F224801F0E8FD68B9214AB6
:10C4700021492248842303F0C4F91D49204803F0D0
:10C48000C0F984211B4803F0B3F9194801F0FAFD03
:10C4900000230193D4E90423B3F1004F08BF012A1C
:10C4A00011D0134801F0D8FDE0B9124A15491348DC
:10C4B0004FF4997303F0A5F90D49134803F0A1F95E
:10C4C0004FF49971DEE70321201FA4F1100605F057
:10C4D000F5FB0028E5D0A369019301A93046FFF7D9
:10C4E00053FFDEE785F31188BFF36F8F02B070BD95
:10C4F00058130020EB2B0100442C0100F02901000F
:10C50000592C0100182C01002F2C010037B50C46C6
:10C51000019059B92849294A294840F27D1303F06E
:10C5200070F940F27D11254803F062F94B684BB970
:10C530002449224A22484FF4BF7303F062F94FF4B2
:10C54000BF71F0E7EFF31185202383F31288BFF367
:10C550006F8F1D4801F072FD60B91C4A1C491848D4
:10C56000842303F04EF918491A4803F04AF984214C
:10C570001648D9E7144801F085FD204601A9FFF7C8
:10C5800003FF0446104801F067FD68B90F4A1249DD
:10C590000B484FF4997303F034F90B490F4803F03B
:10C5A00030F94FF49971E3E785F31188BFF36F8F8A
:10C5B000204603B030BD00BFEB4D0100514D0100DE
:10C5C000F02901008D4D010058130020EB2B0100D4
:10C5D000442C0100592C0100182C01002F2C0100C3
:10C5E0000146014805F08BBBE8080020F0B589B092
:10C5F00004460E9D58B92F492F4A304840F2533314
:10C6000003F0FFF840F253312B4803F0F1F849B939
:10C610002B49294A29484FF4557303F0F2F84FF497
:10C620005571F1E7D0F8A40010F0010009D02549B8
:10C63000214A224840F2553303F0E3F840F25531E5
:10C64000E2E7C4E9230004F19400C4E9250004F101
:10C650009C00C4E9270055B32879002840F2011056
:10C6600008BF0120C4F8A40000204FF0FF364FF0AF
:10C67000FF37CDE90330CDE90100CDE90667124B64
:10C680000094204600F09AFA55B1296811B120466D
:10C6900005F04BFB6B791BB1A38943F00103A38128
:10C6A000204601F089F9C4F8884009B0F0BD0120A6
:10C6B000D8E700BFDE4D0100514D0100F029010017
:10C6C000E44D0100AA4D010075C10000F7B50C460C
:10C6D000019016461D4658B93349344A344840F251
:10C6E000864303F08EF840F28641304803F080F82C
:10C6F00049B930492D4A2E4840F2874303F081F86A
:10C7000040F28741F1E7EFF31187202383F312888A
:10C71000BFF36F8F284801F091FC60B9274A284980
:10C720002348842303F06DF82349264803F069F871
:10C7300084212248DAE7204801F0A4FCE36813F0E2
:10C740001E0F27D155EA060216D1204601A9FFF790
:10C750001BFE0446184801F07FFCE8B9174A1A4945
:10C7600013484FF4997303F04CF81349174803F03A
:10C7700048F84FF49971DCE743F00803E360019B4C
:10C78000A36204F11000124932462B4601F0B0FCBE
:10C790000124DFE70024DDE787F31188BFF36F8F03
:10C7A000204603B0F0BD00BF784D0100514D01009F
:10C7B000F0290100EA4D010058130020EB2B010085
:10C7C000442C0100592C0100182C01002F2C0100D1
:10C7D00055C4000001460148FFF778BFE808002073
:10C7E000F7B50C46019016461D4658B93249334AF2
:10C7F000334840F2A94303F004F840F2A9412F481E
:10C8000002F0F6FF49B92F492C4A2D4840F2AA43BD
:10C8100002F0F7FF40F2AA41F1E7EFF3118720237E
:10C8200083F31288BFF36F8F274801F007FC60B9CC
:10C83000264A27492248842302F0E3FF224925485B
:10C8400002F0DFFF84212148DAE71F4801F01AFCDB
:10C85000204605F03EFA55EA060316D1204601A906
:10C86000FFF792FD0446184801F0F6FBE0B9174ABD
:10C87000194913484FF4997302F0C3FF124917483E
:10C8800002F0BFFF4FF49971DDE7E368144943F00C
:10C890000803E360019BA36204F1100032462B46BB
:10C8A00001F026FC0124DEE787F31188BFF36F8FC8
:10C8B000204603B0F0BD00BF784D0100514D01008E
:10C8C000F0290100EA4D010058130020EB2B010074
:10C8D000442C0100592C0100182C01002F2C0100C0
:10C8E00055C4000001460148FFF77ABFE808002060
:10C8F00008B583684BB90B490B480C4AA42302F0D6
:10C9000080FF0A48A42102F073FFD0E900321360CF
:10C910005A60027C0023C0E9003322F00202027454
:10C92000836008BD4C4B0100F0290100094B010058
:10C930002DE9F8430546EFF31188202787F3128885
:10C94000BFF36F8F3A4801F079FB60B9394A3A4931
:10C950003A48842302F055FF3549394802F051FF27
:10C960008421344818E0324801F08CFBEFF3118346
:10C9700087F31288BFF36F8F83F31188BFF36F8F34
:10C9800063B93049304A2D48BB2302F03AFF2F48A3
:10C9900002F037FF2C48BB2102F02AFF2C68A54289
:10C9A00027D034B32046FFF7A3FF04F1180001F0AD
:10C9B0007BFC0026B146C4F88090204600F0E6FAE1
:10C9C0000136EFF3118387F31288BFF36F8F83F380
:10C9D0001188BFF36F8F002BD3D02C68A54222D0D3
:10C9E0000CB32046FFF784FF04F1180001F05CFC53
:10C9F000E1E70F4801F030FB68B90E4A14490F48CF
:10CA00004FF4997302F0FDFE0949124802F0F9FE55
:10CA10004FF49971A5E788F31188BFF36F8F002653
:10CA20003046BDE8F8830248414605F0C3F9F7E710
:10CA30005C130020EB2B0100442C0100F0290100C5
:10CA4000592C0100344B0100094B0100F24901004F
:10CA5000182C01002F2C01002DE9F3411C4652EA4D
:10CA6000040307460D46164608D10846FFF750F85E
:10CA70006FF00A04204602B0BDE8F081EFF31188A0
:10CA8000202383F31288BFF36F8F154801F0D6FA85
:10CA900068B9144A14491548842302F0B2FE1049BB
:10CAA000134802F0AEFE0F48842102F0A1FE0C48AC
:10CAB00001F0E8FA2846FFF72BF8CDE900640848B2
:10CAC0003A46414600F038FB04460028D2D14FF0E8
:10CAD000FF324FF0FF332846FEF752FFCAE700BF90
:10CAE0005C130020EB2B0100442C0100F029010015
:10CAF000592C01002DE9F04385B004460F9D0F2D00
:10CB00000E46984637D1274B984538D1073204F165
:10CB10005803C4E91633A573109BA38122F00705BF
:10CB20000027042306EB050949462374C4E9067768
:10CB3000A760E7732046F6F7BBFC07300E9B20F09A
:10CB400007002067C4E91A6502930D9B0193A9EBC6
:10CB500000090C9B00934A46434631462046F7F7AE
:10CB60000BF8114B67659B6803B15B6F63674846C1
:10CB700005B0BDE8F08305F110031E2BC6D90B4AA2
:10CB80000B490C4840F24B2302F03BFE0A48294671
:10CB90006FF00F030E2202F034FE044840F24B21E6
:10CBA00002F026FE55B5000028130020FF4D0100BD
:10CBB000224E0100F0290100A24E0100F0B587B01D
:10CBC000DDE912760446EFF3058575B119491A4A75
:10CBD0001A4840F2173302F014FE194802F011FE11
:10CBE000154840F2173102F003FE0595109D04959B
:10CBF0000F9D03950E9D02950D9D01950C9D009531
:10CC0000FFF778FFB6F1FF3F08BFB7F1FF3F05D050
:10CC100056EA070305D1204600F0CEFE204607B0B5
:10CC2000F0BD3A46334604F11800064901F060FAB7
:10CC3000F4E700BF964C0100FF4D0100F029010010
:10CC4000D34E0100A9D00000012310B503748381E5
:10CC50000023C0E91A33044601F0DAFF014B9C605F
:10CC600010BD00BF2813002070B590F91020037C80
:10CC7000002A49DBD90647D163F07F030374264BB2
:10CC8000984209D125492648264A522302F0B9FD87
:10CC90002448522102F0ACFD234C2246E16952F8AF
:10CCA000183F934207D1C0E900210860E0610FE01E
:10CCB0008B42F8D01B68002BF5D093F90E6090F9E9
:10CCC0000E50AE42F4DD5968C0E90031086058608A
:10CCD000A569954200D005B9E568A3685BB9134919
:10CCE000134A0F48EA2302F08CFD124802F089FD36
:10CCF0000F48EA21CEE71A7CD20606D1DA897F2ACC
:10CD000003D9AA690AB9636170BDAB4202D0284653
:10CD100001F00EF96561F7E7300700201A4F0100B6
:10CD2000F0290100F84E010028130020674F010090
:10CD30003B4F0100F249010038B590F91020037C07
:10CD4000002A01461BDA224A03F07F039042037453
:10CD500009D12049204A21485A2302F052FD5A2184
:10CD60001D4802F045FDDC0707D51D491A4A1B483E
:10CD70005B2302F046FD5B21F2E704F0D9FF194D79
:10CD80002A46AB6852F8184F944200D004B9EC68B8
:10CD90008B4214D05BB91449144A1048EA2302F0BC
:10CDA00030FD134802F02DFD1048EA21D9E71A7C26
:10CDB000D20604D1DA897F2A01D9A2692AB1A34215
:10CDC00002D0204601F0B4F823466B6138BD00BFA5
:10CDD000300700201A4F0100F84E0100F029010031
:10CDE0008E4F010028130020674F01003B4F0100C8
:10CDF000F249010008B5134A936880B1197C11F01B
:10CE0000090F0CD11049114A1148D92302F0F9FC3D
:10CE1000104802F0F6FC0D48D92102F0E9FC6FF051
:10CE20000A01C3F880100C49D8674B6843F080535F
:10CE30004B60002383F31188BFF36F8F9368D3F89F
:10CE4000800008BD28130020D14F0100A74F01002A
:10CE5000F02901003A50010000ED00E070B50446F1
:10CE60000D46F9B9EFF30586E6B91A4B5A699B6886
:10CE70009A4217D001F0F0F878B9174A17491848C4
:10CE800040F26D1302F0BDFC2146164802F0B9FCD9
:10CE900040F26D11104802F0ABFC3046BDE8704026
:10CEA000FFF7A8BF204601F0D7F868B90A4A0B4936
:10CEB0000B484FF4997302F0A4FC2146094802F094
:10CEC000A0FC4FF49971E5E785F31188BFF36F8FEC
:10CED00070BD00BF28130020EB2B0100182C0100AF
:10CEE000F02901002F2C010008B583684BB90949CE
:10CEF00009480A4AA42302F084FC0848A42102F04D
:10CF000077FC04F015FF037C23F002030374002375
:10CF1000836008BD4C4B0100F0290100094B010062
:10CF200038B5184CA168E0690B68814214BF1A46F5
:10CF3000002249680B605960A368E1692AB9124A66
:10CF4000C3E900210B60E3610AE092F90E5093F906
:10CF50000E00854212DD5168C3E900210B60536069
:10CF6000A569094B9D4200D005B9E568A3689D42BB
:10CF700002D0284600F0DCFF656138BD8A42DED071
:10CF80001268DBE7281300204013002038B5044660
:10CF9000EFF31185202383F31288BFF36F8F1748B7
:10CFA00001F04CF868B9164A16491748842302F074
:10CFB00028FC1249154802F024FC8421104802F094
:10CFC00017FC0E4801F05EF82046FFF74DFE0B48B7
:10CFD00001F042F868B90A4A0D490B484FF49973B9
:10CFE00002F00FFC05490B4802F00BFC4FF499715D
:10CFF000E4E785F31188BFF36F8F38BD601300201D
:10D00000EB2B0100442C0100F0290100592C0100F8
:10D01000182C01002F2C010038B50446EFF31185C0
:10D02000202383F31288BFF36F8F184801F006F8AE
:10D0300068B9174A17491848842302F0E2FB1349DC
:10D04000164802F0DEFB8421114802F0D1FB0F48A4
:10D0500001F018F8A36813B12046FFF745FF0B480D
:10D0600000F0FAFF68B90A4A0D490B484FF499736A
:10D0700002F0C7FB05490B4802F0C3FB4FF499715E
:10D08000E2E785F31188BFF36F8F38BD601300208E
:10D09000EB2B0100442C0100F0290100592C010068
:10D0A000182C01002F2C010038B5A0F11804EFF363
:10D0B0001185202383F31288BFF36F8F174800F088
:10D0C000BDFF68B9164A17491748842302F099FB37
:10D0D0001249164802F095FB8421114802F088FBA2
:10D0E0000E4800F0CFFF204604F050FE0B4800F041
:10D0F000B3FF68B90A4A0E490B484FF4997302F01E
:10D1000080FB06490B4802F07CFB4FF49971E4E781
:10D1100085F31188BFF36F8F38BD00BF6013002007
:10D12000EB2B0100442C0100F0290100592C0100D7
:10D13000182C01002F2C01002DE9F047DFF8D4A0B6
:10D14000354D364B1746A842DAF808201A60DDE95B
:10D15000089804460E460BD131493248324A40F213
:10D16000B92302F04EFB304840F2B92102F040FBF7
:10D17000EFF31183202383F31288BFF36F8F2846C8
:10D1800000F05CFF60B9294A29492648842302F04F
:10D1900038FB2946274802F034FB84212348E5E781
:10D1A000284600F06FFFDAF808503946284604F0A8
:10D1B000C7FDB8F1FF3F08BFB9F1FF3F06D01E49D8
:10D1C0004A46434605F1180000F092FF204600F061
:10D1D00043FF68B91949154A124840F26D1302F02D
:10D1E00010FB2146164802F00CFB40F26D11D5E70A
:10D1F000094800F031FF40B910490C4A094840F293
:10D200006D1302F0FEFA0449ECE73046BDE8F04742
:10D21000FFF7F0BD281300206013002064130020E6
:10D2200062500100F0290100F84E0100EB2B0100D3
:10D23000442C0100592C0100A9D00000182C010039
:10D240002F2C010070B50546EFF31186202383F3E0
:10D250001288BFF36F8F1B4800F0F0FE68B91A4ABE
:10D260001A491B48842302F0CCFA1649194802F0E7
:10D27000C8FA8421144802F0BBFA124800F002FFF9
:10D280002C68A54215D014B12046FFF72DFE0D489D
:10D2900000F0E2FE78B90C4A0F490D484FF499733B
:10D2A00002F0AFFA07490D4802F0ABFA4FF499715A
:10D2B000E0E70024EBE786F31188BFF36F8F204689
:10D2C00070BD00BF60130020EB2B0100442C010057
:10D2D000F0290100592C0100182C01002F2C01000D
:10D2E0002DE9F04104460D46EFF31187202383F327
:10D2F0001288BFF36F8F594800F0A0FE60B9584AFA
:10D3000058495948842302F07CFA5449574802F09E
:10D3100078FA8421524818E0504800F0B3FE237C8C
:10D3200003F01F02002A0CBF0126002662D103F081
:10D330007F0323744E4B9C4209D14E494E4A4A48C2
:10D340005A2302F05EFA5A214B4802F051FA204665
:10D3500004F0EEFC237C43F080036DB2DA07A57382
:10D36000237407D54549444A3F48532302F049FAFC
:10D370005321E9E7DFF808814246D8F81C1052F83B
:10D38000183F934208D1C4E900210C60C8F81C4042
:10D390000DE08B42F7D01B68002BF4D093F90E0000
:10D3A000A842F6DD5968C4E900310C605C60D8F829
:10D3B0001840944200D00CB9D8F80C40D8F8083086
:10D3C0009C4202D0204600F0B3FDC8F81440234828
:10D3D00000F042FE00283AD1214A2A4922484FF45F
:10D3E000997302F00EFA1D49274802F00AFA4FF429
:10D3F00099718FE79B0728D5A16841B923491A483D
:10D40000234AA42302F0FDF92148A4219DE72046E8
:10D410006DB204F08DFCA5730B68994209D14B687D
:10D42000C4E900131C604C60D1E74A689342F6D00F
:10D430001B68002BF3D093F90E20AA42F5DD5A6841
:10D44000C4E9003214605C60C1E7A573BFE787F3ED
:10D450001188BFF36F8F3046BDE8F0816013002064
:10D46000EB2B0100442C0100F0290100592C010094
:10D47000300700201A4F0100F84E01008E4F0100C6
:10D4800028130020182C01002F2C01004C4B010008
:10D49000094B0100034648B9EFF3058232B9064A49
:10D4A00051699268914201D0FFF7A4BC83F31188BF
:10D4B000BFF36F8F704700BF2813002010B5EFF344
:10D4C0001184202383F31288BFF36F8F284800F064
:10D4D000B5FD60B9274A28492848842302F091F90C
:10D4E0002349274802F08DF98421224812E0204880
:10D4F00000F0C8FDEFF3058373B12249224A1F48AB
:10D5000040F23B3302F07DF9204802F07AF940F214
:10D510003B311D4802F06CF91D4B9A68D37B012BFF
:10D520000CD11C49184A15484FF44F7302F069F9A1
:10D53000164802F066F94FF44F71EAE7013BD373E6
:10D540000B4800F089FD68B90A4A13490B484FF4AB
:10D55000997302F056F90649104802F052F94FF457
:10D560009971C2E784F31188BFF36F8F10BD00BFBC
:10D5700060130020EB2B0100442C0100F029010076
:10D58000592C0100964C0100F84E0100F2490100AF
:10D59000281300209B500100182C01002F2C0100A3
:10D5A00070B5EFF31186202383F31288BFF36F8FDA
:10D5B0002A4800F043FD68B9294A2A492A488423A9
:10D5C00002F01FF92549294802F01BF9244884215B
:10D5D00002F00EF9264D214800F054FDAB68DA7BCD
:10D5E0006AB92449244A204840F24D3302F009F92F
:10D5F000224802F006F940F24D311F48E8E7EFF308
:10D60000058161B11E491C4A174840F24E3302F0B1
:10D61000F8F81A4802F0F5F840F24E31EDE7013221
:10D62000DA732A4652F8184F944200D004B9EC68D5
:10D630001A7CD20604D1DA897F2A01D9A2692AB1DB
:10D64000A34202D0204600F073FC23466B613146B2
:10D650000248BDE87040FFF701BC00BF6013002026
:10D66000EB2B0100442C0100F0290100592C010092
:10D6700028130020CC500100F84E0100F2490100AF
:10D68000964C010038B50446EFF31185202383F34F
:10D690001288BFF36F8F184800F0D0FC68B9174AA2
:10D6A00017491848842302F0ACF81349164802F0D1
:10D6B000A8F88421114802F09BF80F4800F0E2FC22
:10D6C000204604F079FB04460B4800F0C5FC68B91D
:10D6D0000A4A0E490B484FF4997302F092F8064932
:10D6E0000B4802F08EF84FF49971E3E785F3118847
:10D6F000BFF36F8F204638BD60130020EB2B010075
:10D70000442C0100F0290100592C0100182C0100C3
:10D710002F2C0100024B03F11802C3E906227047C7
:10D720002813002070B5EFF3058373B13849394AE7
:10D7300039484FF4906302F064F8384802F061F819
:10D7400034484FF4906102F053F8EFF31186202330
:10D7500083F31288BFF36F8F314800F06FFC60B91C
:10D76000304A31492C48842302F04BF82C492F4889
:10D7700002F047F884212B48E5E72D4C284800F0BB
:10D7800081FCA168E0690B68814214BF1A4600223F
:10D7900049680B605960A368E1692AB9254AC3E961
:10D7A00000210B60E3610AE092F90E5093F90E003C
:10D7B000854223DD5168C3E900210B605360A569F0
:10D7C0001C4B9D4200D005B9E568A3689D4202D07C
:10D7D000284600F0ADFB1248656100F03DFC88B9B9
:10D7E000104A15490C4840F26D1302F00AF80C4932
:10D7F000124802F006F840F26D11BCE78A42CDD023
:10D800001268CAE73046BDE87040FFF7F3BA00BFC0
:10D81000964C0100F84E0100F0290100F249010088
:10D8200060130020EB2B0100442C0100592C010057
:10D830002813002040130020182C01002F2C010079
:10D840002DE9F04106460C46EFF3058777B13449E0
:10D85000344A35484FF4936301F0D3FF334801F065
:10D86000D0FF30484FF4936101F0C2FF50EA01034A
:10D8700004D1FFF757FF0020BDE8F081EFF31188D6
:10D88000202383F31288BFF36F8F294800F0D6FB63
:10D8900060B9284A28492448842301F0B2FF24496A
:10D8A000264801F0AEFF84212248DDE7244D2048C0
:10D8B00000F0E8FB234BA8681860FFF73DFAA86862
:10D8C000214923463246183000F012FCAA68137C26
:10D8D00043F0040304461374154800F0BDFB68B917
:10D8E000144A1A49104840F26D1301F08AFF10499A
:10D8F000174801F086FF40F26D11D5E74046FFF76B
:10D9000079FAAB68D3E90A23B3F1004F08BFBA42F2
:10D91000B1D104F080FA201A20EAE070ACE700BF31
:10D92000964C0100F84E0100F0290100F249010077
:10D9300060130020EB2B0100442C0100592C010046
:10D940002813002064130020A9D00000182C010027
:10D950002F2C010070B506460D46EFF3058474B117
:10D960001149124A124840F2C64301F04AFF1148D9
:10D9700001F047FF0D4840F2C64101F039FFFFF7C3
:10D980005FFFB5F1FF3F08BFB6F1FF3F1FBF47F68E
:10D99000FF734FF47A72E0FB0234D80B14BF40EAF5
:10D9A00044404FF0FF3070BD964C0100F84E01002E
:10D9B000F0290100F249010038B50446EFF3118562
:10D9C000202383F31288BFF36F8F204800F036FBCB
:10D9D00068B91F4A1F492048842301F012FF1B49E0
:10D9E0001E4801F00EFF8421194801F001FF17487D
:10D9F00000F048FB237C5B0710D504F1180000F011
:10DA000053FC237C23F0040320462374FFF72CF9F6
:10DA100029460E48BDE83840FFF720BA0B4800F011
:10DA20001BFB68B90A4A0E490B484FF4997301F081
:10DA3000E8FE06490B4801F0E4FE4FF49971D3E784
:10DA400085F31188BFF36F8F38BD00BF60130020CE
:10DA5000EB2B0100442C0100F0290100592C01009E
:10DA6000182C01002F2C0100014B9868704700BF53
:10DA7000281300202DE9F84304468789EFF3118528
:10DA8000202383F31288BFF36F8F824800F0D6FA09
:10DA900068B9814A81498248842301F0B2FE7D49F8
:10DAA000804801F0AEFE84217B4801F0A1FE794858
:10DAB00000F0E8FA237C180717D5764800F0CCFA76
:10DAC00068B9754A784976484FF4997301F099FE20
:10DAD0007049764801F095FE4FF49971E4E785F3BB
:10DAE0001188BFF36F8FBDE8F883D90943F00802AE
:10DAF00040F083802274A36813B12046FFF7F4F945
:10DB000004F1180000F0D0FBA66D04F15808B045F0
:10DB100011D04FF0000976B13046FFF7E5F906F174
:10DB2000180000F0C1FBC6F880903046FFF79CF863
:10DB3000A66DB045EFD1DFF87881D8F808309C4267
:10DB40007AD1EFF30589B9F1000918BF4FF0010947
:10DB5000D8F81860574A964200D00EB9D8F80C6031
:10DB6000B34202D0304600F0E3F92046C8F8146012
:10DB700001F0EAFEB9F1000F02D04F48FFF764F858
:10DB8000D8F808309C426AD1EFF30586002E66D1A2
:10DB9000A389DA071FD53F4800F05EFA002890D02D
:10DBA00085F31188BFF36F8F86F31188BFF36F8FF2
:10DBB0000423184602DFEFF31185202383F3128834
:10DBC000BFF36F8F334800F039FA00283FF461AF9C
:10DBD000304800F057FA2F4800F03EFA78BB2E4A42
:10DBE00031492F4840F26D1301F00BFE29492F48AF
:10DBF00001F007FE40F26D1156E7304A03F07F0353
:10DC000043F008039442237408D12D492D4A244837
:10DC10005A2301F0F6FD5A212A4846E7D90707D5CD
:10DC20002949284A1E485B2301F0EBFD5B21F3E7FD
:10DC3000204604F07DF85EE74FF0000988E72846AB
:10DC4000FFF7D8F821491F4A15484FF4EE7301F049
:10DC5000D8FD1F4801F0D5FD4FF4EE71DCE70D480B
:10DC600000F0FAF900283FF42CAF85F31188BFF3D8
:10DC70006F8FFB077FF537AF124A1649084840F20D
:10DC8000A25301F0BEFD2146134801F0BAFD40F257
:10DC9000A251C1E760130020EB2B0100442C0100CE
:10DCA000F0290100592C0100182C01002F2C010033
:10DCB00028130020401300204008002030070020D7
:10DCC0001A4F0100F84E01008E4F0100FD50010077
:10DCD000085101002A510100355101002DE9F84396
:10DCE000064688461746EFF31189202383F31288EE
:10DCF000BFF36F8F214800F0A1F9054668B9204AAB
:10DD000020492148842301F07CFD1C491F4801F073
:10DD100078FD84211A4801F06BFD184800F0B2F933
:10DD20003468A6421FD004B32046C4F880806761DF
:10DD3000FFF7DAF804F1180000F0B6FA2046FEF713
:10DD400093FF0E4800F088F988B90D4A10490E4833
:10DD50004FF4997301F055FD08490E4801F051FD4B
:10DD60004FF49971D6E70025EBE72546E9E789F3FB
:10DD70001188BFF36F8F2846BDE8F8836013002039
:10DD8000EB2B0100442C0100F0290100592C01006B
:10DD9000182C01002F2C0100D3B5DDE90667089C83
:10DDA000CDE90067FFF7C8F91CB1034B9B685B69BD
:10DDB000236002B0D0BD00BF281300202DE9F0473A
:10DDC0000546884616461F46EFF31189202383F344
:10DDD0001288BFF36F8F284800F030F968B9274ADE
:10DDE00027492848842301F00CFD2349264801F0E7
:10DDF00008FD8421214801F0FBFC1F4800F042F996
:10DE00002868854208D038B16B68984214BFD0F8B2
:10DE100000A04FF0000AB0B9002416B139462046E0
:10DE2000B047154800F018F9F8B9144A17491548D1
:10DE30004FF4997301F0E5FC0F49154801F0E1FC3E
:10DE40004FF49971D6E73946C04704460028E4D11B
:10DE5000BAF1000F07D06B68534501D0DAF80040E3
:10DE60005046A246D7E75446FAE789F31188BFF334
:10DE70006F8F2046BDE8F08760130020EB2B010078
:10DE8000442C0100F0290100592C0100182C01003C
:10DE90002F2C0100027C12F01F02034610D10A4908
:10DEA00088420DD00949086868B1D9897F2909D805
:10DEB00093F90E20064B1B689A42B8BF00207047AA
:10DEC00000207047104670473007002044030020B0
:10DED0006813002008B568B10F4B98420AD303F1CC
:10DEE0001802904206D2C01A1822B0FBF2F302FBCD
:10DEF00013034BB109490A480A4A3F2301F081FC48
:10DF000008483F2101F074FC074BC0105843074BF1
:10DF100001221A5408BD00BFC80800207B5101002F
:10DF2000F029010053510100ABAAAAAAB81300209E
:10DF300070B50C4B0C4D1E7CFFF7ACFF182303FB98
:10DF400006550446284600F0AFF9084B00229A55C2
:10DF50003CB1621E28460649BDE87040D31700F068
:10DF6000C7B870BD28130020C8080020B8130020CF
:10DF7000D5DE000038B5EFF31185202383F3128836
:10DF8000BFF36F8F234800F059F868B9224A23493C
:10DF90002348842301F035FC1E49224801F031FC5E
:10DFA00084211D4801F024FC1A4800F06BF81E4B38
:10DFB0001E4A9C681068A04213D1FFF7B9FF1548AC
:10DFC00000F04AF800BB144A194915484FF49973F8
:10DFD00001F017FC0F49174801F013FC4FF4997139
:10DFE000DFE700211B7C1160134AD35C002BE6D0D5
:10DFF0002046FFF74FFF0028E1D0237CDB0601D14C
:10E00000FEF78EFF2046D8E785F31188BFF36F8FA8
:10E0100038BD00BF60130020EB2B0100442C010031
:10E02000F0290100592C010028130020641300205E
:10E03000182C01002F2C0100B8130020006838B103
:10E04000044B1B7C00F00300C01A18BF012070476E
:10E050000120704728130020002302680360EFF3BB
:10E060000581074B986811B1017CC90705D41B7C59
:10E070001843831A5842584170470120704700BF27
:10E0800028130020024B1A7C9B68134303607047DF
:10E0900028130020024B1868984208BF00207047E0
:10E0A00048030020034B1B680BB9FAF7D7BB0020CD
:10E0B000704700BF6C13002030B570B10B4B5B682C
:10E0C00098420AD0036843B1D3E90421D0E904455A
:10E0D000121941EB0501C3E90421D0E900321360B4
:10E0E0005A600023C0E9003330BD00BF4803002060
:10E0F000B3F1FF3F08BFB2F1FF3F2DE9F84F0446EF
:10E100009B4615461F4600F0B280D0F80090B9F14A
:10E11000000F0CD05749584A5848642301F071FB4E
:10E12000574801F06EFB5448642101F061FB8160A7
:10E13000EFF31188202383F31288BFF36F8F5148C8
:10E14000FFF77CFF824660B94F4A50494B48842311
:10E1500001F057FB4B494E4801F053FB84214A48DC
:10E16000E3E74848FFF78EFFBBF1000F494A1FDB8A
:10E17000FFF798FF474A0135D2E900174BF1000B32
:10E180002D184BEBE073C4E904536D18064643EBBE
:10E190000707FFF77FFFDFF800E1DEF80490034692
:10E1A000EBB9C4E900E9C9F80040CEF8044028E022
:10E1B000D2E900126FF001035B1A4FF0FF3161EBFF
:10E1C00002025B1B62EB0B02012B72F10001BCBF70
:10E1D00001234A46C4E904324FF0000AD9E7D3E9E3
:10E1E000041CD4E904208A4270EB0C0B2EDA891A45
:10E1F0005A686CEB0000C3E90410C4E900321460F3
:10E200005C60FFF747FF84420ED1244B1B685BB96B
:10E21000BAF1000F02D1FFF745FF0646304603F082
:10E22000E3FD0021FAF7F4FA1648FFF715FFB0B93D
:10E23000154A1B4911484FF4997301F0E2FA11494C
:10E24000184801F0DEFA4FF4997188E7521A60EB32
:10E250000C004B45C4E90420A3D01B68A0E788F359
:10E260001188BFF36F8F28463946BDE8F88F002527
:10E270002F46F8E74A53010026530100F029010018
:10E28000F249010070130020EB2B0100442C010027
:10E29000592C0100E0080020480300206C130020E6
:10E2A000182C01002F2C010070B50446EFF31186E5
:10E2B000202383F31288BFF36F8F2A48FFF7BEFE37
:10E2C00068B9294A29492A48842301F09AFA25493C
:10E2D000284801F096FA8421234801F089FA214860
:10E2E000FFF7D0FE23683BB3FFF7D4FE0546204678
:10E2F000FFF7E2FE00224FF00043A542C4E90423E9
:10E3000012D000241748FFF7A7FE20BB164A1A496F
:10E3100017484FF4997301F074FA1249174801F045
:10E3200070FA4FF49971D7E7FFF7BCFE03F05CFD7C
:10E330000021FAF76DFAE4E7D4E90423B3F1004FC2
:10E3400008BF012A04D100224FF00043C4E904238E
:10E350006FF01504D6E786F31188BFF36F8F204660
:10E3600070BD00BF70130020EB2B0100442C010096
:10E37000F0290100592C0100182C01002F2C01005C
:10E380002DE9F047DFF80891DFF808A1C9F800008F
:10E390000246FFF77FFE8846044600260027DAE99A
:10E3A00000134FEAE27C54B1D4E90450AA427CEB5A
:10E3B000000E1FDAAD1A60EB0C00C4E904505218CD
:10E3C0004FF0000443EB0C032046CAE90023C9F8D0
:10E3D000004003F009FD2146FAF71AFA2E48FFF72C
:10E3E0003BFED0B188F31188BFF36F8FBDE8F047D3
:10E3F000FFF7C0BD691843EBE5732046C4E9046725
:10E40000CAE90013FFF758FE01224FF00043C4E9A8
:10E4100004232148FFF720FE78B9204A20492148EB
:10E420004FF4997301F0EDF91B491F4801F0E9F928
:10E430004FF49971194801F0DBF988F31188BFF3A3
:10E440006F8FA36820469847EFF31188202383F34A
:10E450001288BFF36F8F1048FFF7F0FD58B90F4ACD
:10E4600012491048842301F0CCF90B49104801F0FF
:10E47000C8F98421DEE70848FFF704FED9F8002038
:10E48000521BC9F80020FFF705FE044687E700BFCE
:10E490006C130020E008002070130020EB2B01001B
:10E4A000182C0100F02901002F2C0100442C010040
:10E4B000592C010010B5EFF31184202383F3128847
:10E4C000BFF36F8F0B48FFF7B9FD68B90A4A0B49D4
:10E4D0000B48842301F095F906490A4801F091F9A7
:10E4E0000548842101F084F90248FFF7CBFD20465E
:10E4F00010BD00BF70130020EB2B0100442C010065
:10E50000F0290100592C010070B5EFF3118620238A
:10E5100083F31288BFF36F8F1A48FFF78FFD68B936
:10E52000194A1A491A48842301F06BF91549194808
:10E5300001F067F98421144801F05AF91148FFF7F6
:10E54000A1FDFFF7AFFD144AD2E90045041945EBE0
:10E55000E0750C48FFF780FD68B90B4A0F490C487D
:10E560004FF4997301F04DF906490D4801F049F94E
:10E570004FF49971DFE786F31188BFF36F8F204660
:10E58000294670BD70130020EB2B0100442C0100C4
:10E59000F0290100592C0100E0080020182C01008E
:10E5A0002F2C0100F8B50446EFF31187202383F3E5
:10E5B0001288BFF36F8F5B48FFF740FD68B95A4A76
:10E5C0005A495B48842301F01CF95649594801F027
:10E5D00018F98421544801F00BF95248FFF752FD15
:10E5E000D4E90423B3F1004F08BF012A13D04D48EA
:10E5F000FFF732FD002840F08F804B4A4E494C48CF
:10E600004FF4997301F0FDF846494C4801F0F9F8D0
:10E610004FF49971DEE7D4E90A566A1C46F100030B
:10E62000022A73F1000334D3013D46F1FF36002E78
:10E63000BCBF00252E4603F0F2FB013041F1000182
:10E64000401946EB0101012871F100015BDB03F089
:10E65000E6FB013041F100016FF00203401946EB87
:10E66000010183426FF000438B4151DB03F0D7FB84
:10E67000013041F100016FF00102401946EB010346
:10E68000121A4FF0FF3161EB03032D492046FFF7CB
:10E690002FFD236B256A01332363D5B12148FFF792
:10E6A000DBFC0028A9D087F31188BFF36F8F2046C9
:10E6B000A847EFF31187202383F31288BFF36F8FEE
:10E6C0001848FFF7BBFC00283FF479AF1548FFF767
:10E6D000D9FC54F8185FA54289D0002D87D0284670
:10E6E000FEF79AFC00230F48C5F88030FFF7B4FC12
:10E6F000002882D087F31188BFF36F8F2846BDE8CA
:10E70000F840FEF743BC6FF001024FF0FF33BCE767
:10E7100000224FF00043B8E787F31188BFF36F8FF3
:10E72000F8BD00BF74130020EB2B0100442C010046
:10E73000F0290100592C0100182C01002F2C010098
:10E74000A5E500002DE9F843064614461D4691460E
:10E750009846EFF31187202383F31288BFF36F8F5E
:10E760002748FFF76BFC68B9264A274927488423C6
:10E7700001F047F82249264801F043F88421214856
:10E7800001F036F81E48FFF77DFCB5F1FF3F08BFEA
:10E79000B4F1FF3F11D11A48FFF75EFC50BB194A94
:10E7A0001C491A484FF4997301F02BF814491A4880
:10E7B00001F027F84FF49971E1E7002D0ADB012CF5
:10E7C00075F100032246BCBF0122002512F1FF397A
:10E7D00045F1FF383046FFF767FDDDE90823C6E95C
:10E7E0000A23002333634A46434630460B49FFF76A
:10E7F0007FFCD0E787F31188BFF36F8FBDE8F88304
:10E8000074130020EB2B0100442C0100F0290100BF
:10E81000592C0100182C01002F2C0100A5E5000047
:10E8200070B50546EFF31184202686F31288BFF3F6
:10E830006F8F2D48FFF702FC68B92C4A2C492D48F0
:10E84000842300F0DEFF28492B4800F0DAFF842102
:10E85000264800F0CDFF2448FFF714FC2846FFF7B8
:10E8600023FD90B12048FFF7F7FB002837D11F4A5E
:10E87000224920484FF4997300F0C3FF1A492048F9
:10E8800000F0BFFF4FF49971E2E76B6ACBB1164815
:10E89000FFF7E2FB0028EAD084F31188BFF36F8F03
:10E8A0006B6A28469847EFF3118486F31288BFF30A
:10E8B0006F8F0D48FFF7C2FB0028BED00A48FFF754
:10E8C000E1FB05F11800FEF7BDFC0028CAD0FEF7F9
:10E8D0005DFB21460448BDE8704003F06BBA84F349
:10E8E0001188BFF36F8F70BD74130020EB2B0100F4
:10E8F000442C0100F0290100592C0100182C0100C2
:10E900002F2C01002DE9F74305460C46914600F1F6
:10E910000C06EFF31188202383F31288BFF36F8F67
:10E920003046FFF78BFB68B9164A1749174884230E
:10E9300000F067FF1648314600F063FF114884215C
:10E9400000F056FF3046FFF79DFBAB6811495C4075
:10E9500004EA090203EA09075340009300226B46C8
:10E9600028460192FFF72AFADDE9003223EA020382
:10E970003046AB60414603F01DFA384603B0BDE8AF
:10E98000F08300BFEB2B0100442C0100F0290100B3
:10E99000592C0100C71E01002DE9F04F85B08846B3
:10E9A0000546DDE90E1B1746EFF305838BB151EAEF
:10E9B0000B030ED04049414A414840F2211300F078
:10E9C00020FF404800F01DFF3C4840F2211100F0BC
:10E9D0000FFF0291B8F1000F56D007F00103039327
:10E9E000FFF742F805F10C048146EFF3118A20236A
:10E9F00083F31288BFF36F8F2046FFF71FFB029946
:10EA000060B9314A31492E48842300F0FAFE21468C
:10EA10002F4800F0F6FE84212B48D8E720460291CB
:10EA2000FFF730FB17F0020F1CBF0023AB60AB6891
:10EA3000029907F0010203EA0806BAB1B04517D1FE
:10EA40007A0744BFB343AB602046FFF705FBE8B944
:10EA50001D4A20491A484FF4997300F0D2FE21460E
:10EA60001D4800F0CEFE4FF49971D5E7002EE7D196
:10EA700051EA0B0312D12046FFF7EEFA0028E7D047
:10EA80008AF31188BFF36F8F002603E08AF31188A1
:10EA9000BFF36F8F304605B0BDE8F08FC9E9188726
:10EAA0002A46CDE9001B20465146FEF745FB0028CB
:10EAB000EAD1D9F86060EDE7044D01006A53010026
:10EAC000F0290100F2490100EB2B0100442C010068
:10EAD000592C0100182C01002F2C01002DE9F84FB2
:10EAE0004F1E0F4206460D469A460BD02F49304A1C
:10EAF0003048182300F085FE2F4800F082FE1821D0
:10EB00002B481CE0141D4DD241F0040B00F11408F9
:10EB1000EFF31189202383F31288BFF36F8F4046F0
:10EB2000FFF78CFA68B9254A25492248842300F06A
:10EB300068FE4146234800F064FE84211F4800F02F
:10EB400057FE4046FFF79EFA224659463046D047C8
:10EB500004464046FFF780FA68B9184A1A49154832
:10EB60004FF4997300F04DFE4146184800F049FEFD
:10EB70004FF49971E2E789F31188BFF36F8F8CB17D
:10EB800044F8046B7DB13C420DD0094A1049094854
:10EB9000352300F036FE21460E482A4600F031FEAD
:10EBA0003521ADE700242046BDE8F88FD5290100C6
:10EBB0008D530100F02901000D2A0100EB2B01000B
:10EBC000442C0100592C0100182C01002F2C0100AD
:10EBD000B1530100E35301002DE9F04105460E4613
:10EBE000174603F09CF828B9074B9B685C6F14B973
:10EBF000BDE8F081054C3B46324629462046BDE83B
:10EC0000F041FFF76BBF00BF28130020580400201D
:10EC1000014B4367704700BF580400200146024A79
:10EC20000020FFF7D9BF00BFCDF7000007B5074BA5
:10EC30000093074907484FF0FF334FF40062FDF798
:10EC4000D5FC002003B05DF804FB00BF9C2601004A
:10EC5000482F0020E808002010B50A4C23681BB19B
:10EC600001232360002010BD00F0F0F80028F7D049
:10EC70000138062803D8044B53F8200010BD034880
:10EC800010BD00BF78130020A8260100FE8FFFFFF3
:10EC9000BFF34F8F0549064BCA6802F4E062134385
:10ECA000CB60BFF34F8F00BFFDE700BF00ED00E07A
:10ECB0000400FA0510B4094B09490A4C4FF0FE3222
:10ECC000C3F800244968C3F80424C3F80824C3F82F
:10ECD0000C240023C4F8003510BC084700B00250D3
:10ECE0005003002000A00250D0E90012014BC3E9FC
:10ECF000001270475003002010B5044650B16368FD
:10ED000013F0685F05D0064A934202D000232360C7
:10ED1000626010BD034B04485B689847EFE700BF93
:10ED20002C5F5CA950030020C4260100C8B14368D1
:10ED30000D4A934213D013F0685F0ED0012350E8C0
:10ED4000002F194640E8001C9CF0000FF7D1012A63
:10ED5000F5D0BFF35F8F0020704704487047044828
:10ED600070476FF4E04070472C5F5CA9E98FFFFFAC
:10ED7000EA8FFFFF80B14368094A93420AD013F03B
:10ED8000685F05D0BFF35F8F0023036018467047AC
:10ED900004487047044870476FF4E040704700BF74
:10EDA0002C5F5CA9E98FFFFFEA8FFFFF10B50446D7
:10EDB00020B1044B63600022226010BD0248FFF7BF
:10EDC00079FFF6E73A00003AEC26010010B5D0E9E9
:10EDD0000023194C6360D0E90230C4E9023022609C
:10EDE000164BD1F800C0C3F800C0D1F804C0C3F876
:10EDF00004C01348D1F808C0C3F808C0D1F80CC04B
:10EE00000969C3F80CC01961436813F0685F04D046
:10EE10000C490023C0E9003190470B48436813F0C8
:10EE2000685F07D0074923680022C0E90021BDE8D8
:10EE30001040184710BD00BF6C030020580300208D
:10EE40008C0300202C5F5CA98403002008B500F02F
:10EE500013F830B900F014F828B9064AC2F80C0AC1
:10EE600008BD032008BD00F009F800F043F80420B5
:10EE700008BD00BF00B0025000207047002070475E
:10EE800010B5154800F05EF800B110BD134800F051
:10EE900059F80028F9D1124C204600F053F8002808
:10EEA000F3D1104B10481C6000F04CF80028ECD156
:10EEB0000E4800F047F80028E7D10D4800F042F86E
:10EEC00001460028E1D100F039F8044608B900F005
:10EED0004DF8204610BD00BFCC030020C803002021
:10EEE000C4030020BC030020C0030020B80300209E
:10EEF000B403002008B50B4800F02EF80A4800F0D3
:10EF00002BF80A4800F028F8094800F025F80948CD
:10EF100000F022F8084800F01FF8BDE8084000F0B3
:10EF20000FB800BFCC030020C8030020C40300209A
:10EF3000C0030020B8030020B40300200020704765
:10EF4000704700BF08B5034B02681B6810689847FC
:10EF5000002008BD6C03002008B5034B02685B6805
:10EF600010689847002008BD6C03002070B5094C5C
:10EF7000094D2069AB68984718B1084B08485B6891
:10EF80009847084AEB68206900211160BDE870408D
:10EF9000184700BF580300206C03002050030020D6
:10EFA00010270100941300200CB430B58BB0044638
:10EFB0000D462022002102A802F0C4FF02238DF892
:10EFC0000A30002D0C4B0393069412DB01D06B1E0C
:10EFD0001C440FAA0E99079402A8019200F00EF8A3
:10EFE00015B1069B00221A700BB0BDE8304002B08C
:10EFF00070470024EDE700BF1B2001002DE9F04F12
:10F000008BB04368009383789C078046924640F11A
:10F01000F98000250878002800F0F68025280AD01D
:10F020004B1C019301354146009B98470028C0F2D4
:10F03000E3800199EEE74E788B1C252E0193F1D0E9
:10F040000027B9463C460A221F2C22D8A6F12003ED
:10F05000102B20D8DFE803F0141F1F1A1F1F1F0BEF
:10F060001F1F1F121F171F1F090044F00104019BDF
:10F0700013F8016B0193002EE6D13AE044F002044C
:10F0800044F00404F3E744F00804F0E744F010040B
:10F09000EDE77F2C24D8A6F13003092B08D86006B1
:10F0A0004EBF02FB073702FB093944F02004DEE7BC
:10F0B0002A2E0DD161065AF8043B53D4002BA7BF6A
:10F0C00044F020049946C3F1000944F02804CEE737
:10F0D0002E2E05D1630600F1978044F04004C6E768
:10F0E0006C2E2ED028D8682E32D06A2E37D04C2ED7
:10F0F00035D0002F46F02003B8BF24F04004A3F120
:10F100006502BCBFA4B20027022A01D9612B2BD112
:10F110000AF1070A2AF0070A9C4E0AF1080A072793
:10F12000210760D506EB070B34465C455DD1AE1B6D
:10F13000A219A9EB070959E1742E98D07A2E96D01E
:10F14000D7E7260648BF44F4007444F080048EE7F5
:10F15000E00548BF44F4007444F4807487E744F445
:10F16000207484E71F4682E7A6F16302122A00F2A8
:10F17000D880DFE812F013004D00D600D600D6008C
:10F18000D6004D00D600D600D600D600D600E80046
:10F19000D100D600D6001A00D600A0005AF8043BD1
:10F1A0008DF81030012704AEBAE75AF8046B784B9B
:10F1B000002E08BF1E4614F0400F14BF39464FF012
:10F1C000FF31304602F0C6FE0746A9E7009B4146E4
:10F1D0002020984700280FDB013CA742F6D34D447E
:10F1E0002D1BA1469EE74C46F7E714F8010B009B48
:10F1F00041469847002898DA98F8023043F0040313
:10F2000088F802304FF0FF3528460BB0BDE8F08F8C
:10F21000220630D5A3052AD50AF1070A2AF00703EA
:10F220009A4659685AF8080B24F0100B00291FFA67
:10F230008BFB2FDA404261EB41014BF4806B04AC55
:10F240000A23224602F092FE1BF0400FA0EB0402BC
:10F2500000F08E802BF001049742A4B240F38F801F
:10F26000002E40F08E802BF01104A4B21DE05AF85D
:10F27000040BC117D8E7E0055AF8041B01D408466F
:10F28000F7E7A2054BBF48B208B241F3C01141F302
:10F29000C031C9E750EA0103D1D16306CFD5002FB1
:10F2A000CDD124F01104A4B23A463B4640F20641C7
:10F2B0000C4262D124E024F01004A4B20A2314F01A
:10F2C000800243D014F400711FBF0AF1070A2AF02C
:10F2D00007029246516814BF5AF8080B5AF8040BFB
:10F2E00050EA01023ED124F0160B62061FFA8BFB96
:10F2F0003CD5002F3AD124F01704A4B23A463B463D
:10F3000021075AD4E10705D5994572DDA9EB03031E
:10F310009F184B469B464AE044F010041023782681
:10F32000CDE7782B04D1C6F1780343F01003C6E78C
:10F33000009B4146252098470028FFF65DAF023527
:10F340004146304670E608230026B8E714F4807181
:10F350005AF8040BC4D014F400711ABFC0B211469D
:10F3600080B2BDE724F006041FFA84FB04AC68E712
:10F3700013465C46E10699D52EB90133C0E7134622
:10F38000F8E73B46F6E70233BAE700BF1B5401003B
:10F3900014540100CDE902324146009B20209847D9
:10F3A0000028FFF629AFDDE902320BF1010BD94548
:10F3B000F0DCEB1A03EB0B055B46E10627D5CDE944
:10F3C00002324146009B302098470028FFF614AFD8
:10F3D000DDE902327EB901352F44791B8A4229DBEF
:10F3E000144604AE9CBB2A44A9EB0309154691447C
:10F3F00042E017468EE7CDE90232023541463046FB
:10F40000009B98470028DDE90232E5DAF4E640F295
:10F4100006410C42E0D014F0020F14BF2B20202034
:10F4200014F4806FCDE9023205F10105414618BFA1
:10F430002D20E5E7CDE902324146009B3020984778
:10F440000028DDE9023205F10105C6DAD4E6013C07
:10F45000CDE90232305D009B414698470028DDE946
:10F460000232BFDAC8E6009B4146202098470028B8
:10F4700005F10105FFF6C0AEA9EB0503002BF2DC98
:10F48000D7E500BF7047FEF765BA00EBC1004088C2
:10F490004008704708B5FFF7F8FF084408BDF0B50D
:10F4A000034600EBC100161DC588A94209D1012100
:10F4B0009140DA6822EA0102DA60002243F826204D
:10F4C000F0BD8788FC000634EA00185B814202F137
:10F4D000040202D1985A814207D0002181F3118899
:10F4E000BFF36F8F0421084602DF43F826501D53F7
:10F4F0009F52E5E708B50346FFF7C7FFB0FA80F271
:10F50000C2F11F021846BDE80840FFF7C8BFF8B5B2
:10F510000346FFF7BAFFB0FA80F0C0F11F0003EB1B
:10F52000800CCA00DCF81060171D0C4606328DB244
:10F5300056B9012101FA00F0D9680143D960CCF82D
:10F540001040DD539D52F8BDF100043133F801C085
:10F550004FEACC040634185B864208D0002080F3C2
:10F560001188BFF36F8F4FF0040E704602DF23F84F
:10F5700007C09E521D535D52E5E710B500EBC10375
:10F5800004465B88DB070A460ED4FFF783FF34F896
:10F590003030C01A814207D134F831102046511A58
:10F5A000FFF778FF824207D0002383F31188BFF36F
:10F5B0006F8F0423184602DF10BD2DE9F843B1FA1E
:10F5C00081F3C3F11F0800EB88090546D9F81060E4
:10F5D0000A46A6B9C3F120034FF0FF349C40EB6804
:10F5E0001C401CD094FAA4F6B6FA86F6331D2846C1
:10F5F00055F823402146FFF7C0FF32460BE0344662
:10F60000032721462846FFF740FF90420AD32846A9
:10F61000FFF7B3FF424621462846FFF740FF20464A
:10F62000BDE8F88305EBC404013FE488C9F8104045
:10F63000D0D0A642E5D1CDE738B50446FFF725FF87
:10F640000D46034611462046FFF71FFF1A1892B2D7
:10F6500004EBC50553006B802046FFF71BFF24F821
:10F66000302038BD70B50546FFF70FFF0B46511A25
:10F6700089B205EBC3049B1A03444E0066809CB21A
:10F6800005EBC2036000588025F832102846114669
:10F69000FFF700FF25F8304070BDF8B5002967D0AE
:10F6A00004680D1F2D1BEE0825F00705621953880D
:10F6B00013F0010306D183F31188BFF36F8F042386
:10F6C000184602DF31462046FFF7E4FE34F83030BA
:10F6D000C01A864207D0002383F31188BFF36F8FCF
:10F6E0000423184602DF615B2046711AFFF7D2FE41
:10F6F000B04207D0002383F31188BFF36F8F042338
:10F70000184602DF538823F0010353803146204618
:10F71000FFF7C0FE04EBC00307465B88DA070CD492
:10F7200001462046FFF729FF39462046FFF7E2FE53
:10F730003A4631462046FFF77FFF655B751B04EBB9
:10F74000C5035B88DB070DD429462046FFF715FF6C
:10F7500029462046FFF7CEFE324629462046FFF7CF
:10F760006BFF2E4631462046BDE8F840FFF7CFBE7E
:10F77000F8BD70B509B9002070BD056801F0070338
:10F780000B33CC0804EBD304AB689C4228BF1C4667
:10F7900021462846FFF711FF06460028EBD0014618
:10F7A0002846FFF772FEA04207D932192846FFF714
:10F7B00059FF11462846FFF7AAFE05EBC602104680
:10F7C000538843F0010353800430D5E71146FFF717
:10F7D000D0BF002070470FB407B504A951F8040B3F
:10F7E0000191F3F7E5F803B05DF804EB04B070475E
:10F7F000002383F31188BFF36F8F0423184602DFC1
:10F8000070470FB407B504A951F8040B0191F3F741
:10F81000CFF803B05DF804EB04B070470368002232
:10F820000BB9184670478B4210D10B6842B9426839
:10F830000360914200D1436000230B6001207047B8
:10F8400013604368994208BF4260F5E71A461B6897
:10F85000E6E7838B13F0070306D10368002B18BF7C
:10F86000032008BF00207047022B05D1C08BB0FADF
:10F8700080F0400980007047012B04D10368002B01
:10F8800018BF0520EDE70020704710B50C4600B109
:10F8900011B96FF0150010BD081D00F02FF80028F9
:10F8A000F9D1A368032BF6D9F3E72DE9F0410D4612
:10F8B00007461946281D90461E46F3F733FC0446BA
:10F8C00038B13346424629463846A446BDE8F041A1
:10F8D0006047BDE8F08138B50C46054658B151B1D6
:10F8E0000B6843B14B6833B12022002102F02AFBA0
:10F8F0002C61002038BD6FF01500FBE7034658B1BE
:10F90000426802F00302012A03D0032A04D10268EC
:10F9100012B10020986070476FF015007047704773
:10F92000FEE702F00FBB02F0FFBA01460068F3F7F2
:10F930008BBD08B5F3F7B8FDBDE80840F4F75AB938
:10F9400000210120F3F780BD6FF08500704761B69C
:10F9500062B680F31188BFF36F8F704772B60023D1
:10F9600083F31188BFF36F8FBFF34F8F30BF62B641
:10F97000BFF36F8F704772B6002383F31188BFF314
:10F980006F8FBFF34F8F20BF80F31188BFF36F8F4E
:10F9900062B67047202809D9B0F1004F08D8013865
:10F9A000B0FA80F0C0F11F00400070470820704797
:10F9B0003E20704738B50D4614461146F4F7FEFC5C
:10F9C00022462946BDE8384002F0AEBA10B50C46D2
:10F9D0000121F4F7F3FC047010BD10B50C460221B0
:10F9E000F4F7ECFC0470240A447010BD4FF0FF32B1
:10F9F0004FF0FF330430FBF7C3BFFCF789B890F832
:10FA00007000C0F341107047F8B504461E460D461D
:10FA10001746FFF7EBFF94F870309B0713D41DB126
:10FA2000012D0ED0F4F740FD616F79B19DF81830CB
:10FA30000F714E718B710025201DFFF7DEFF2846E8
:10FA4000F8BDA16FF1E76FF07705F5E76FF01505E9
:10FA5000F2E790F87000C0F38000704738B50446B4
:10FA6000FDF72CFD2046FFF7C1FFA06940B96FF0FC
:10FA70001205201DFFF7C1FFFDF792FD284638BD96
:10FA800094F87030DB0716D402F078F80028EED036
:10FA90002046F5F729FC05460028EAD10146242234
:10FAA00004F12C0002F04EFA94F8703043F0010398
:10FAB00084F87030DDE76FF07705DAE770B504465B
:10FAC000FDF7FCFC2046FFF791FF94F87030DA0751
:10FAD00031D5C3F340019B0730D4A06901F0DEF8B3
:10FAE0000646A06901F05CF90546B0B9E36F4BB179
:10FAF0003146204600F08DF90546A8B1A06901F015
:10FB00007BF90AE0A06901F001F9E0670028EFD174
:10FB1000A06901F071F96FF00B05201DFFF76DFF73
:10FB2000FDF73EFD284670BD94F8703043F00203A7
:10FB300084F87030F1E74FF0FF35EEE76FF07705AE
:10FB4000EBE70246034652F8680F90420BD10020C3
:10FB50007047027A8A42FBD0DA6E8242F7D00068A0
:10FB60000028F6D170470028F3D1704738B5044615
:10FB70000D46FFF73BFF94F87030DB0718D42B6974
:10FB80000BB9EB68BBB1A36E1BB904F16803C4E900
:10FB90001A332B6893B9E26E04F16801C5E90012CB
:10FBA0001560E5661D46201DFFF727FF284638BD76
:10FBB0004FF0FF35F7E76FF01505F4E76FF07705C5
:10FBC000F1E710B50446034654F8500FA0420DD19A
:10FBD00000200DE0447D8C4204D1032909D1047A30
:10FBE000944205D05C6D8442F2D000680028F1D1C7
:10FBF00010BD0F29F5E72DE9F04105460C46061D1D
:10FC00004FF0FF324FF0FF333046FBF7B9FE6F6F16
:10FC1000002F6DD095F87030DB0769D42B6D1BB9C0
:10FC200005F15003C5E914332368002B63D1637DCC
:10FC30000F2B09D1237A012B0CD06B6D05F15002EB
:10FC4000C4E900231C606C65637D032B0FD04FF06B
:10FC5000000806E0E1682846FFF788FF8046002894
:10FC6000EBD03046FBF754FF4046BDE8F0812A6DEB
:10FC700005F1500090421ED1002329E091F815C0F3
:10FC8000BCF1030F10D0013323724B68C4E9001399
:10FC90001C604C60637A022B24D0032B25D0012BEF
:10FCA000D5D1237ABB73D2E791F808C00CF1FF3CA1
:10FCB0006345E8D11268002ADED0517D6B6D0329BF
:10FCC0000DD19A42137A02D011680029D6D101339E
:10FCD00023726B6DC4E900031C606C65DAE7934224
:10FCE000E8D1C9E7237AFB73B1E7237A3B74AEE727
:10FCF0004FF0FF38B5E76FF07708B2E703460068CA
:10FD000000B1187A70478388C2888168D21A036864
:10FD10005B1AD01A70470346C08808B11878C0092A
:10FD2000704770B50C46154600F0E3FA40B14068E4
:10FD300083681B6823B12A462146BDE870401847F6
:10FD400070BD38B580210446806901F002F805468F
:10FD500050B101462046F5F741FB044610B1284654
:10FD6000F4F796FA204638BD6FF00B04FAE738B581
:10FD70000446C06FF4F7CEFA0546F4F795F920462D
:10FD80002946F5F72BFB044610B12846F4F780FA14
:10FD9000204638BDF8B50446866803690D46174607
:10FDA000BFF35B8FD3F8A030BFF35B8F9B070ED5FB
:10FDB000B36A7BB1F36B9847B36A29463A4620464B
:10FDC0009847336C0546204698472846F8BD4FF0C3
:10FDD000FF35FAE76FF08505F7E770B504468668EA
:10FDE00003690D46BFF35B8FD3F8A030BFF35B8F81
:10FDF0009B070BD5F36B9847736A294620469847B3
:10FE0000336C054620469847284670BD4FF0FF35B5
:10FE1000FAE710B5044619B9002084F8340010BD83
:10FE2000FFF7A5FF0028F7D0F9E738B590F8343090
:10FE3000022B0D4604D100F060F908B1C46804B982
:10FE400038BD2B78032B05D0052B0ED0022B08D004
:10FE50002468F4E7606883685B69002BF8D09847F2
:10FE6000F6E7606883689B69F7E760688368DB6929
:10FE7000F3E7012270B515460B685BB302F07F040F
:10FE8000103423FA04F6F60710D5036823FA04F6B3
:10FE9000F60702D46FF0150070BD05FA04F423EAEA
:10FEA000040303600B6823EA04030B60D340DE07FE
:10FEB0000DD5036823FA02F4E407EBD505FA02F442
:10FEC00023EA040303600B6823EA04030B60013296
:10FED000102AD1D10020DFE72DE9F04F8369426F6E
:10FEE0001B6993F88030C3F34113022B8FB0814616
:10FEF0000ED0032B0ED0012B0CBF10230823D3717F
:10FF0000D9F858800026B8F1000F05D14046AEE080
:10FF10002023F4E74023F2E7D8F80430D8F80C4067
:10FF200003930C9604967CB9049B039A09339BB205
:10FF300093701B0AD3701671D8F80C40002C40F057
:10FF4000B080D8F80080DDE7606883681B6B00250F
:10FF50000D95002B00F0A38029469847002800F05B
:10FF60009E80C4E90355A0F1040B35465BF8043FBD
:10FF70000BB11A7822B9B5427CD86FF0150076E043
:10FF80005A780B2A08BF9D70DBF800305A78042A93
:10FF900010D1E2680D990A43E260DA78002A57D15D
:10FFA0009D7023690122AA40134301352361EDB2FC
:10FFB00000230D93DBF800707B78052BD6D1D9F8A0
:10FFC000183008936FF012004FF0010A7A793B79EC
:10FFD00043EA0223ADF82E300C9B069397F90230CA
:10FFE000069A002B5FFA8AF1BBBF41F080014BB249
:10FFF0004FFA8AF30793B9BF21F0800310330793B8
:020000021000EC
:100000005346DA40D2072AD40D9A059222FA03F316
:10001000DB0724D4BB79FA78089800930DF12E03FE
:10002000099100F0BBFC0999C8B9079BB970002B76
:10003000BCBF21F08001103101238B400698059947
:10004000BDF82E20BA8019430343CDE90C318DE76A
:100050006A1E9A700DA90CA8FFF70BFFA8E70AF11A
:10006000010ABAF1100FB1D100283FF47FAF0FB0F1
:10007000BDE8F08FE3680D9A1343E360606883681E
:100080009B6AD3B198470028F1D10146606800F01F
:1000900000F9049B2468034404932E4643E7354645
:1000A000ECE7E368A36004F10C010CA8FFF7E1FEA4
:1000B00000287FF462AF246840E76FF08500D6E740
:1000C0004FF0FF324FF0FF330430FBF759BCFBF722
:1000D0001FBD21B101290DD000231B68FFDE583060
:1000E000006848B143685B79934205D000680028F6
:1000F000F8D170476030F3E7704710B590F83430AE
:10010000022B044609D1FFF77AFC94F83C20014603
:100110002046BDE81040FFF7DCBF002010BD08B549
:10012000FFF7D7FF003818BF012008BD2DE9F041C7
:1001300004460E46FFF763FC94F83C308046CBB98A
:10014000002E3BD0324641462046FFF7C2FF07460D
:10015000A8B10246204600F0CEF9054688B984F8D9
:100160003C60FC6864B3606883681B6A03B19847AD
:100170002468F7E72046FFF7C0FF074620B96FF075
:100180003C052846BDE8F0810146204600F089F98B
:1001900010220546002104F13E0001F0D3FE0023A9
:1001A00084F83C30FF6817B9002DC9D0E9E77868BA
:1001B00083685B6A03B198473F68F4E784F83C6062
:1001C0000025DEE7F8B504460E4657681546FFF7EA
:1001D00077FF94F87030D9074BD4012E4CD0FB79BF
:1001E0009A0605D5A3691B6993F880309B0743D510
:1001F000002E41D1236E53B9A26D62B9636F6A6854
:100200005B7C0133DBB25371626F53740EE09D422D
:1002100035D01B68EFE7954225D12A68EBB9E36D2D
:10022000A2659D4200D1E26500232B60A96841B11F
:100230002046FFF7E0FC064650B9A868FFF75EFDD0
:10024000B87100232B60E36D83B9C4E9165500260D
:10025000201DFFF73CFF3046F8BD1A60E26D954265
:1002600008BFE365E0E713461268C6E71D60E56571
:10027000EDE76FF00F06EBE76FF08506E8E76FF04C
:100280001506E5E74FF0FF324FF0FF330430FBF780
:1002900077BB08B583681B6B0BB1984703460020FA
:1002A00023B153F8042B0AB1127802B908BD1044E7
:1002B000F6E710B51C46FFF70CFF48B10122C068F5
:1002C00002FA04F320B10269134201D10068F9E790
:1002D00010BD10B50C46FFF710FF48B10123C068F0
:1002E00003FA04F120B10369194201D10068F9E76A
:1002F00010BD70B501F07F0311F0800F18BF1033EF
:1003000001259D4090F83430022B044601D0002096
:1003100070BD90F83C60FFF772FB32460146204604
:10032000FFF7D7FE0028F2D0C0680028EFD083681E
:100330001D42EDD10068F8E738B50C46FFF7DDFE49
:1003400080B1C06870B14368DA681AB111790023CE
:10035000994201DC0068F5E71568ED5CA54201D023
:100360000133F5E738BD2DE9F84305460846114647
:1003700016461F46F4F7D0FF0446002843D028460F
:10038000FFF780FF95F87030DA0733D4D4F8048093
:1003900004F11409BFF35B8F6369BFF35B8FDB0765
:1003A0002BD4D8F804300BB19D4226D13A463146C1
:1003B0002846FFF78EFE18B3002323600369B3B904
:1003C000C0E90344BFF35B8F59E8003F43F00103EA
:1003D00049E80032002AF7D1BFF35B8F0024C8F848
:1003E0000450281DFBF794FB2046BDE8F8831C60F1
:1003F0000461E7E76FF00F04F3E76FF07704F0E7CD
:100400006FF03C04EDE76FF01204EDE72DE9F843DF
:100410004C689DF820900D46984606461746FFF713
:10042000EEFAA3681B6B01461BB96FF01500BDE81F
:10043000F883204698470028F7D0041F0C35002089
:1004400054F8041F09B10B782BB9002814BF002001
:100450006FF03C00EBE74B78042B0BD1F8B98B78AD
:100460004345EDD1CB784B45EAD10B79002BDED05B
:100470000120E5E7052BE3D10028E1D0012F07D0CB
:10048000022FF5D18978B0692A4600F0C3F803E05D
:10049000B0692A4600F0A2F80028E9D0C7E700209A
:1004A000C5E7F8B5CC6806460CB9204622E004F151
:1004B0000C070125E268AAB165F07F03D9B203F009
:1004C0007F031033DA40D2070ED4E368EB40DB073A
:1004D00005D5B0693A46E9B200F09CF850B901354B
:1004E000102DE7D12468DFE7B0693A4600F092F8B2
:1004F0000028EAD0F8BD2DE9F3475768002497F8A3
:10050000058005460E46A1463B79A34203DC002048
:1005100002B0BDE8F0875FFA84FA3146534642469E
:100520002846FFF7C6FE014650B1CDF8009053466D
:1005300001222846FFF76AFF0028E9D10134E3E7EA
:100540006FF03C00E4E72DE9F74380460D4617467F
:10055000FFF7BFFE064628B96FF00104204603B03E
:10056000BDE8F0830F2DF7D808EB0509014699F88F
:100570003E4000972B4600224046FFF747FF0028E9
:10058000EAD100942B46022231464046FFF73EFF57
:1005900004460028E2D100972B460122314640460E
:1005A000FFF734FF04460028D8D1706883685B6881
:1005B00013B13A462946984789F83E70CEE711F0C4
:1005C000800F18BF21F0800102684FF0010318BFAF
:1005D00010318B4022EA03030360704737B58B79F3
:1005E00000938B880C461546CA78897800F04FFA3C
:1005F00070B994F90230A1782A68002BB8BF21F0B5
:1006000080014FF00103B8BF10318B4013432B60C2
:1006100003B030BDF8B506460D46174600F07FFA28
:10062000044658B929463846FFF7C9FF29463046DF
:1006300000F04BFB044608B9FDF774F82046F8BDFE
:100640000A468069802100F070BB38B50546806994
:100650000C4600F080FA60B914F0800F18BF24F047
:100660008004AA6B4FF0010318BF1034A34013435A
:10067000AB6338BD70B5054680690E4600F095FA4B
:10068000044620B9314605F13800FFF798FF2046AF
:1006900070BD0B0648BF21F08001806B48BF103150
:1006A000C84000F00100704782B0C3698DF80010A7
:1006B00001922BB102AB13E9060002B0F4F780BF40
:1006C00002B07047F0B59DF8146004460144184626
:1006D0008C4200D1F0BD14F8013B082558403EB1D2
:1006E00040F30003134083EA5000013DF7D1EFE7E8
:1006F00047B24300D8B2002FB8BF5040F5E738B535
:100700000446807AF3F7C8FC6169054649B1637A0B
:10071000DB0704D4436A1B6820469B689847002384
:10072000636121462846BDE8384001F0ADBA30B5D6
:100730000906847D054614D414F0400016D0A98A19
:10074000C3F30A00C1F30A01884222D802F0030071
:10075000022809D003280AD0012811D004F0010092
:1007600004E014F02000E9E7C4F3800030BD14F089
:100770000200FBD013F4C05F09D0C4F30010F5E70A
:1007800014F0080205D013F4C05FEFD0F5E70120A4
:10079000ECE70020EAE7BFF35B8FD0F8A000BFF3DF
:1007A0005B8F00F001007047BFF35B8FD0F8A000B3
:1007B000BFF35B8FC0F340007047026902F1A003F2
:1007C000BFF35B8FD2F8A020BFF35B8FBFF35B8FCB
:1007D00051B153E8001F41F0040143E80012002A20
:1007E000F7D1BFF35B8F704753E8001F21F004017E
:1007F00043E80012002AF4D0F6E701F00F030906DF
:10080000026948BF103352F823007047007EC0F3DE
:1008100000107047037E61F304130376704708B538
:1008200002691046FFF7B7FF60B9087F00F00F03B9
:10083000000648BF103342F82310084601F010FAB2
:10084000002008BD6FF00C00FBE700220023FBF73F
:100850000FBB01F023BA01F00CBA08B508B9F4F7E0
:100860002FFF407EC0F3C00008BD08B508B9F4F7FB
:1008700027FF437E23F00803437608BD1FB50469B4
:100880008DF80410CDE90220D4F8983001A99847DA
:1008900004B010BD1FB5034609B9F4F711FF046990
:1008A00006208DF804002046CDE90213FFF773FF00
:1008B00040B1C1F81E20D4F8982001A918469047ED
:1008C00004B010BD4FF0FF30FAE738B505460C46CE
:1008D0002046FFF7BAFF014600B938BD6FF070023D
:1008E0002846FFF7D7FFF3E72DE9F84306690746E7
:1008F000D6F80090D6F840800D464FF0FF324FF00A
:10090000FF3306F18400FBF73BF84046FFF79DFFFD
:10091000014618BB4846FFF798FF044620BB99F8EC
:10092000183023F0100389F8183098F8183023F0A5
:10093000100388F8183024BB012286F8B020EDB1EE
:100940002B68C6F8A8306B68C6F8AC3086F8B120C2
:1009500038698430BDE8F843FBF7DAB86FF0670216
:100960003846FFF797FFD0E7637EDB07D7D46FF0F9
:10097000670221463846FFF78DFFCBE786F8B15076
:10098000E6E72DB10822294604F10C00FFF712F822
:10099000002221463846FFF77DFFD9E72DE9F843CD
:1009A0000546D0F80890884614461F46FFF725FFF5
:1009B0000646002835D0D9F83C30284698474146AD
:1009C0003B8822463046FFF7B2FE804690B18BB995
:1009D0002B6993F88030DB0758BF402204F00304F2
:1009E00046BF4FF480624FF400711146022C0DD0C7
:1009F000032C11D02846D9F840309847B8F1000FA1
:100A000014BF00206FF08500BDE8F883B38A8B42E5
:100A100028BF0B463B80EDE7B38A934228BF1346BD
:100A2000F8E76FF01200EFE72DE9F0470546D0F840
:100A300008A0894690461F46FFF7DFFE044618B31C
:100A4000067EF3071DD43B4642464946FFF76FFE3C
:100A5000D0B19DF8203084F81D8026F00606E7838B
:100A600084F820302676DAF8183021462846984750
:100A7000227EB0FA80F35B0963F300022276BDE8C0
:100A8000F0876FF07700FAE76FF01200F7E72DE9D3
:100A9000F3411F464B06D0F8088004460D46164623
:100AA0001BD0D8F83C3098472069FFF77DFE88B10D
:100AB0009DF82030009329463B4632462046FFF7FA
:100AC000B3FF0546D8F8403020469847284602B084
:100AD000BDE8F0814FF0FF35F4E76FF01505F5E75D
:100AE00070B505468668FFF788FE044688B1037E28
:100AF000DB0711D50146F3692846984738B1237EB4
:100B000003F00103227E63F30002227670BD0346E8
:100B1000F8E76FF01200F9E76FF07700F6E770B5CD
:100B20004B06866804460D4612D0F36B9847206941
:100B3000FFF731FE48B129462046FFF7D1FF0546B1
:100B4000336C20469847284670BD4FF0FF35F7E7D5
:100B50006FF01505F7E770B586680546F36B0C4630
:100B600098472869FFF720FEB0B121462846FFF7D5
:100B700044FE014698B1037EDB0710D5437F03F0A6
:100B80000303012B0ED0F3682846984704462846F5
:100B9000336C9847204670BD4FF0FF34F7E76FF095
:100BA0001204F4E76FF08504F1E7F8B587680646AC
:100BB000FB6B0C4698473069FFF7F6FDE0B1214624
:100BC0003046FFF71AFE0546C8B1037EDB0716D58F
:100BD000437F03F00303012B14D001463B693046E9
:100BE0009847044618B92B7E60F341032B763046B4
:100BF0003B6C98472046F8BD4FF0FF34F7E76FF0A5
:100C00001204F4E76FF08504F1E72DE9F0418668FE
:100C10000769F36B05460C4698472869FFF7C4FD42
:100C2000B0B30CB9F4F74CFD94F81880284641464F
:100C3000FFF7E3FD014670B3037EDA072BD518F00A
:100C40007F0F20D197F8B030EBB1637EDB0717D56B
:100C500097F8B13033B1082207F1A80104F10C0074
:100C6000FEF7A8FE002287F8B02021462846FFF7AD
:100C700011FE04462846336C98472046BDE8F081B3
:100C80006FF06702F1E77368224628469847F0E75D
:100C90004FF0FF34EEE76FF01204EBE770B58668B3
:100CA00005460C46F36B984721462846FFF7A5FDFD
:100CB00048B100F0F3FFB0FA80F464092846336CC1
:100CC0009847204670BD0124F8E770B58668054650
:100CD000F36B0C4698472869FFF75DFD80B121460C
:100CE0002846FFF78AFD014668B104681CB1B36865
:100CF0002846984704462846336C9847204670BDDE
:100D00004FF0FF34F7E76FF01204F4E708B503691A
:100D10001B680021DA8BF4F7E7FC28B1437E23F04F
:100D2000070343F00103437608BD08B539B90369E9
:100D30001B68DB8B013A1A44B2FBF3F25A43F4F717
:100D4000D3FC28B1437E23F0070343F0020343762C
:100D500008BD08B561B903691B68DA8BF4F7C4FCF8
:100D600028B1437E23F0070343F00403437608BD14
:100D70000022F3E770B586680546F36B984728694B
:100D8000FFF712FD044620B133683BB1284698476F
:100D900004462846336C9847204670BD0124F8E786
:100DA000F8B587680669FB6B044698472069FFF72A
:100DB000F2FCD8B12069FFF7F7FCD0B9FB6A2046F6
:100DC0009847054668B9BFF35B8F06F1A00353E867
:100DD000001F41F0020143E80012002AF7D1BFF3DF
:100DE0005B8F20463B6C98472846F8BD4FF0FF3597
:100DF000F7E76FF07705F4E7F8B587680669FB6BEE
:100E0000044698472069FFF7CFFCB0B13B6B204602
:100E10009847BFF35B8F054606F1A00353E8001F18
:100E200021F0020143E80012002AF7D1BFF35B8FE3
:100E300020463B6C98472846F8BD6FF07705F7E7EA
:100E40002DE9F0410546D0F80880066914460F46A2
:100E500031B32AB3D8F83C3098472869FFF79BFC98
:100E6000D8B9C6E926742846D8F8343098470446DD
:100E700060B9BFF35B8FA03656E8003F43F0010333
:100E800046E80032002AF7D1BFF35B8FD8F8403034
:100E9000284698472046BDE8F0816FF07704F5E7D3
:100EA0006FF01504F6E7F8B587680669FB6B044632
:100EB00098472069FFF778FCD0B92069FFF76BFCF1
:100EC000C8B1BB6B20469847BFF35B8F054606F160
:100ED000A00353E8001F21F0010143E80012002A9B
:100EE000F7D1BFF35B8F20463B6C98472846F8BD8F
:100EF0006FF00F05F7E76FF07705F4E74FF08053D9
:100F0000D3F83021082A05D1D3F83401003818BFAE
:100F1000012070470020704708B500F058FDF8F731
:100F2000E5FC002008BD01238B40BFF35B8F50E838
:100F3000002F1A4340E800210029F8D1BFF35B8F4E
:100F4000704700698430FAF7E3BD006984304FF0E0
:100F5000FF324FF0FF33FAF713BD10B5807A0C461D
:100F6000F3F79AF8436A21465868BDE81040FAF74B
:100F70002BB9F7B50D46807A17461E46F3F78CF865
:100F80002C68436A033424F0030258682A60042161
:100F9000CDE90076FAF7F2F800B9286003B0F0BDA9
:100FA000FAF7F0BFF8B5069F04690546C9B2EFF33A
:100FB000118C202080F31288BFF36F8F0C2606FB64
:100FC0000146B06C00F0070EBEF1010F11D1B764FD
:100FD00000268CF31188BFF36F8F46B90C2000FBFD
:100FE0000144C4E910236B6853F831309847304608
:100FF000F8BD00F0C00087420CBF6FF077064FF0DD
:10100000FF36E6E713B580240094FFF7CBFF02B06C
:1010100010BD0069CBB200EB431000211047104611
:10102000FAF7B0BF08B5F6F705FCBDE80840F7F7DA
:10103000ADBEF7F75FBE8022F6F762B9F6F722BBC6
:1010400043685B68D3F810350B6000207047436835
:101050005B6802EA010021EA0201C3F80805C3F84F
:101060000C150020704743685B680020C3F8081522
:10107000704743685B680020C3F80C1570474368ED
:101080005B68D3F8042521EA02001140C3F8080583
:10109000C3F80C1500207047F8F7EABA13B54FF003
:1010A00080520829136E526E28BF082112BA00928E
:1010B0001BBA0C460A466946019300F035FF2046EC
:1010C00002B010BD37B50446002201210320F2F71B
:1010D000FDFC63685D6901AA0021284600F0D4F890
:1010E00000280DDB019B2A6819791868F6F704FEC1
:1010F000002805DB204603B0BDE8304000F06FB8A3
:1011000003B030BD02780B69012A07D0022A08D04B
:1011100052B95A6603F15400FAF734BF6FF0040273
:10112000F7E76FF00A02F4E76FF08B02F1E72DE9C1
:10113000F04F056985B006460C469046039305F1CD
:1011400044094FF0FF324FF0FF334846FAF798FF5B
:1011500005F1540A002200235046FAF791FF284671
:10116000F9F79CFB002708F1FF3BB84501D80023A5
:1011700023E0BB4581BF237DC3F3800383F00103DC
:10118000DBB298BF00230193039B0093D4E90023B3
:10119000217A304600F049F8034670B94FF4804296
:1011A00000235046FAF76CFF98B12846F9F7A2FBE6
:1011B000304600F032F86FF0040328460393F9F745
:1011C00099FB4846FAF7DEFE039B184605B0BDE8DA
:1011D000F08F6B6E0C34002BEDD10137C5E7416801
:1011E00003460A690069F9F7FBBACA07036905D41F
:1011F000C1F34202012A04D0022A0AD06FF015007E
:1012000070471A684FF0CC70C2F8240519640020AA
:1012100070471A684FF0CD60F6E703691B68D3F892
:101220000805D3F80C15F9F7C1BC2DE9F04186B0DB
:101230000C4607699DF834801546002112220DF1F5
:1012400006001E4600F07EFEBDF830208DF8052019
:1012500004F0010314F008028DF80430029604959E
:101260000FD1A10704D4B8F1000F08D14BB9202247
:1012700001A93846F9F776FB06B0BDE8F0814022B7
:10128000F6E76FF08500F7E730B543681360057A3D
:10129000446804EBC504A34202D36FF0010030BDE3
:1012A0005C798C4203F10803F0D10020F7E71FB509
:1012B00040BA0023ADF80C0000933122FF23022135
:1012C00003A8FFF7FFF905B05DF804FB1FB54368FD
:1012D000022249BA1868ADF800109B88CDF804D0F6
:1012E00002928DF80C209DF80C20816842F00202D9
:1012F0008DF80C208C68012201A9A04704B010BD14
:1013000010B543680446186800F038FCD0B143F2C9
:1013100041012046FFF7DAFF002802DA6FF00400EF
:1013200010BD4FF47A7000F025FC42F230112046D7
:10133000FFF7CCFF0028F1DB43F6982000F01AFC01
:101340000020EDE76FF01500EAE710B50269126AB8
:101350008B00D46803F0FC030C221021A047002866
:10136000B4BF6FF00400002010BD10B503691B6A04
:101370000429DC6809D102230E221121A04700288C
:10138000B4BF6FF00400002010BD890001F0FC0321
:10139000F2E737B50469236A6A461D6828210623E7
:1013A000A8470028A1BFBDF900302360BDF9023075
:1013B0006360A3BFBDF90430A36000206FF0040098
:1013C00003B030BD37B50469236A6A461D6822211F
:1013D0000623A8470028A1BFBDF900302361BDF94D
:1013E00002306361A3BFBDF90430A36100206FF038
:1013F000040003B030BD072910B504460BD04C29BA
:1014000005D003290BD1BDE81040FFF7C2BFFFF79D
:10141000C0FF38B92046BDE81040FFF7D3BF6FF0DA
:10142000850010BD6FF00400FBE770B50329056966
:10143000144605D90B1F032B22D96FF085000DE050
:10144000EE68022932460AD003290AD0012914BFC6
:10145000296869682046F0F71BFF002070BDA96865
:10146000F8E729682046F0F713FF6968324604F16F
:101470000800F0F70DFFA968324604F11000EAE712
:10148000EE690629324609D0072909D0052914BF7B
:10149000296969692046F0F727FFDEE7A969F9E7BE
:1014A00029692046F0F720FF6969324604F10800F7
:1014B000F0F71AFFA969324604F11000EBE7F0B427
:1014C0000C2707FB0214866814F8045C45F002053B
:1014D00004F8045CB468A446F0BC604730B589B039
:1014E00044688DF807100DF1070102910121606831
:1014F00003911D46002123898DF81010CDE90525A3
:1015000002A902228DF81C20FFF7D9FF09B030BDD7
:1015100030B589B044688DF807100DF107011D46FC
:1015200002910121606823890391CDE905250021FD
:1015300007228DF810108DF81C2002A90222FFF757
:10154000BEFF09B030BD10B588B043688DF80710F4
:101550000DF107010291012158681B890391CDE922
:10156000052107228DF81C200024022202A98DF8F3
:101570001040FFF7A4FF08B010BD2DE9F0471F464B
:10158000436888B0D3F8048093F808A08DF804105D
:10159000002301268DF810300DF10303CDE9053647
:1015A00007230D4614460DF104098DF81C30022264
:1015B000534602A94046CDF808900396FFF77FFFF7
:1015C000B8B99DF8032022EA04033C401C43A24220
:1015D0000FD0022303938DF810303246534602A9F0
:1015E00040468DF804508DF80540CDF80890FFF77F
:1015F00066FF08B0BDE8F0874379014623B151F892
:10160000060B83681B6818476FF08500704737B575
:101610002A294568046901D04C2914D16846D4E9C7
:10162000062300F023FCDDE90001FCF793F92846CE
:10163000FFF7E2FF48B9286883685B68214603B07A
:10164000BDE8304018476FF0850003B030BDFDF7AE
:1016500003BB08B5F1F7E4FDF1F7B8FEBDE80840BB
:10166000FDF7FABA4FF08053D3F83021082A03BFB0
:10167000D3F83401B0FA80F04009002070470346E7
:101680000020184700F076BA10B502461168B1B1D3
:10169000BFF35B8FB1FA81F3C3F11F0001238340D5
:1016A00021EA030352E8004F8C4204D142E8003C97
:1016B000BCF1000FF6D1BFF35B8FE7D110BD6FF027
:1016C0000B00FBE710B50368CB40DB0714D4012304
:1016D0008B400268BFF35B8F43EA020150E8004F82
:1016E000944204D140E8001CBCF1000FF6D1BFF3D6
:1016F0005B8FEED1002010BD6FF01500FBE7F7F710
:1017000061BB08B5F7F7C4FABDE80840F7F796BB28
:101710004FF08053D3F83021082A06D1D3F8340192
:1017200002288CBF002001207047002070474FF036
:101730008053D3F83021082A06D1D3F83401022887
:101740008CBF0020012070470020704738B54FF053
:1017500080440223C4F808330123E3600023C4F863
:101760000431D4F8043142F21075D4F81834DB0394
:1017700004D50120FFF786FF013DF6D138BD4309AE
:101780000AD0012B0BD14FF6FF7300F01F0023FA94
:1017900000F000F0010070474FF0FF33F5E7002044
:1017A000704710B504460846F7F792FB04EB400477
:1017B000207DC0F3401010BD10B504460846F7F771
:1017C00087FB04EB4004A08A00F01C00003818BF1F
:1017D000012010BD10B504460846F7F779FB04EB6D
:1017E0004004207DC0F3400010BD10B50446FFF753
:1017F000F1FF20B12046BDE81040FFF7D2BF10BD79
:1018000010B504460846F7F763FB04EB4004A08AD2
:10181000400B10BD70B5044608461646F7F758FB56
:1018200008300D4634F81030DA0509D5C3F34323E8
:1018300004EBC302314654F83330526828469847C7
:10184000A3682BB1E26831462846BDE870401847CE
:1018500070BD2DE9F341019001A8DDE908580C465F
:1018600017461E46F7F778FB019B391E18BF01216A
:1018700000EB8300231E18BF0123002E43EA41031F
:101880000CBF00210C21002D43EA01030CBF0021F5
:101890004FF4E061B8F1000F43EA0103D0F80027EC
:1018A0000CBF00214FF440310B4322EA030304B183
:1018B00024780FB13F787F001C430EB13678B60014
:1018C0003C438DB1297809023443B8F1000F03D0AD
:1018D00098F800804FEA0848214341EA0801C0F81F
:1018E000001702B0BDE8F0812946EDE71FB50DF104
:1018F0000F03019300238DF80F1000931A46194629
:10190000FFF7A7FF05B05DF804FB2DE9F0470025C0
:1019100004468846D7B22E464FF00109AA46AF4288
:101920000CD1D4F87C3133B10023C4F87C31D4F825
:101930007C3146F000463046BDE8F0872846F7F790
:101940003FFBA0F580739B0809FA03F318EA030F25
:1019500005D022581AB144F800A022581E43013580
:10196000EDB2DCE738B504460D46FFF71AFFA8B123
:101970002046FFF72FFF88B92046FFF741FF226876
:1019800001238340C2F80833236803EB8000D0F8BA
:10199000103523F00303C0F8103538BD2846002168
:1019A000BDE83840FFF7A2BF00F180431A68002A63
:1019B0001FBF00221A601B68012008BF002070476B
:1019C0004FF080434FF46072C3F8042370474FF028
:1019D00080434FF46072C3F80823704708B5F7F7E7
:1019E000AFFFBDE80840FFF78CBE10B5A1F58074CD
:1019F000A4080123A34018400AD001F1804101F559
:101A0000E041086820B10020086009680AB9012097
:101A100010BD116819431160F9E708B500210120D4
:101A2000F8F7CCF80028F9D008BD30B5D0F804316B
:101A30002BB10023C0F80431D0F80431012391F810
:101A40002F2022B30022C0F82421D0F82441C0F86E
:101A50001C21D0F81C41C0F80821D0F80821002B27
:101A600079D0002281F82D2091F82F20002A37D13B
:101A70004D6B8C6AA5421FBF0523C0F80025C0F836
:101A80000035134683F0010381F82F3028E0D0F8A9
:101A9000244114B1C0F824210EE0D0F81C216AB30F
:101AA000C0F81C41D0F81C214A6B01324A63D0F8BF
:101AB000245145B1C0F82441D0F8242101224261CB
:101AC00081F82F20CBE78C6AA24204D24C6AA25C38
:101AD000C0F81C25C3E791F82C201AB10123C3617B
:101AE000002030BD0A6A12F0400F4FF0010203D00F
:101AF000C26181F82D20F3E74261B0E7D0F80841D8
:101B0000002CACD0C0F80821D0F80841D0F824410E
:101B1000002CBFD14A6B8C6AA242A0D24C6AD0F88A
:101B20001855A5544A6B8C6A0132651EAA424A6355
:101B300008D10A6A540602D40222C0F80022012207
:101B400002628CE7A242FAD10A6A520687D50223C2
:101B500081F82D30C4E70120C3E707B5019001A843
:101B6000F8F7F8FF019A01239340C0F8083503B055
:101B70005DF804FB08B1F2F785BC704740B1C3685B
:101B8000587810F001001EBF1878B0FA80F04009B4
:101B90007047EFF31183202383F31288BFF36F8F15
:101BA000FEE708B5FFF7F5FF10B400F10C04C0E93B
:101BB00003440024446110BCF0F762BE10B5826992
:101BC0006AB1C36842EA0301890708D14169A2FBEF
:101BD000011424B95B182CBF0121002102D36FF03E
:101BE000150005E001619B1A42698A4201D8002074
:101BF00010BD02691A608269036101319B1AF3E723
:101C000010B5C0E905320023C160C361836004469A
:101C1000FFF7D4FF08B9C4E9004410BD13B501248F
:101C20000094F9F7DBFC02B010BD90F90E308B4246
:101C300001D0FBF755BB0020704703460020C3E9E5
:101C40000200C3E90033704710B5044630B10268A2
:101C5000930703D0446809B100F05EF9204610BD37
:101C60000023C0E90033836000F10C03C0E90333B3
:101C7000704707B50123009300230A461946FAF777
:101C800039F803B05DF804FB07B500230A4600935A
:101C90001946FAF72FF803B05DF804FB006800213D
:101CA000FFF7D2BF3AB18A4205D3C0E90212C0E9B8
:101CB0000000002070476FF0150070470268012394
:101CC0008B4022EA0303036022FA01F000F00100D6
:101CD000704710B5032104460C30FFF7EFFF30B119
:101CE00004F11000FCF7E0FAB0FA80F0400910BDF2
:101CF00020B1002211469430FBF7F0BF704710B5B9
:101D0000FAF704FC041E08DDEFF31180202383F3AF
:101D10001288BFF36F8FFBF7BDFB204610BDEFF3BA
:101D20000580003818BF012070476FF057007047DA
:101D3000D0E9003213605A600023C0E900337047D5
:101D400038B504460D46FAF7F7FF237C43F002034B
:101D50002374D5B1A5602B689D4209D16B68C4E995
:101D600000531C606C6010E06A689A42F6D01B68F1
:101D7000002BF3D093F90E1094F90E209142F3DD6D
:101D80005A68C4E9003214605C6038BD10B5037C49
:101D900013F0280F04460CD183680BB1FBF7A4F8AD
:101DA000237C23F0040323742046BDE81040FAF797
:101DB0005BBF10BDFBF752B838B504680546AC42AE
:101DC0004FF0000000D138BD002CFCD02046FBF7BE
:101DD0008BF804F11800FCF767FA2046FAF744FF85
:101DE0002C680120A542EDE708B50246FCF752F940
:101DF00070B1D0E904319B1A61EBE272B3F1004F8C
:101E000072F1000104DA002AACBF1846002008BDB8
:101E10006FF00040FBE708B5FCF776FB08BDFCF768
:101E200073BBB3F1FF3F08BFB2F1FF3F70B5064689
:101E30001D46144614D01A4316D0002B08DBFCF7BD
:101E400063FB041941EB0501C6E90041304670BD52
:101E50006FF001031C1B4FF0FF3363EB0501F3E749
:101E60004FF0FF342146EFE70024FBE7B3F1FF3FDB
:101E700008BFB2F1FF3FF8B5074616461C4610D022
:101E800054EA020311D0FCF73FFBB0420A46A141DD
:101E900003460AD2F31A64EB0204C7E90034384659
:101EA000F8BD4FF0FF331C46F7E70023FBE70023A4
:101EB000C0E9081200F11802C0E90622C0E90033A7
:101EC00003634363704710B50446D0E918020B68FA
:101ED00012F0010F03EA000301D0984210D17BB148
:101EE0002366520742BF4A681A434A6004F1180049
:101EF000FCF7DAF90023C4F880302046FFF746FFEC
:101F0000002010BD0A46FCF7FDBC0A460021FCF784
:101F1000F9BC5200FCF740BD20B1011F50F8040C81
:101F2000F9F752B9704770470A44914200F1FF3304
:101F300000D1704710B511F8014B03F8014F9142E1
:101F4000F9D110BD02440346934200D1704703F813
:101F5000011BF9E710B5024601448A42134603D03B
:101F60001C780132002CF8D1181A10BDF0B5C3F15D
:101F700037070446FFB203F01F031046082BE6B2F2
:101F800033D0102B3ED06508A40844EA817445EA9A
:101F9000C1752D194FEA910242EB5102290941EA1C
:101FA00002716D1842EB1212290A41EA02616D18A2
:101FB00042EB1222290C41EA02416D1842EB124217
:101FC000AD1842F10002EC0844EA4274D10804EB77
:101FD0008402A6EB4205EDB2092D0CD90134A5F11E
:101FE0000A0541F10001EDB212E0E40844EA41744F
:101FF00006F00705C908303554EA010200F8015B14
:10200000BCD1F0BD240944EA017406F00F050909AA
:10201000092D84BFED19EDB2EDE7D1E90432934209
:0C2020001EBF5A1C0A61187070470000B7
:08202C00A6FFFE7F0100000089
:102034006D4400000000000000000000DC200100EE
:102044002DB100000000000071B20000000000008B
:1020540000000000F820010000000000142101002D
:102064004F160100000000009187000000000000EE
:102074003D40000000000000531601000000000075
:102084002DEC000000000000000000004C210100C5
:102094000000000068210100000000003021010060
:1020A40000000000D821010000000000842101008C
:1020B40000000000BC21010000000000A02101007C
:1020C400F551000000000000FD3100000000000098
:0820D400713100000000000062
:1020DC00D03D0100C02501002C240100F00300209C
:1020EC00D8110020A173000000000000343F010053
:1020FC00D025010080230100F2030020541200209F
:10210C00657C000000000000423F0100E425010056
:10211C0080230100F403002060120020657C000085
:10212C0000000000A83C01009C250100582501007E
:10213C00EC03002010020020215D000000000000D4
:10214C00593D01000000000074230100EE03002043
:10215C00000000003970000000000000503F01003A
:10216C00F8250100A4230100F6030020D40200206E
:10217C00C510010000000000A53F01000000000098
:10218C00F4230100F80300206C120020657F00008E
:10219C0000000000074001002C260100D82301009C
:1021AC00FA030020A6130020011301000000000018
:1021BC001140010034260100BC230100FC03002067
:1021CC0098120020318100000000000099410100AC
:1021DC005026010010240100FE030020E806002018
:0821EC00158300000000000053
:1021F400DD1901007F1601000000000041F9000014
:102204000000000041F90000D402002079AA000077
:102214000000000041F900000000000041F9000046
:10222400800100209910010015A400007F16010010
:102234000000000041F900000000000041F9000026
:102244000000000041F900000000000041F9000016
:10225400842101009D7E00000000000041F900007F
:102264000000000041F900000000000041F90000F6
:102274000000000041F90000000000006D8500002E
:102284000000000041F900000000000041F90000D6
:102294000000000041F900000000000041F90000C6
:1022A4000000000041F900000000000041F90000B6
:1022B4000000000041F900000000000041F90000A6
:1022C4000000000041F900000000000041F9000096
:1022D4000000000041F900000000000041F9000086
:1022E4000000000041F900000000000041F9000076
:1022F4000000000041F900000000000041F9000066
:102304000000000041F900000000000041F9000055
:102314000000000041F900000000000041F9000045
:102324000000000041F900000D6500007F16010067
:102334000000000041F900000000000041F9000025
:102344000000000041F900000000000041F9000015
:102354000000000041F900000000000041F9000005
:102364000000000041F900000000000041F90000F5
:0C237400FD6C00007D70000058020000AD
:102380005D7A0000411001004F100100671001004C
:10239000731001007F1001004D790000517800009A
:0423A0000000000039
:1023A400EB110100000000002F11010000000000EB
:0823B400000000001B120100F3
:1023BC00592300000000000000000000F71301008A
:1023CC002B140100000000000000000000000000C1
:1023DC00000000000000000031800000C97F0000F8
:1023EC0000000000000000000000000000000000E1
:1023FC0000000000B57E0000717E000000000000AF
:10240C0000000000000000000000000000000000C0
:10241C000F1601002D8200000000000000000000DB
:10242C00FD730000371001000510010000000000D2
:0C243C00C9720000000000000000000059
:102450000000000000000000981300200C000000A5
:102460000C00000000000000000000000000000060
:102470000338FDD8704700004C2101000001000422
:1024800000000002000000000C0000004C210100D0
:102490000101000400000103000000000C00000026
:1024A0004C210100020100040000020600000000AF
:1024B0000C0000004C210100030100040000030493
:1024C000000000000C0000004C2101000401000489
:1024D00000000400000000000C0000004C2101007E
:1024E0000601000400000601000000000C000000CE
:1024F0000000000021F90000780100207001002098
:102500006801002000000000600100203933000055
:102510002D32000081320000E13200000000002076
:102520000000000000000B06020000003025010042
:1025300000000000BD35010026000206000000205A
:10254000C535010022000B11A825010070040020F0
:10255000000000000000000000000000815E00009C
:10256000DD5C000091570000055C000000000000E9
:10257000315F0000A95E0000456A0000BD5C0000FC
:1025800000000000BD6A0000FD630000DD57000090
:10259000190F01004B0F0100430F01000000000064
:1025A00001000000515C0000730F010000000000FA
:1025B0005B0F01008D7200007973000000000000C5
:1025C000057500002D740000331001002510010076
:1025D000FFFF000000030050800100200000000009
:1025E00001000000FFFFFFFF0000005080010020FD
:1025F00000000000000000000000000000000000DB
:1026000000009801000001010511010010260100E1
:10261000003000401C2601000100000024260100BB
:10262000020000000C00000C0B00000B68210100F0
:10263000440000000D820000682101006A000000D3
:1026400011150100DD140100471501007B15010083
:102650004C21010005000000000000000000000007
:1026600000000000400D0300A086010000000000F3
:1026700000000000640000000000000008000000EE
:102680000300000034200100342001006C20010010
:1026900074200100CC200100DC2001000B5401005B
:1026A0000001000088130000FF8FFFFFFF8FFFFF76
:1026B000FE8FFFFFFE8FFFFFFD8FFFFFFC8FFFFFF1
:1026C000FC8FFFFF6D757465785F667265652063CA
:1026D000616C6C65642077697468204E554C4C20A1
:1026E000706172616D6574657200000043616E27F0
:1026F0007420696E697469616C697A65206D75749E
:1027000065782C20776173204E554C4C0D0A0000E3
:10271000436F756C64206E6F74206C6F636B2070F8
:102720006F7765722073617665206D7574657800CA
:102730000904020004000800100001000100080064
:102740000200040000000C001A0034006800D000F1
:10275000A00141038206040D081A0100537461723E
:1027600074696E6720424C45202B20414443202B46
:1027700020494D55206170706C69636174696F6E9A
:102780000A004144432064657669636520666F7280
:10279000206368616E6E656C202575206973206EFC
:1027A0006F742072656164790A0041444320636854
:1027B000616E6E656C2025752075736573206120D0
:1027C000646966666572656E742041444320646581
:1027D000766963650A00436F756C64206E6F7420C0
:1027E000636F6E6669677572652041444320636854
:1027F000616E6E656C2025752C206572726F72207B
:1028000025640A0053697820414443206368616E5F
:102810006E656C7320696E697469616C697A656450
:102820000A00494D55206465766963652069732007
:102830006E6F742072656164790A0043616E6E6F19
:10284000742073657420616363656C65726F6D6578
:10285000746572204F44522C206572726F7220256D
:10286000640A0043616E6E6F74207365742067792B
:10287000726F73636F7065204F44522C20657272C3
:102880006F722025640A00494D5520696E6974698C
:10289000616C697A656420617420257520487A0A24
:1028A0000023204552524F523A2041444320726542
:1028B0006164206661696C65642C206572726F7258
:1028C0002025640A0023204552524F523A20494D98
:1028D000552073616D706C65206665746368206651
:1028E00061696C65642C206572726F722025640AC0
:1028F0000023204552524F523A20416363656C6574
:10290000726F6D65746572207265616420666169BD
:102910006C65642C206572726F722025640A002336
:10292000204552524F523A204779726F73636F704D
:10293000652072656164206661696C65642C206540
:1029400072726F722025640A0025752C25642C256F
:10295000642C25642C25642C25642C25642C256C82
:102960006C642C256C6C642C256C6C642C256C6C54
:10297000642C256C6C642C256C6C640A0023204547
:1029800052524F523A2043535620726F7720666F4F
:10299000726D617474696E67206661696C6564202C
:1029A0006F7220776173207472756E6361746564F1
:1029B0000A00574553545F544F504449522F7A658B
:1029C000706879722F6C69622F686561702F686515
:1029D00061702E630028616C69676E202620286173
:1029E0006C69676E202D20312929203D3D20300063
:1029F000415353455254494F4E204641494C205B68
:102A000025735D20402025733A25640A0009616C16
:102A100069676E206D757374206265206120706F28
:102A2000776572206F6620320A00627974657320C0
:102A30002F203855203C3D2030783766666655009B
:102A400009686561702073697A6520697320746F05
:102A50006F206269670A006279746573203E20689E
:102A60006561705F666F6F7465725F6279746573BC
:102A7000286279746573290009686561702073693B
:102A80007A6520697320746F6F20736D616C6C0AB6
:102A900000686561705F737A203E206368756E6BB5
:102AA000737A2873697A656F6628737472756374B4
:102AB000207A5F686561702929006368756E6B30E4
:102AC0005F73697A65202B206D696E5F6368756E30
:102AD0006B5F73697A65286829203C3D20686561D1
:102AE000705F737A00574553545F544F50444952B6
:102AF0002F7A65706879722F696E636C7564652FC3
:102B00007A65706879722F6B65726E656C2E6800DD
:102B1000216B5F69735F7072655F6B65726E656C68
:102B2000282900096B5F63757272656E745F676553
:102B3000742063616C6C6564207072652D6B6572C6
:102B40006E656C0A00574553545F544F50444952C8
:102B50002F7A65706879722F6C69622F7574696C51
:102B6000732F6F6E6F66662E6300737461746520D9
:102B70003D3D20305500217379735F736C69737428
:102B80005F69735F656D70747928266D67722D3E7D
:102B9000636C69656E747329007472616E73697415
:102BA00020213D202828766F6964202A29302900B9
:102BB0007374617465203D3D202831554C203C3CA8
:102BC0002028312929006D67722D3E7265667320B9
:102BD0003D3D2030007374617465203D3D202831F7
:102BE000554C203C3C202830292900574553545F40
:102BF000544F504449522F7A65706879722F696E2C
:102C0000636C7564652F7A65706879722F7370696B
:102C10006E6C6F636B2E68007A5F7370696E5F75A0
:102C20006E6C6F636B5F76616C6964286C29000958
:102C30004E6F74206D79207370696E6C6F636B20BA
:102C400025700A007A5F7370696E5F6C6F636B5FEB
:102C500076616C6964286C290009496E76616C693B
:102C600064207370696E6C6F636B2025700A006D51
:102C700067722D3E72656673203E203000287374A3
:102C8000617465203D3D20282831554C203C3C2076
:102C900028322929207C202831554C203C3C2028F2
:102CA0003129292929207C7C2028737461746520AE
:102CB0003D3D20282831554C203C3C2028322929F4
:102CC000207C2030552929207C7C20287374617455
:102CD00065203D3D20282831554C203C3C202832A1
:102CE0002929207C202831554C203C3C20283029A3
:102CF00029292900574553545F544F504449522FB6
:102D00007A65706879722F6C69622F7574696C735B
:102D10002F6E6F746966792E63006364635F61630D
:102D20006D5F30006364635F61636D5F73657269DB
:102D3000616C002A2A2A20426F6F74696E67204DE9
:102D400079204170706C69636174696F6E207633AD
:102D50002E342E302D35666532616537343233635B
:102D600063202A2A2A0A002A2A2A205573696E67B4
:102D7000206E524620436F6E6E6563742053444B41
:102D80002076332E342E302D3939353533303535E4
:102D900036303762202A2A2A0A002A2A2A20557326
:102DA000696E67205A6570687972204F53207634B7
:102DB0002E342E302D6266383031653465336431FF
:102DC00039202A2A2A0A006D757465785F696E6950
:102DD000742063616C6C65642077697468204E555B
:102DE0004C4C20706172616D6574657200436F7543
:102DF0006C64206E6F7420616C6C6F63617465200D
:102E00006D75746578206265666F726520696E699C
:102E10007469616C697A696E670072302F61313A4A
:102E20002020307825303878202072312F61323AD6
:102E30002020307825303878202072322F61333AC4
:102E400020203078253038780A0072332F61343AE8
:102E50002020307825303878207231322F69703A4E
:102E60002020307825303878207231342F6C723A37
:102E700020203078253038780A0020787073723A34
:102E800020203078253038780A004661756C7469E6
:102E90006E6720696E737472756374696F6E2061FA
:102EA00064647265737320287231352F7063293A18
:102EB000203078253038780A00556E68616E646C71
:102EC0006564204952516E3A2025640A002A2A2A54
:102ED0002A2A205553414745204641554C54202A23
:102EE0002A2A2A2A0A0020204469766973696F6EAB
:102EF000206279207A65726F0A002020556E616C1D
:102F000069676E6564206D656D6F727920616363BA
:102F10006573730A0020204E6F20636F70726F63B9
:102F20006573736F7220696E737472756374696F01
:102F30006E730A002020496C6C6567616C206C6FB1
:102F40006164206F66204558435F52455455524E88
:102F500020696E746F2050430A002020496C6C6514
:102F600067616C20757365206F6620746865204505
:102F70005053520A002020417474656D707420749F
:102F80006F206578656375746520756E6465666924
:102F90006E656420696E737472756374696F6E0A0E
:102FA000002A2A2A2A2A20425553204641554C54A9
:102FB000202A2A2A2A2A0A002020537461636B6976
:102FC0006E67206572726F720A002020556E7374EE
:102FD00061636B696E67206572726F720A002020F0
:102FE00050726563697365206461746120627573F2
:102FF000206572726F720A002020424641522041C1
:103000006464726573733A20307825780A00202052
:10301000496D7072656369736520646174612062D3
:103020007573206572726F720A002020496E737486
:1030300072756374696F6E20627573206572726F4A
:10304000720A002020466C6F6174696E672D706F84
:10305000696E74206C617A79207374617465207074
:103060007265736572766174696F6E206572726FD6
:10307000720A002A2A2A2A2A204D505520464155F4
:103080004C54202A2A2A2A2A0A00202053746163D9
:103090006B696E67206572726F722028636F6E7441
:1030A0006578742061726561206D6967687420625B
:1030B00065206E6F742076616C6964290A00202097
:1030C00044617461204163636573732056696F6C5A
:1030D0006174696F6E0A0020204D4D4641522041B7
:1030E0006464726573733A20307825780A00202072
:1030F000496E737472756374696F6E2041636365A2
:1031000073732056696F6C6174696F6E0A0057455E
:1031100053545F544F504449522F7A657068797206
:103120002F617263682F61726D2F636F72652F63F9
:103130006F727465785F6D2F6661756C742E6300B5
:10314000212828285343425F54797065202A29207A
:10315000282830784530303045303030554C2920E3
:103160002B20307830443030554C2920292D3E43D7
:103170004653522026202831554C203C3C202830F4
:1031800055202B2034552929290009537461636B7C
:10319000696E67206F7220446174612041636365CA
:1031A00073732056696F6C6174696F6E20657272FB
:1031B0006F7220776974686F757420737461636BC4
:1031C0002067756172642C20757365722D6D6F6454
:1031D00065206F72206E756C6C2D706F696E7465F2
:1031E0007220646574656374696F6E0A0A005265C3
:1031F00073657276656420457863657074696F6E77
:1032000020280053707572696F757320696E74653C
:1032100072727570742028495251200053505345E2
:103220004C20696E20746872656164206D6F6465FE
:1032300020646F6573206E6F7420696E64696361CA
:103240007465205053500A0065736620213D202884
:1032500028766F6964202A293029000945534620C1
:10326000636F756C64206E6F742062652072657484
:1032700072696576656420737563636573736675DB
:103280006C6C792E205368616C6C206E657665726B
:10329000206F636375722E0A002A2A2A2A2A204880
:1032A000415244204641554C54202A2A2A2A2A0AAF
:1032B000002020427573206661756C74206F6E204B
:1032C000766563746F72207461626C6520726561EB
:1032D000640A0020204465627567206576656E7417
:1032E0000A0020204661756C7420657363616C610F
:1032F00074696F6E20287365652062656C6F77292D
:103300000A00415243485F4558434550542077696D
:10331000746820726561736F6E2025780A0A00094F
:103320004661756C7420657363616C6174696F6E5E
:1033300020776974686F75742046535220696E66F1
:103340006F0A0009486172644661756C7420776980
:1033500074686F7574204846535220696E666F20FA
:103360005368616C6C206E65766572206F6363755F
:10337000720A002A2A2A2A2A204465627567206D6B
:103380006F6E69746F7220657863657074696F6EB3
:10339000202A2A2A2A2A0A002A2A2A2A2A202573A7
:1033A00020256429202A2A2A2A2A0A00574553540C
:1033B0005F544F504449522F7A65706879722F617B
:1033C0007263682F61726D2F636F72652F636F7206
:1033D0007465785F6D2F6972715F6D616E6167658D
:1033E0002E63007072696F203C3D20282831554CB7
:1033F000203C3C2028332929202D2031290009692F
:103400006E76616C6964207072696F72697479207C
:10341000256420666F7220256420697271212076F0
:10342000616C756573206D757374206265206C65C1
:103430007373207468616E20256C750A0A00574505
:1034400053545F544F504449522F7A6570687972D3
:103450002F617263682F61726D2F636F72652F6DBC
:1034600070752F61726D5F6D70752E630009436F0B
:103470006E6669677572696E672025752073746161
:10348000746963204D505520726567696F6E7320B3
:103490006661696C65640A0A000952657175657335
:1034A0007420746F20636F6E6669677572653A2069
:1034B000257520726567696F6E732028737570704B
:1034C0006F727465643A202575290A0A00212872F2
:1034D0006567696F6E5B6964785D2E64745F6174A3
:1034E00074722026202831554C203C3C202830295D
:1034F0002929000952414D5F4E4F43414348452021
:10350000776974682044545F4D454D5F434143489B
:103510004541424C45206174747269627574650A54
:103520000A00094661696C656420746F20616C6CE7
:103530006F63617465204D505520726567696F6EC9
:10354000732066726F6D2044540A0A002828284DA3
:1035500050555F54797065202A29202828307845F5
:1035600030303045303030554C29202B20307830E9
:10357000443930554C2920292D3E54595045202698
:10358000202830784646554C203C3C203855292987
:10359000203E3E203855203D3D20380009496E76BA
:1035A000616C6964206E756D626572206F66204D76
:1035B000505520726567696F6E730A0A00464C4168
:1035C00053485F30005352414D5F300057455354CC
:1035D0005F544F504449522F7A65706879722F6C4E
:1035E00069622F6E65745F6275662F6275662E6301
:1035F000006275662D3E6672616773203D3D20282E
:1036000028766F6964202A29302900706F6F6C005A
:103610007265715F73697A65203C3D2073697A65D4
:10362000006C69737400627566006275662D3E7287
:103630006566000962756620257020646F75626C8E
:103640006520667265650A00706172656E7400704F
:103650006172656E742D3E6672616773007061728F
:10366000656E742D3E6672616773203D3D20667203
:10367000616700574553545F544F504449522F7A65
:1036800065706879722F6C69622F6E65745F627500
:10369000662F6275665F73696D706C652E6300627C
:1036A00075662D3E6C656E203D3D203055006E6583
:1036B000745F6275665F73696D706C655F74616974
:1036C0006C726F6F6D2862756629203E3D206C65B7
:1036D0006E006275662D3E6C656E203E3D206C6509
:1036E0006E00574553545F544F504449522F7A65EA
:1036F000706879722F7375627379732F7573622F87
:103700006465766963655F6E6578742F757362644E
:103710005F6465766963652E6300094E6F7420737C
:103720007570706F727465642073706565640A00EB
:10373000574553545F544F504449522F7A6570682F
:1037400079722F696E636C7564652F7A657068791C
:10375000722F647269766572732F7573622F756448
:10376000632E6800574553545F544F504449522FBD
:103770007A65706879722F7375627379732F7573B8
:10378000622F6465766963655F6E6578742F757303
:1037900062645F6368392E63006173636969375FD0
:1037A0007374725B695D203E203078314620262696
:1037B000206173636969375F7374725B695D203C74
:1037C000203078374600094F6E6C79207072696E30
:1037D0007461626C652061736369692D3720636869
:1037E00061726163746572732061726520616C6CD3
:1037F0006F77656420696E20555342207374726937
:103800006E672064657363726970746F72730A0007
:10381000574553545F544F504449522F7A6570684E
:1038200079722F7375627379732F7573622F646564
:10383000766963655F6E6578742F757362645F6324
:103840006F72652E63007564735F63747820213D29
:10385000202828766F6964202A29302920262620EE
:10386000757362645F69735F696E697469616C69BD
:103870007A6564287564735F637478290009555309
:103880004220646576696365206973206E6F7420D9
:10389000696E697469616C697A65640A007573623E
:1038A0006400635F6E64203C3D205F757362645FFB
:1038B000636C6173735F66735F6C6973745F656E6D
:1038C000640009756E6578706563746564206C6961
:1038D000737420656E64206C6F636174696F6E0A27
:1038E00000635F6E64203C3D205F757362645F63BC
:1038F0006C6173735F68735F6C6973745F656E642A
:1039000000574553545F544F504449522F7A6570C5
:103910006879722F7375627379732F7573622F6470
:1039200065766963655F6E6578742F757362645F31
:10393000636C6173732E6300574553545F544F504B
:103940004449522F7A65706879722F737562737962
:10395000732F7573622F6465766963655F6E657832
:10396000742F757362645F656E64706F696E742E18
:1039700063000943616E6E6F742064657465726DD7
:10398000696E6520624D61785061636B657453693F
:103990007A65302028756E737570706F7274656407
:1039A000207370656564290A00574553545F544F6E
:1039B000504449522F7A65706879722F737562731B
:1039C00079732F7573622F6465766963655F6E65C1
:1039D00078742F757362645F6D73672E63006E6F0A
:1039E000646520213D202828766F6964202A2930CB
:1039F000290009736C69737420617070656172735A
:103A000020746F20626520656D7074790A00094624
:103A100061696C656420746F207363686564756C9C
:103A20006520776F726B0A00574553545F544F50AF
:103A30004449522F7A65706879722F64726976658D
:103A400072732F7573622F7564632F7564635F6E75
:103A500072662E6300212828657020262030784663
:103A600029203E3D20382900282828286570202656
:103A7000203078383029203D3D20307838302920DA
:103A80002626202828657020262030784629203CCC
:103A900020392929207C7C20282828657020262090
:103AA0003078383029203D3D203029202626202816
:103AB00028657020262030784629203C2039292985
:103AC000290021286D5F65705F61726D6564202635
:103AD000202831554C203C3C202865705F62697479
:103AE000706F73292929207C7C2021286D5F6570E7
:103AF0005F72656164792026202831554C203C3C5A
:103B0000202865705F626974706F73292929000924
:103B100049534F20494E206D757374206E6F742089
:103B200062652061726D656420616E6420726561FA
:103B300064790A0021286D5F65705F61726D65644C
:103B40002026202831554C203C3C202865705F629F
:103B50006974706F732929290009657020307825F0
:103B600030327820616C72656164792061726D65B4
:103B7000640A0021286D5F65705F646D615F776125
:103B80006974696E672026202831554C203C3C2002
:103B90002865705F626974706F732929290009654F
:103BA000702030782530327820616C7265616479DC
:103BB0002077616974696E670A007564635F6E726D
:103BC000667800636667007564635F6765745F624B
:103BD00075665F696E666F28627566292D3E646141
:103BE00074610009455030494E2062756620697342
:103BF000206E6F7420646174610A007564635F678E
:103C000065745F6275665F696E666F2862756629A6
:103C10002D3E73746174757300094550304F5554CF
:103C200020627566206973206E6F742073746174EE
:103C300075730A00216E72665F757362645F6C65EE
:103C4000676163795F73757370656E645F636865E0
:103C5000636B2829007061796C6F61645F6C656EBD
:103C6000203C3D203634006E7266785F69735F6970
:103C70006E5F72616D287061796C6F61645F6275EF
:103C80006629006B5F73656D5F636F756E745F6748
:103C900065742826646D615F617661696C61626C30
:103CA0006529203D3D203100757362644034303019
:103CB000323730303000574553545F544F504449E9
:103CC000522F7A65706879722F64726976657273A3
:103CD0002F6164632F6164635F636F6D6D6F6E2E20
:103CE00063006764702D3E6D756C20213D203000AF
:103CF0006764702D3E64697620213D203000574571
:103D000053545F544F504449522F7A65706879720A
:103D10002F647269766572732F6164632F616463C7
:103D20005F6E7266785F73616164632E63002869F9
:103D30006E74657276616C5F7573203C3D20313224
:103D40003855292026262028696E74657276616CA4
:103D50005F7573203E203029006164634034303049
:103D6000303730303000574553545F544F5044493A
:103D7000522F7A65706879722F64726976657273F2
:103D80002F636C6F636B5F636F6E74726F6C2F6306
:103D90006C6F636B5F636F6E74726F6C5F6E726675
:103DA0002E630074797065203C20434C4F434B5F79
:103DB000434F4E54524F4C5F4E52465F54595045FC
:103DC0005F434F554E5400657272203E3D203000D7
:103DD000636C6F636B4034303030303030300057BC
:103DE0004553545F544F504449522F7A6570687957
:103DF000722F647269766572732F636C6F636B5F89
:103E0000636F6E74726F6C2F6E72665F636C6F633C
:103E10006B5F63616C6962726174696F6E2E6300BF
:103E2000574553545F544F504449522F7A65706838
:103E300079722F696E636C7564652F7A6570687925
:103E4000722F647269766572732F6770696F2F675E
:103E500070696F5F7574696C732E680063616C6C58
:103E60006261636B00094E6F2063616C6C62616319
:103E70006B210A0063616C6C6261636B2D3E68614B
:103E80006E646C657200094E6F2063616C6C6261D8
:103E9000636B2068616E646C6572210A005745533C
:103EA000545F544F504449522F6D6F64756C657365
:103EB0002F68616C2F6E6F726469632F6E72667803
:103EC0002F68616C2F6E72665F6770696F2E680075
:103ED0006E72665F6770696F5F70696E5F70726542
:103EE00073656E745F636865636B282A705F7069C1
:103EF0006E2900574553545F544F504449522F7A0E
:103F000065706879722F647269766572732F677055
:103F1000696F2F6770696F5F6E7266782E630065D8
:103F20007272203D3D20300063622D3E68616E64F8
:103F30006C6572006770696F4035303030303330F7
:103F400030006770696F40353030303030303000CD
:103F500069326340343030303330303000574553AD
:103F6000545F544F504449522F7A65706879722FCC
:103F7000647269766572732F73656E736F722F6EDC
:103F80006F726469632F74656D702F74656D705FF7
:103F90006E7266352E6300646174612D3E636C6BD6
:103FA0005F6D67720074656D70403430303063301F
:103FB000303000574553545F544F504449522F7A84
:103FC00065706879722F647269766572732F736594
:103FD0006E736F722F73656E736972696F6E2F7374
:103FE00068743378642F7368743378642E63006365
:103FF00068616E203D3D2053454E534F525F43480C
:10400000414E5F414C4C00736874337864403434E3
:10401000006C736D3664733374722D6340366100C7
:10402000574553545F544F504449522F7A65706836
:1040300079722F647269766572732F73656E736F10
:10404000722F766F6C746167655F64697669646509
:10405000722F766F6C746167652E630076616C20D9
:10406000213D202828766F6964202A2930290057AD
:104070004553545F544F504449522F7A65706879C4
:10408000722F696E636C7564652F7A6570687972DA
:104090002F647269766572732F6770696F2E68007E
:1040A00028666C616773202620282831203C3C203C
:1040B0003429207C202831203C3C20352929292006
:1040C000213D20282831203C3C203429207C2028F8
:1040D00031203C3C20352929000950756C6C205555
:1040E0007020616E642050756C6C20446F776E2078
:1040F00073686F756C64206E6F7420626520656EE6
:1041000061626C65642073696D756C74616E656F56
:1041100075736C790A0028666C6167732026202805
:1041200031203C3C2031292920213D2030207C7C3D
:104130002028666C6167732026202831203C3C20B3
:10414000322929203D3D203000286366672D3E70CE
:104150006F72745F70696E5F6D61736B20262028CB
:104160006770696F5F706F72745F70696E735F7490
:10417000292831554C203C3C202870696E2929297A
:1041800020213D2030550009556E737570706F7297
:104190007465642070696E0A0076626174740057F9
:1041A0004553545F544F504449522F6D6F64756CA2
:1041B00065732F68616C2F6E6F726469632F6E7206
:1041C00066782F647269766572732F7372632F6ECF
:1041D0007266785F636C6F636B2E63006D5F636CF8
:1041E0006F636B5F63622E6D6F64756C655F696E84
:1041F000697469616C697A656400574553545F540A
:104200004F504449522F6D6F64756C65732F686110
:104210006C2F6E6F726469632F6E7266782F647292
:1042200069766572732F7372632F6E7266785F633F
:104230006C6F636B5F6866636C6B2E6300574553EE
:10424000545F544F504449522F6D6F64756C6573C1
:104250002F68616C2F6E6F726469632F6E7266785F
:104260002F647269766572732F7372632F6E726634
:10427000785F636C6F636B5F6C66636C6B2E63005F
:10428000574553545F544F504449522F6D6F6475D6
:104290006C65732F68616C2F6E6F726469632F6E2B
:1042A0007266782F647269766572732F7372632FEA
:1042B0006E7266785F6770696F74652E630057452C
:1042C00053545F544F504449522F6D6F64756C6561
:1042D000732F68616C2F6E6F726469632F6E7266E4
:1042E000782F68616C2F6E72665F6770696F746596
:1042F0002E6800696E646578203C203800705F6924
:104300006E7374616E63650070696E5F6861735F80
:104310007472696767657228705F696E7374616E25
:1043200063652C2070696E2900696E745F656E612B
:10433000626C6500574553545F544F504449522FA7
:104340006D6F64756C65732F68616C2F6E6F72642E
:1043500069632F6E7266782F647269766572732F47
:104360007372632F6E7266785F706F7765722E63FB
:1043700000705F636F6E66696720213D2028287694
:104380006F6964202A293029006D5F706F6677613C
:10439000726E5F68616E646C657220213D20282812
:1043A000766F6964202A293029006D5F736C65651A
:1043B000706576745F68616E646C657220213D2063
:1043C0002828766F6964202A293029006D5F75736B
:1043D000626576745F68616E646C657220213D2051
:1043E0002828766F6964202A2930290057455354BC
:1043F0005F544F504449522F6D6F64756C65732F35
:1044000068616C2F6E6F726469632F6E7266782FAD
:10441000647269766572732F7372632F6E72667839
:104420005F73616164632E630063685F746F5F61D3
:10443000637469766174655F6D61736B20262620F5
:104440002863685F746F5F61637469766174655F28
:104450006D61736B203C202831203C3C2038292999
:1044600000705F6368616E6E656C2D3E70696E5F93
:104470007020213D204E5246585F414E414C4F47DF
:104480005F494E5055545F44495341424C454400A6
:10449000574553545F544F504449522F6D6F6475C4
:1044A0006C65732F68616C2F6E6F726469632F6E19
:1044B0007266782F68616C2F6E72665F73616164DB
:1044C000632E68006368616E6E656C203C20380066
:1044D000286D5F63622E73616164635F73746174DE
:1044E0006520213D204E52465F53414144435F5376
:1044F000544154455F554E494E495449414C495ADF
:1045000045442920262620705F6368616E6E656CC5
:10451000006D5F63622E73616164635F73746174C5
:104520006520213D204E52465F53414144435F5335
:10453000544154455F554E494E495449414C495A9E
:10454000454400286D5F63622E73616164635F732D
:104550007461746520213D204E52465F53414144B1
:10456000435F53544154455F554E494E4954494168
:104570004C495A45442920262620705F636F6E6699
:10458000696700286363203E3D203830554C292060
:10459000262620286363203C3D2032303437554C9A
:1045A0002900286D5F63622E73616164635F7374B9
:1045B00061746520213D204E52465F534141444382
:1045C0005F53544154455F554E494E495449414CFF
:1045D000495A45442920262620286D5F63622E73A0
:1045E000616164635F737461746520213D204E5284
:1045F000465F53414144435F53544154455F4944EE
:104600004C452900574553545F544F504449522F4D
:104610006D6F64756C65732F68616C2F6E6F72645B
:1046200069632F6E7266782F647269766572732F74
:104630007372632F6E7266785F7477692E63007091
:104640005F696E7374616E636520262620705F63F8
:104650006F6E66696700705F636F6E6669672D3E97
:1046600073636C20213D20705F636F6E6669672DF8
:104670003E73646100705F63622D3E7374617465A4
:10468000203D3D204E5246585F4452565F535441A0
:1046900054455F494E495449414C495A454400707C
:1046A0005F63622D3E737461746520213D204E521C
:1046B00046585F4452565F53544154455F554E49E6
:1046C0004E495449414C495A45440028705F636241
:1046D0002D3E7374617465203D3D204E5246585FF7
:1046E0004452565F53544154455F504F57455245CD
:1046F000445F4F4E29202626202828705F78666563
:10470000725F646573632D3E705F7072696D617274
:10471000795F62756620213D202828766F696420C4
:104720002A29302929207C7C2028705F78666572D0
:104730005F646573632D3E7072696D6172795F6C41
:10474000656E677468203D3D20302929202626208B
:104750002828705F786665725F646573632D3E70AC
:104760005F7365636F6E646172795F627566202145
:104770003D202828766F6964202A29302929207C49
:104780007C2028705F786665725F646573632D3E78
:104790007365636F6E646172795F6C656E67746870
:1047A000203D3D2030292920262620212828705F01
:1047B00063622D3E68616E646C6572203D3D202809
:1047C00028766F6964202A29302929202626202866
:1047D000705F786665725F646573632D3E7479708F
:1047E00065203D3D204E5246585F5457495F58461C
:1047F00045525F545852582929202626202128281E
:10480000705F63622D3E68616E646C6572203D3D31
:10481000202828766F6964202A2930292920262615
:104820002028705F786665725F646573632D3E74DF
:10483000797065203D3D204E5246585F5457495F80
:10484000584645525F5458545829290057455354E7
:104850005F544F504449522F7A65706879722F6BBC
:1048600065726E656C2F6465766963652E63007290
:1048700063203E3D202D283078666629202626209C
:104880007263203C203000096465766963652025E9
:104890007320696E69743A20696E76616C69642070
:1048A0006572726F7220282564290A005745535497
:1048B0005F544F504449522F7A65706879722F6B5C
:1048C00065726E656C2F666174616C2E6300726533
:1048D00061736F6E20213D204B5F4552525F4B4507
:1048E000524E454C5F50414E494300094174746536
:1048F0006D7074656420746F207265636F76657285
:104900002066726F6D2061206B65726E656C207021
:10491000616E696320636F6E646974696F6E0A000B
:10492000574553545F544F504449522F7A6570682D
:1049300079722F6B65726E656C2F696E69742E6368
:10494000007468726561645F64617461203C3D203D
:104950005F5F7374617469635F7468726561645FDB
:10496000646174615F6C6973745F656E6400646533
:1049700076203C3D205F6465766963655F6C697392
:10498000745F656E64006D61696E00574553545FD6
:10499000544F504449522F7A65706879722F6B6575
:1049A000726E656C2F6B686561702E630021617299
:1049B00063685F69735F696E5F6973722829207C21
:1049C0007C20282874696D656F7574292E7469635D
:1049D0006B73203D3D202828286B5F74696D656FDF
:1049E00075745F74297B307D29292E7469636B731C
:1049F0002900090A0068656170203C3D205F6B5FFB
:104A0000686561705F6C6973745F656E64005745BB
:104A100053545F544F504449522F7A6570687972ED
:104A20002F6B65726E656C2F6D656D5F736C616267
:104A30002E6300736C6162203C3D205F6B5F6D658F
:104A40006D5F736C61625F6C6973745F656E640047
:104A500028736C61622D3E667265655F6C69737464
:104A6000203D3D202828766F6964202A293029209E
:104A7000262620736C61622D3E696E666F2E6E7500
:104A80006D5F75736564203D3D20736C61622D3EE2
:104A9000696E666F2E6E756D5F626C6F636B7329E6
:104AA000207C7C20736C61625F7074725F69735FDD
:104AB000676F6F6428736C61622C20736C61622D68
:104AC0003E667265655F6C697374290009736C6179
:104AD0006220636F7272757074696F6E20646574A2
:104AE00065637465640A0009496E76616C696420C7
:104AF0006D656D6F727920706F696E74657220706C
:104B0000726F76696465640A00574553545F544F69
:104B1000504449522F7A65706879722F6B65726EB6
:104B2000656C2F696E636C7564652F6B7363686564
:104B3000642E680021617263685F6972715F756ECF
:104B40006C6F636B6564286B6579290074687265A6
:104B500061642D3E626173652E70656E6465645F8D
:104B60006F6E00574553545F544F504449522F7A4B
:104B700065706879722F6B65726E656C2F69646CF5
:104B8000652E63005F6B65726E656C2E6370757366
:104B90005B305D2E63757272656E742D3E6261735B
:104BA000652E7072696F203E3D203000574553548A
:104BB0005F544F504449522F7A65706879722F6B59
:104BC00065726E656C2F6D73675F712E6300286D63
:104BD0007367712D3E77726974655F707472203EE1
:104BE0003D206D7367712D3E6275666665725F73F9
:104BF000746172742920262620286D7367712D3EFA
:104C000077726974655F707472203C3D20286D7303
:104C100067712D3E6275666665725F656E64202DF4
:104C20002031292920262620282873697A655F7477
:104C3000292875696E747074725F7429286D7367A2
:104C4000712D3E6275666665725F656E64202D200B
:104C50006D7367712D3E77726974655F7074722928
:104C6000203E3D206D7367712D3E6D73675F7369E4
:104C70007A652900574553545F544F504449522F89
:104C80007A65706879722F6B65726E656C2F6D75C1
:104C90007465782E630021617263685F69735F6970
:104CA0006E5F697372282900096D75746578657384
:104CB0002063616E6E6F7420626520757365642079
:104CC000696E7369646520495352730A006D757487
:104CD00065782D3E6C6F636B5F636F756E74203EFD
:104CE00020305500574553545F544F504449522F7C
:104CF0007A65706879722F6B65726E656C2F73655B
:104D00006D2E63002828617263685F69735F696E46
:104D10005F6973722829203D3D203029207C7C204A
:104D2000282874696D656F7574292E7469636B73B7
:104D3000203D3D202828286B5F74696D656F757470
:104D40005F74297B307D29292E7469636B7329294F
:104D500000574553545F544F504449522F7A657061
:104D60006879722F6B65726E656C2F776F726B2E20
:104D70006300776F726B2D3E717565756520213DFF
:104D8000202828766F6964202A29302900776F72DD
:104D90006B2D3E68616E646C657220213D20282871
:104DA000766F6964202A2930290021666C61675F6B
:104DB00074657374282671756575652D3E666C6122
:104DC00067732C204B5F574F524B5F5155455545EC
:104DD0005F535441525445445F4249542900717510
:104DE00065756500737461636B0064776F726B2027
:104DF000213D202828766F6964202A293029005710
:104E00004553545F544F504449522F7A6570687926
:104E1000722F6B65726E656C2F7468726561642E9B
:104E20006300282828287072696F2929203D3D20B9
:104E30003135202626207A5F69735F69646C655F6F
:104E40007468726561645F656E7472792828656E36
:104E5000747279292929207C7C2028282831352042
:104E60002D203129203E3D2028282D313629292981
:104E70002026262028287072696F2929203E3D208F
:104E800028282D31362929202626202828707269C5
:104E90006F2929203C3D20283135202D203129291A
:104EA000290009696E76616C6964207072696F729D
:104EB00069747920282564293B20616C6C6F7765C3
:104EC000642072616E67653A20256420746F202526
:104ED000640A000954687265616473206D61792009
:104EE0006E6F742062652063726561746564206909
:104EF0006E20495352730A00574553545F544F5024
:104F00004449522F7A65706879722F6B65726E65AD
:104F10006C2F73636865642E6300217A5F69735F29
:104F200069646C655F7468726561645F6F626A650D
:104F30006374287468726561642900574553545F2F
:104F4000544F504449522F7A65706879722F6B65BF
:104F5000726E656C2F696E636C7564652F6B746817
:104F6000726561642E68005F6B65726E656C2E639E
:104F70007075735B305D2E63757272656E7420217F
:104F80003D202828766F6964202A2930290021696C
:104F9000735F7468726561645F64756D6D792874A0
:104FA00068726561642900574553545F544F5044FB
:104FB00049522F7A65706879722F6B65726E656CD5
:104FC0002F696E636C7564652F6B737761702E68E3
:104FD00000617263685F6972715F756E6C6F636B9D
:104FE0006564286B657929207C7C205F6B65726E17
:104FF000656C2E637075735B305D2E6375727265C0
:105000006E742D3E626173652E7468726561645FB3
:10501000737461746520262028282831554C203C63
:105020003C202830292929207C20282831554C2053
:105030003C3C202833292929290009436F6E7465D7
:10504000787420737769746368696E67207768691C
:105050006C6520686F6C64696E67206C6F636B2190
:105060000A0073697A656F66285F73636865645FB9
:105070007370696E6C6F636B29203D3D2030207C1E
:105080007C206C6F636B20213D20265F7363686515
:10509000645F7370696E6C6F636B005F6B65726EDB
:1050A000656C2E637075735B305D2E63757272650F
:1050B0006E742D3E626173652E73636865645F6C08
:1050C0006F636B656420213D203155005F6B657215
:1050D0006E656C2E637075735B305D2E63757272D6
:1050E000656E742D3E626173652E73636865645FDF
:1050F0006C6F636B656420213D2030550021746521
:10510000726D696E617465000961626F72746564C5
:10511000205F63757272656E74206261636B2066D6
:10512000726F6D20646561640A0021657373656E3A
:105130007469616C000961626F72746564206573E3
:1051400073656E7469616C20746872656164202592
:10515000700A00574553545F544F504449522F7AB8
:1051600065706879722F6B65726E656C2F74696DEE
:1051700065736C6963696E672E6300282874696DB6
:10518000656F75742920262620282875696E74702D
:1051900074725F742928736C6963655F74696D65E7
:1051A0006F7574732929203C3D20282875696E7419
:1051B0007074725F74292874696D656F757429291C
:1051C00020262620282875696E747074725F7429F1
:1051D0002874696D656F75742929203C202828750D
:1051E000696E747074725F7429282628736C696301
:1051F000655F74696D656F757473295B28287369C1
:105200007A655F7429282828696E742973697A651C
:105210006F6628636861725B31202D202832202A56
:10522000202128215F5F6275696C74696E5F7479F3
:105230007065735F636F6D70617469626C655F70D8
:10524000285F5F747970656F665F5F28736C696350
:10525000655F74696D656F757473292C205F5F7469
:105260007970656F665F5F282628736C6963655F78
:1052700074696D656F757473295B305D29292929FF
:105280005D29202D203129202B202873697A656F14
:105290006628736C6963655F74696D656F75747397
:1052A00029202F2073697A656F662828736C6963DB
:1052B000655F74696D656F757473295B305D29294D
:1052C00029295D29292026262028282875696E7419
:1052D0007074725F74292874696D656F75742929FB
:1052E000202D20282875696E747074725F742928C7
:1052F000736C6963655F74696D656F757473292973
:105300002920252073697A656F662828736C696384
:10531000655F74696D656F757473295B305D2920F5
:105320003D3D20302900574553545F544F50444968
:10533000522F7A65706879722F6B65726E656C2F6B
:1053400074696D656F75742E6300217379735F6482
:105350006E6F64655F69735F6C696E6B6564282648
:10536000746F2D3E6E6F64652900574553545F542A
:105370004F504449522F7A65706879722F6B65726D
:105380006E656C2F6576656E74732E63005745539A
:10539000545F544F504449522F7A65706879722F88
:1053A0006B65726E656C2F6D656D706F6F6C2E63C3
:1053B00000616C69676E203D3D2030207C7C202898
:1053C0002875696E747074725F74296D656D20261E
:1053D0002028616C69676E202D20312929203D3DF0
:1053E000203000096D6973616C69676E6564206DBA
:1053F000656D6F72792061742025702028616C6959
:10540000676E203D20257A75290A00737973776FBE
:10541000726B7100286E756C6C29002A666C6F6166
:10542000742A00465320436F6E6669677572617413
:10543000696F6E004344432041434D207365726998
:10544000616C206261636B656E64005A6570687997
:10545000722050726F6A65637400303132333435B4
:1054600036373839414243444546000601050104B8
:105470000107020301050202010302050401010103
:10548000020103010401060108010C0110011801C9
:1054900020014001800001020304050607002030BE
:1054A0003030303030303030303030303000010982
:0C54B0000000000D0102030405060708BF
:1054BC000000000089540000000000000001000002
:1054CC0000000000000000000000000000000000D0
:1054DC0000000000000000000000000000000000C0
:1054EC000000000034000020340000200000000008
:1054FC0001000000440000204400002000000000D7
:10550C00010000000000000000000000000000008E
:10551C00000000000000000000000000000000007F
:10552C00000000000000000000000000000000006F
:10553C00000000000000000000000000000000005F
:10554C00000000000000000000000000000000004F
:10555C00000000000000000000000000000000003F
:10556C00000000000000000000000000000000002F
:10557C00000000000000000000000000000000001F
:10558C00D3F7000000000000D0030020E80000204A
:10559C0000000000000000000000000000000000FF
:1055AC00000401000000000023540100220300004D
:1055BC0000000000000000000003030000000000D9
:1055CC0000000000000300000000000000000000CC
:1055DC000002010000000000345401002E03000002
:1055EC0000000000000000000001010000000000AD
:1055FC004B5401001E0300000000000000000000DE
:10560C00000000000000000030270100040300002F
:10561C009C0400203A000000B00400203A00000076
:10562C00880400203A000000C40400203A00000066
:10563C0000600040000000000000000000000000BE
:10564C00000000000000000000000000000000004E
:10565C00000000000000000000000000000000003E
:10566C00000000000000000000000000000000002E
:10567C00000000000000000000000000000000001E
:10568C00000000000000000000000000000000000E
:10569C0000000000000000000000000000000000FE
:1056AC0000000000000000000000000000000000EE
:1056BC0000000000000000000000000000000000DE
:1056CC0000000000000000000000000000000000CE
:1056DC0000000000000000000000000000000000BE
:1056EC0000000000000000000000000000000000AE
:1056FC00000000000000000000000000000000009E
:10570C00000000000000000000000000000000008D
:10571C00000000000000000000000000000000007D
:10572C00000000000000000000000000000000006D
:10573C00000000000000000000000000000000005D
:10574C0000000000940200209402002000000000E1
:10575C00000000000E00000000000000000000002F
:10576C00000000000000000000000000000000002D
:10577C000000000000000000517700000000000055
:10578C00000000000030004000000000000000009D
:10579C0000000000000000000000000000000000FD
:1057AC0000000000000000000000000000000000ED
:1057BC0000000000000000000000000000000000DD
:1057CC000000000000000000180300201803002057
:1057DC000100000001000000280300202803002025
:1057EC000000000001000000000000000090D00349
:1057FC00FF00000090020000480300204803002036
:10580C000000000091EC0000AC030020A403002079
:10581C009C0300200000000094030020ADED00006C
:10582C00F9EC00002DED000075ED00008403002064
:10583C008C0300207C1300203A00003A80130020D7
:10584C003A00003A841300203A00003A88130020F2
:10585C003A00003A8C1300203A00003A90130020D2
:10586C003A00003A7C03002080030020C40300208F
:10587C0068030020600300205C0300205803002014
:10588C0009020000000100807D12010002EF0201FC
:0B589C0040E32F0400040400000000A3
:1058A70000000000000000000000000000000000F1
:0558B7000000000000EC
:1058BC000000000000000000A5E500000000000052
:1058CC000000000000000000180400201804002054
:1058DC003D1001000000000000000000000000006E
:0858EC000000000000000000B4
:1058F400380400203804002000000000C0370020D5
:10590400000000000800000010000000000000007B
:1059140000000000002700204408000000000000F0
:1059240000000000000000000000000040380020DB
:10593400000400000000000000000000000000005F
:1059440088040020880400200000000000000000FB
:105954000E0000009C0400209C04002000000000B5
:10596400000000000E000000B0040020B00400207D
:1059740000000000000000000E000000C40400202D
:10598400C404002000000000000000000E0000001D
:10599400D8040020D8040020000000000C000000FF
:1059A4000A00000048370020C03700204837002094
:0C59B40048370020000000000000000048
:1059C0000405002004050020010000000100000083
:1059D0001405002014050020000000000000000055
:0859E00024050020240500202D
:1059E8000000000000000000000000003805002052
:1059F8003805002000000000100010000A00000018
:0C5A0800FF06010048250100403C002082
:105A1400242D010000000000000000000000000030
:105A24000000000000000000302101000000000020
:105A34000000000000000000000000000000000062
:105A44000000000000000000000000000000000052
:105A54000000000000000000000000000000000042
:105A64000000000000000000000000000000000032
:105A74000000000000000000000000000000000022
:105A840000000000D9030020000000000000000016
:045A940015E015E024
:040000030000396D53
:00000001FF
