:10100000086E0020CD18010049920200B9180100B5
:10101000B9180100B9180100B9180100000000005A
:10102000000000000000000000000000B5190100F1
:10103000B918010000000000B51B0100B91801003B
:10104000251C01001DDF0200251C0100251C0100DC
:10105000251C0100251C0100251C0100251C010088
:1010600033DF0200251C0100251C010049DF0200BE
:10107000251C0100251C0100251C0100251C010068
:10108000251C0100251C0100251C0100251C010058
:10109000251C0100251C0100251C0100251C010048
:1010A000251C0100251C0100251C0100251C010038
:1010B000251C0100251C0100251C0100251C010028
:1010C000251C0100251C0100251C0100251C010018
:1010D000251C0100251C0100251C0100251C010008
:1010E000251C0100251C0100251C0100251C0100F8
:1010F000251C0100251C0100251C0100251C0100E8
:1011000080EA101404F0F01480EA0410604081EAD0
:10111000111404F0F01481EA0411614082EA1214FF
:1011200004F0F01482EA0412624083EA131404F01B
:10113000F01483EA0413634080EA102404F47F442B
:1011400080EA0420604081EA112404F47F4481EAAB
:101150000421614082EA122404F47F4482EA0422DA
:10116000624083EA132404F47F4483EA0423634047
:1011700081EA500404F0553480EA4400614083EA77
:10118000520404F0553482EA4402634082EA900437
:1011900004F0333480EA8400624083EA910404F06E
:1011A000333481EA84016340704700BF82EA9004CF
:1011B00004F0333480EA8400624083EA910404F04E
:1011C000333481EA8401634081EA500404F05534E9
:1011D00080EA4400614083EA520404F0553482EA14
:1011E0004402634080EA102404F47F4480EA04202F
:1011F000604081EA112404F47F4481EA04216140C3
:1012000082EA122404F47F4482EA0422624083EAE0
:10121000132404F47F4483EA0423634080EA101417
:1012200004F0F01480EA0410604081EA111404F024
:10123000F01481EA0411614082EA121404F0F014FF
:1012400082EA0412624083EA131404F0F01483EA81
:1012500004136340704700BF2DE9F14F94464FEAF5
:10126000930B8A68CB6808684968FFF749FF0BF160
:10127000060E33E083EA134480EA134582EA1347FB
:1012800046BA96EA3444604000F00F1684EA063409
:1012900020F00F1684EA161054BA94EA0106724040
:1012A00002F00F1486EA043622F00F1486EA1412B4
:1012B0004CBA6540694001F00F1485EA043521F00D
:1012C0000F1485EA14115CBA67407B4003F00F14D9
:1012D00087EA043723F00F1487EA1413BCE8F00000
:1012E0006040694072407B4000F0E03400F010350F
:1012F00000F00F3040EA540040EAC50080EA900454
:1013000004F0332480EA8400604001F0E03401F00E
:10131000103501F00F3141EA540141EAC50181EA7B
:10132000910404F0332481EA8401614002F0E03446
:1013300002F0103502F00F3242EA540242EAC502CE
:1013400082EA920404F0332482EA8402624003F0C9
:10135000E03403F0103503F00F3343EA540343EA5B
:10136000C50383EA930404F0332483EA84036340CF
:1013700081EA324787EA134581EA354690EA060456
:1013800084EA034B82EA1B4280EA044484EA05446F
:1013900083EA144A85EA14448BEA044B84EA37440E
:1013A00081EA0B4181EA164104EA0A00454082EADB
:1013B00004082BEA080041408AEA0B0602EA06000C
:1013C00084EA34438AEA3A4603EA0607784045400D
:1013D000414088EA38478BEA3B4007EA000985EA42
:1013E000090583EA0709464006EA0906714085EACD
:1013F000010005EA3546464006EA314181EA3041BE
:1014000081EA364606EA304686EA3546344008EA3E
:10141000010886EA01052A4086EA364003405A4020
:1014200081EA31431F407C4080EA030709EA07094B
:1014300088EA0908544088EA020806EA0A0601EA2E
:101440000B018AEA0B0215408AEA3A4210404540F5
:101450008BEA3B4003405E404240174079404D409C
:101460004E40E443F64386EA18435D4085EA054072
:1014700083EA134386EA034183EA384284EA11434C
:1014800083EA04435FEA3343BEF1010E3FF6F2AE56
:101490001ED4BCE8F0006040694072407B4020BC34
:1014A000FFF784FE28606960AA60EB60BDE8F08FFA
:1014B0002DE9E0414FF2F00280EA1031114080EA5C
:1014C0000130484041088208C3084FF0000E4FE742
:1014D00000F0113001F0113102F0113203F011333C
:1014E00040EA410040EA820040EAC3004FF2F002C5
:1014F00080EA1031114080EA01304840BDE8E081C7
:101500002DE9F04F02F11C050646074600EB850861
:1015100051F8040B043A46F8040BF9D14FF0010CD2
:10152000FFF7C6FF5FEA302080EA0C001ECF414083
:101530004A4053405C401EC62000464517D04FEA43
:101540004C0C1CF4807F18BFACF1E50C2C2DE7D0BF
:101550003C2D06D1FFF7ACFF06CF41404A4006C6FE
:10156000100006CF41404A4006C61000D8E736E9D1
:101570000F00FFF7C5FD043D86E80F00F7D1BDE879
:10158000F08F00BF2DE9F14F03F11C0402EB840C36
:101590004FEA930B8A68CB6808684968FFF7B0FD8B
:1015A0003CE9F0006040694072407B400BF1060E60
:1015B0004EE083EA134480EA134582EA134746BAB1
:1015C00096EA3444604000F00F1684EA063420F0B6
:1015D0000F1684EA161054BA94EA0106724002F01B
:1015E0000F1486EA043622F00F1486EA14124CBA5D
:1015F0006540694001F00F1485EA043521F00F14AD
:1016000085EA14115CBA67407B4003F00F1487EA47
:10161000043723F00F1487EA141344BA44404DBA38
:101620004D4056BA56405FBA5F4087EA174886EA8F
:10163000174B84EA17464FEA38488BEA1B4485EA81
:101640001B4788EA1B4580EA3440694072407B4072
:1016500000F0703400F0803500F00F3040EA4400B4
:1016600040EAD50080EA900404F0332480EA840044
:10167000604001F0703401F0803501F00F3141EA33
:10168000440141EAD50181EA910404F0332481EA5E
:101690008401614002F0703402F0803502F00F32B4
:1016A00042EA440242EAD50282EA920404F0332478
:1016B00082EA8402624003F0703403F0803503F064
:1016C0000F3343EA440343EAD50383EA930404F067
:1016D000332483EA84036340C943DB4381EA000483
:1016E00083EA044686EA020183EA014382EA33453B
:1016F00083EA14435C4084EA00077FEA040A8AEA2A
:10170000024A8AEA010B87EA11488AEA374A80EAE4
:10171000060181EA1A418AEA030A04EA0A004540FE
:1017200088EA040707EA0B0041408AEA0B0608EA48
:10173000060084EA34428AEA3A4602EA060358403E
:101740004540414087EA37438BEA3B4003EA0009C2
:1017500085EA090582EA0309464006EA090671405E
:1017600085EA010005EA3546464006EA314181EA4C
:10177000304181EA364606EA304686EA354634404C
:101780000F4086EA010508EA050886EA364002406D
:1017900088EA020881EA314213405C4080EA020391
:1017A00009EA030987EA0907674088EA040806EAA4
:1017B0000A0601EA0B018AEA0B0425408AEA3A4448
:1017C000204045408BEA3B4B02EA0B02564084EA3C
:1017D0000B04234059406E40694087EA364080EA56
:1017E000384080EA060380EA104481EA134585EA1E
:1017F000344585EA17427D4082EA354180EA05405A
:101800003CE9F0006040694072407B40BEF1010E4F
:101810003FF6CFAE20BCFFF7C9FC28606960AA6024
:10182000EB60BDE8F08F00BFFFF76ABE2DE9F0075F
:1018300091E8F807B2E802105B1854EB0C04B2E828
:1018400002104D4156EB0C06B2E802104F4158EB26
:101850000C08B2E8021059EB01095AEB0C0A80E8B7
:10186000F80780410130BDE8F00770472DE9F00727
:1018700091E8F807B2E802105B1A74EB0C04B2E8C6
:1018800002108D4176EB0C06B2E802108F4178EB26
:101890000C08B2E8021079EB01097AEB0C0A80E837
:1018A000F80780414042BDE8F00770472DE9F00796
:1018B000524290E87800B1E880071740DB1918EA37
:1018C000020854EB080419EA020955EB09051AEA63
:1018D000020A56EB0A0678C090E87800B1E8800763
:1018E00017407B4118EA020854EB080419EA020980
:1018F00055EB09051AEA020A56EB0A0678C0804140
:101900000130BDE8F00770472DE9F007524290E83A
:101910007800B1E880071740DB1B18EA020874EB77
:10192000080419EA020975EB09051AEA020A76EBBE
:101930000A0678C090E87800B1E880071740BB41FC
:1019400018EA020874EB080419EA020975EB0905A4
:101950001AEA020A76EB0A0678C080414042BDE8E6
:10196000F00770472DE9F00152424FF0040890E86B
:10197000300091E8C000A31B1340E41AF618EB1BDB
:101980001340ED1AFF1830C0C0C1B8F10108EED104
:10199000BDE8F001704700BF00B592E8DC072DE913
:1019A000DC07B1E8805702B4A7FB02510A95A8FBF7
:1019B000020BE7FB6310E9FB62B00B91A8FB03513C
:1019C000EAFB6201E7FB64B5E7FB6605E8FB661529
:1019D000CDF830B0A9FB03B6EAFB6316ECFB635607
:1019E000E8FB640BE9FB641BEAFB645BECFB646BE8
:1019F0000D90ACFB0230059CEEFB6250E9FB64608D
:101A0000EAFB64B0E7FB6431E8FB6451069CE8FB49
:101A10006461E9FB64B1EAFB64010E93A7FB043245
:101A2000079CE7FB6462E8FB64B2E9FB6402EAFB43
:101A30006412049CE9FB6453EAFB6463089CE7FBC3
:101A400064B3E8FB6403E9FB6413EAFB64230F95CA
:101A50005DF8049B99E80006DDF80080A9FB0854B6
:101A6000EAFB68B4DDF81080ECFB6804EEFB681458
:101A7000E9FB6824EAFB6834DDF80480EEFB686566
:101A8000E9FB68B5EAFB6805DDF81480ECFB681536
:101A9000EEFB6825E9FB6835EAFB68450F96DDF843
:101AA0000880AEFB0876E9FB6806EAFB6816DDF8FD
:101AB0001880ECFB6826EEFB6836E9FB6846EAFB1B
:101AC0006856DDF80C80ECFB68B7EEFB6807E9FBB5
:101AD0006817EAFB6827DDF81C80ECFB6837EEFB33
:101AE0006847E9FB6857EAFB686708B000BD00BFBC
:101AF0002DE9F14F87B0FFF74FFFDDF81C8008F1AB
:101B0000200888E8FF00FFBC87E87F08BDE8F08F69
:101B100000B591E89857A3FB03520195A3FB04017C
:101B2000E3FB6420E3FB67100292A3FB0752E3FB95
:101B30006802E4FB6415E3FB6805E3FB6925039198
:101B4000A4FB07B6E3FB6926E3FB6A56E4FB670BDD
:101B5000E4FB682BE3FB6A5BE3FB6C6B0490A4FB88
:101B60000810E4FB6950E3FB6C60E3FB6EB0E7FB3D
:101B70006721E4FB6951E4FB6A61E3FB6EB1E4FBBE
:101B80006E010592A7FB0832E4FB6A62E4FB6CB2CB
:101B9000E4FB6E02E7FB6E12E7FB6853E7FB696349
:101BA000E4FB6CB3E7FB6C03E7FB6E13E8FB6E230F
:101BB0000695A7FB0954E7FB6AB4E7FB6C04E8FB56
:101BC0006C14E8FB6E24E9FB6E34E8FB6865E7FB08
:101BD0006AB5E8FB6A05E8FB6C15E9FB6C25E9FBD7
:101BE0006E35EAFB6E450796A8FB0976E8FB6A06A8
:101BF000E9FB6A16E9FB6C26EAFB6C36EAFB6E46EB
:101C0000ECFB6E56E8FB69B7E9FB6907E9FB6A176D
:101C1000EAFB6A27EAFB6C37ECFB6C47ECFB6E5780
:101C2000EEFB6E6700BD00BF2DE9F14F87B0FFF7F7
:101C30006FFFDDF81C8008F1200888E8FF00FFBC7A
:101C400087E87F08BDE8F08F30B44FF0000310F84C
:101C5000014B11F8015B013A84EA050443EA0403ED
:101C6000F5D1A3F101034FEAD37030BC704700BF38
:101C70004FF0000310F8012B013943EA0203F9D1B8
:101C8000A3F101034FEAD370704700BF30B411F8DD
:101C9000014B12F8015B6C4000F8014B013BF6D19F
:101CA00030BC70472DE9F00791E8F807B2E8021060
:101CB0005B1854EB0C04B2E802104D4156EB0C06D5
:101CC000B2E802104F4158EB0C08B2E8021059EB91
:101CD00001095AEB0C0A8941B3F1FF3374F1FF3467
:101CE00075F1FF3576F1000677F1000778F100080D
:101CF00079F101097AF1FF3A51F100015B184C4189
:101D00004D4156F1000657F1000758F1000859EB14
:101D1000D1795AEB010A80E8F807BDE8F00770476F
:101D20002DE9F00791E8F807B2E802105B1A74EBAE
:101D30000C04B2E802108D4176EB0C06B2E80210FA
:101D40008F4178EB0C08B2E8021079EB01097AEBCD
:101D50000C0A89415B184C414D4156F1000657F180
:101D6000000758F1000859EBD1795AEB010A80E8D5
:101D7000F807BDE8F007704718EB040859EB0509B0
:101D80005AEB060A5BEB070B5FF0000C4CF1000C02
:101D900018EB050859EB06095AEB070A5BEB070B32
:101DA00050EB0C005FF0000C51EB0C0152EB0C02FD
:101DB00063414CF1000CB8EB070879F100097AF1A6
:101DC000000A7BEB040BA841B141A241B3416CF185
:101DD000000CBBEB050BB041B941AA41BB416CF112
:101DE000000C4CF001068CF0020718EB060859EBCA
:101DF0006C095AEB6C0A7BEB6C0B70EB6C0471EBAF
:101E00006C0572EB670653EB6C076CEB6C0C18EB14
:101E10000C0059EB0C015AEB0C025BF1000354F17E
:101E2000000455F1000556EBDC7657EB0C077047C4
:101E30002DE9F14F87B0FFF7AFFDDDF81080DDF839
:101E40001490DDF818A0FFF797FFBDE8000FFFF72B
:101E500093FF03B05DF8048B88E8FF00BDE8F08FC6
:101E60002DE9F14F87B0FFF753FEDDF81080DDF864
:101E70001490DDF818A0FFF77FFFBDE8000FFFF713
:101E80007BFF03B05DF8048B88E8FF00BDE8F08FAE
:101E9000064B074A5B7802604FF426728280C3715A
:101EA0000822002382710372704700BF380D0020A2
:101EB0006BF30000064B074A5B7A02604FF49C729A
:101EC0008280C3710822FF2382710372704700BFB2
:101ED000380D002099EE0000F8B5C41D002824F04C
:101EE0000704054614BF2046002000F053FA071EE1
:101EF00002DA6FF00B00F8BD254EB1887088F379D7
:101F0000B2790331033089B280B20AF0BEFE0028F4
:101F1000EFDB737831783C4403341944002D24F00E
:101F2000030400FB01F114BF2046002000F0B8FBC1
:101F300023180DB9002BDCDB717A184679B1033315
:101F4000002D23F0030414BF20460020728900F006
:101F500019FC0028CDDB20440DB90028C9DB317AFB
:101F600091B1737A83B1C41D002D24F0070414BF0E
:101F70002046002003F05EF80028BADB0DB10020F7
:101F8000B9E72018B7D5B4E7002DF8D1B3E700BF03
:101F9000380D00201FB572B6194BDD68EDB9BFF3DF
:101FA0004F8F1849184BCA6802F4E0621343CB60A4
:101FB000BFF34F8F00BFFDE72346B2FBF6F25C1C78
:101FC000002AF9D104AEDCB256FA83F303F80C2CE4
:101FD0000A2234B901A8A847E1E7024600230A26ED
:101FE000EDE7631E04AEDCB256FA83F3B0FBF2F603
:101FF00002FB1600303003F80C0C3046E9E700BF56
:10200000380D002000ED00E00400FA0507B50A4B8A
:10201000DA88ADF8002068469A885B88ADF804201D
:10202000ADF8023001F0FAFC18B1FA219C20FFF75C
:10203000B1FF03B05DF804FB380D002010B5044675
:1020400028B309F007F810B94FF0FF3010BD06F0C3
:10205000A5FFB0F5FA7FF7D80E4B00221A744FF4A3
:1020600080721A801B225A809A8040F20322DA8002
:102070004FF484721A811F22DC605A81EFF31084BE
:1020800072B600F0DDFB04B962B60020DEE76FF047
:102090001500DBE7380D002010B5002840D1234C97
:1020A000237C032B39D059B1002A3CD002390529B1
:1020B00036D8DFE801F0031227352A2D1378637034
:1020C0000020FFF709FF0028B7BF01230223237474
:1020D0006FF00B00A8BF237410BD13791BB35379A5
:1020E0000BB31188FB291ED853881B3B9BB2E02BF6
:1020F00019D81A2917D91368C4F802300C4B9288E2
:102100009A80DDE713786372DAE713886381D7E793
:102110001388FF2B07D82372D2E74FF0FF30DBE79D
:102120006FF02C00D8E76FF01500D5E7380D0020D0
:102130003A0D0020F8B50D46064620B319B311F04C
:10214000070420D1114F3B7C012B02D16FF00B0013
:10215000F8BD032B02D14FF0FF30F9E700F0ACFBE4
:102160000028F8D02846FFF7B7FE0028EEDB0DF078
:1021700053F93046214601F0D3FCFFF747FF032314
:102180003B742046E4E76FF01500E1E7380D0020CE
:1021900010B5064C237C032B03D101F0D7FC02F0D1
:1021A000EDF90AF07CFE0020207410BD380D0020EF
:1021B00008B501F081FCBDE808400249012000F0AB
:1021C000E1B800BFB51E000008B501F089FCBDE80C
:1021D00008400249002000F0D5B800BF911E000061
:1021E000074B4FF0FF3141F6FF72C3E9001205497A
:1021F0000022C1E900221F21C3E90212704700BF7B
:10220000000000204C0D00203F280CD801380B4B5B
:10221000C0F3421200F01F0053F8223023FA00F0FE
:1022200000F001007047FF2806D04038C0F342128A
:10223000034B00F01F00EFE7012070470000002073
:102240004C0D00200146074B006849681A4603C23E
:1022500040F48C221A6041F0107242F4FF625A601E
:1022600000207047000000200246034B00685168C0
:1022700003C30020704700BF4C0D00200246034BF3
:102280000068516803C30020704700BF08000020A9
:102290000138064BC0F3421203EB820300F01F002B
:1022A0009B6823FA00F000F0010070470000002056
:1022B000F0B50C88C37C0288A5B2C4F30E0404F107
:1022C00018060233865B1A44334497B213FA82F33A
:1022D000013B4288B3FBF7F313FB07439BB29A42DF
:1022E000044A93BF22EA05032A4013439BB20B80A2
:1022F000F0BD00BF0080FFFF4A1E062A08B5034656
:10230000084604D84FF4D1711520FFF743FE094A5F
:10231000914202D940F2A311F6E711B903B1196055
:1023200008BD2BB11B680022C3E901211A1D1A60E8
:102330000430F5E7FAFFFF7F10B5114B00EB4104C5
:102340001A786389B3FBF2F303FB0223013A1A44C0
:10235000B2F5706F0279807828BF00231A440B18F9
:10236000B2FBF0F100FB11215B1AB3FBF0F100FBB3
:10237000113313446FEA43436FEA5343638110BD43
:10238000540D0020024B03EB80035960704700BFDF
:10239000540D00202DE9F04F10F0070A85B00546D6
:1023A00004D040F26F111720FFF7F4FD534F07F1EF
:1023B0000C06B1460446B04657F8043B8DF80BA016
:1023C0003BB101A898479DF80A30082B01D9F521A7
:1023D000E9E79DF80B1041BB05B131604F4506F1AF
:1023E0000406E9D1002D70D0DFF81491002289F89D
:1023F00000209646022758F827A0013FBAF1000FA7
:1024000056D09AF804609AF802C0FF2E61D039467F
:102410000023481C39D19C44BCF1FF0F40D90AB1BC
:1024200089F800E04FF49A71BDE79DF80AC0604654
:10243000022838BF02204B1D5A0004EB4303441E00
:102440002344BDF808406444013CCCF1000C04EA8C
:102450000C044042B4F5803F03EA000302D340F28B
:102460000511A0E775B19A1A0120326091701480AD
:10247000D0709DF80C001071019810814FEA104C3B
:10248000A2F806C004FB0134A8E758F8210028B1DF
:1024900090F804B0B34504BF80781B180139B8E741
:1024A000DBB2E6458AF804303CBF5FFA8CFE0122BD
:1024B0007B1CA0D10AB189F800E0022640F6FF6A31
:1024C00058F82670B7B9013EFAD2601B05B0BDE8D6
:1024D000F08F0023E5E707EB41033846A3F80AA095
:1024E000FFF72AFF09F10109BB785FFA89F18B42F6
:1024F000F1D8E8E74FF00009F6E700BF580D0020DB
:10250000540D002038B54FF6FF730380184B03EBD2
:10251000810302461869A8B184780379B3FBF4F10A
:1025200004FB1133DBB2194600EB4105B5F90A5043
:10253000002D0EDB0131B1FBF4F504FB1511C9B21E
:102540008B42F1D1002038BD6381BDE838400AF0EC
:1025500078BB00EB41046389C3F30E031380C27898
:10256000002AF1D14FF4E5711720FFF713FD00BFEA
:10257000540D00201C4B03EB810370B51C6905460C
:1025800044B3030404D54FF4EC711720FFF702FDA8
:10259000014620460AF037FBFF28014604D02046BA
:1025A000BDE870400AF04DBBA078B5FBF0F300FB2E
:1025B0001353DBB219460A1D04EB4206B6F902605A
:1025C000002E09DB0131B1FBF0F200FB1211C9B2A0
:1025D0008B42F0D1002070BD8B4201D00023E3700C
:1025E00004EB42025580DAE7540D0020094B03EB5F
:1025F000810310B51C69014620460AF004FBFF2840
:10260000014604D02046BDE810400AF01ABB002065
:1026100010BD00BF540D0020F8B5104B03EB810333
:1026200007461C69014620460AF0EDFAFF280546D8
:1026300011D0E288238953EA024606D0014620469B
:102640000AF0FFFA01463846B04720462946FFF710
:1026500073FE0020F8BD0520FCE700BF540D0020EC
:1026600038B50E4B827903EB82030446186908B92A
:10267000052038BD8278E1799142F9D24B1CE37193
:1026800000EB41035D89B3F90A30002BF3DBA58031
:102690000AF0D7FA20600020EBE700BF540D0020BD
:1026A00070B5044610F003000E4603D04E211820EA
:1026B000FFF770FCFFF720FE054624B103483146C2
:1026C0000460FFF719FE284670BD00BF700D0020A2
:1026D0002DE9F14FDFF870B09DF828A09DF82C90FF
:1026E0001E46DBF8003007460D4690461BB96021B8
:1026F0001820FFF74FFC5246092140460AF008F91E
:102700004A4684B2092130460AF002F914FA80F1EF
:10271000DBF800000AF04BFA386018B9286001B005
:10272000BDE8F08F04442C603868534641460922C6
:102730000AF0B1F828684B460922314601B0BDE8DD
:10274000F04F0AF0A8B800BF700D002070B50E461B
:1027500004460AF0F0F8054630460AF0ECF8044B5F
:102760002A1821461868BDE870400AF045BA00BF33
:10277000700D0020024B186808B10AF00CBA7047BF
:10278000700D00201F2AF8B5044626D80420032324
:10279000134D12FB003254B1A30703D06821092066
:1027A000FFF7F8FB22F0030329706C602B8122F005
:1027B00003022823120403FB01F001276B68120CAB
:1027C0000025EEB2B14200D8F8BD14B126181F7032
:1027D0005E60104401352833F3E74FF0FF30F3E734
:1027E000740D002070B5154A157853680021C8B2E1
:1027F000854203D8BA210920FFF7CCFB1C461846B6
:1028000014F8286B01310EB92346F0E700219970C6
:10281000128999610124D96159685C70920803F1A9
:102820001E0403F1260524F8022FAC4243F8041FCE
:102830001144F8D100234361037070BD740D002072
:10284000134B012200214FF0FF309A60C3F80012B1
:10285000C3F80803C3F80015C3F804259A60C3F849
:102860000803C3F80015C3F804250A490A4A03F50A
:1028700080334FF40040C3F80825C1F88000BFF34F
:102880004F8FBFF36F8FC1F88001C3F808257047E1
:1028900000F0004000E100E00000F63F024B02685B
:1028A0001A600020704700BF800D0020014B1B689C
:1028B000184700BF800D0020024B1868003818BF71
:1028C00001207047800D00200A468F2302F8033B49
:1028D0000448C368C1F803300369536043699360D7
:1028E000704700BF840D0020024B5A8C02435A846B
:1028F0005B6A1847840D0020014B00215B6A184772
:10290000840D002010B5154C05F05AFB05F056FD5E
:10291000208DFFF7F1FF237E63B12246104952F864
:102920000C3BE3606368536004F11900A368936093
:102930000BF0F4FB218DE06A02F0B0FBE36AB3F820
:10294000AA0002F02DFB636B94F8301094F831006C
:102950009847002384F8383010BD00BF840D002054
:10296000C9280000034B93F838300BB1FFF7CABFFA
:10297000704700BF840D002070B5184CE66AE36C08
:10298000E3634FF481730546A4F8403094F8500097
:10299000337D96F8151100EB83002DB9FF2803D184
:1029A00096F814318B4201D005F082F8337D73B173
:1029B000606D05F05BFA616DE06B05F0DBFC15B94D
:1029C000284605F0A7FA022384F8383070BDE06B82
:1029D00005F04CFA05F0F2FCF1E700BF840D002091
:1029E000F0B590F86D40134A0B46012CD1E91E67F3
:1029F00092F8502087B001F1800103F190034FF06D
:102A0000010006D0022C13D040F225410620FFF72A
:102A1000C1FA00240025CDE9013205900090CDE9EE
:102A2000034532463B46012005F002FC07B0F0BDED
:102A30000446EFE7840D002008B5094B93F83820D1
:102A4000022A04D040F257312720FFF7A3FADA7A9E
:102A500042F00102DA72BDE80840FFF753BF00BF41
:102A6000840D002070B50F4DAE6D3478C90001F0B3
:102A7000080104F0F30492000C4302F00402144332
:102A80001B0103F0100304F0EC041C4300F00300EE
:102A900004433470B5F8643073700223A5F85C30D9
:102AA00070BD00BF840D0020F7B5184CA56E06461A
:102AB0000DB1636C23B940F6C4012720FFF76AFA11
:102AC000B4F848306B702B782F4601F0030123F0E7
:102AD00003030B4307F8033BB4F84820616C384606
:102AE00008F05EFD0DF1020201A9E06EE563676486
:102AF0000AF047F801980AF032F8B4F8481030604C
:102B00000122E06E09F0DAFF03B0F0BD840D002071
:102B10002DE9F0412C4C94F83830012B06460F4635
:102B20005FFA83F804D040F60C112720FFF732FA41
:102B3000E56A2B7933B1002129710420FFF7D4FE17
:102B400085F805802B7A052B0AD120490220FFF752
:102B5000CBFE236E1B78991E4B424B4184F870309C
:102B60001EB1BDE8F041FFF7CDBE002FF9D0636F75
:102B7000304698470028F4D094F83030002BF0D13C
:102B8000638C9A0716D594F87030002BE9D02B7D12
:102B9000E46A23B1294604F1A800FFF721FF94F865
:102BA0001521012096210CF0ABFCBDE8F04100207E
:102BB000FFF7E2BE002BD4D194F87830002BE6D199
:102BC00094F87930E1E700BF840D0020E40D002087
:102BD0002DE9F04F964EF46A91B004F1A8030A93E0
:102BE0000023CDE90D3396F838300790022B099178
:102BF0005FFA83FA04D040F6AD112720FFF7CAF937
:102C0000F36B03221D785978A6F8481013447364B7
:102C1000079BA6F8402005F00308002B00F0F48085
:102C200019B1F06E09F02AFF0146627A338DB16660
:102C30000132D2B282EA950743F4007317F001071C
:102C4000338546D1237A23B3032B62720AD8012B32
:102C50001FD0D6F880000DA909F0B9FE90B940F256
:102C6000D471CAE7053B012B02D940F2B371C4E726
:102C700001F00EF810B940F2DE71BEE739460820C7
:102C8000FFF732FED4E91C32013342F10002C4E9FD
:102C90001C326379002121721BB161711020FFF792
:102CA00023FE338D43F40063338500230893237D93
:102CB000C5F3C007CBB1B6F84830B3B105F096FB09
:102CC0000328FBD0022806D1FFF71CFE11B0BDE897
:102CD000F08F079BEAE740B9A37A03F001039F4214
:102CE00003D1012386F83130EEE7A27A02F0010326
:102CF0009F4240D04FF0000BB36E002B40F0968007
:102D0000B6F84830B3FA83F35B0903EA151386F883
:102D10007930099B002B40F08F80728C96F88630BA
:102D2000110704D596F87020002A40F08580012B09
:102D300000F28280736F0120984700287CD096F8BB
:102D40003050002D78D1E37C002B00F0D78094F830
:102D50001461012ED4E91C2304F1800104F19007D1
:102D60004FF0010000F0BF80022E00F0F18040F231
:102D70002541062042E7B6F84830E3B108F1FF31BB
:102D8000012918D8318D41F48051318596F884108D
:102D9000994206D296F8303043F0100386F830306E
:102DA000A8E7B16E0029A5D096F8851019B12020AA
:102DB000FFF7A2FD9EE70132B8F1030FA27219D00E
:102DC00008F1FF32012A0BD8002B93D0D4E91E3230
:102DD000013342F10002C4E91E32DDF81CB08BE77A
:102DE000002B87D0D4E91E32013342F10002C4E93E
:102DF0001E327FE7338D0F49012043F48053207149
:102E00003385FFF771FDEDE7237D0BB105F02AFB5C
:102E100096F88630013386F88630338D4FF0000BFC
:102E200043F480633385CDF820B065E701236CE778
:102E3000840D0020C80D002005F0C2F8BBF1000F82
:102E40004CD101230993A54D2B8D5A0606D4402061
:102E5000FFF752FD2B8D43F040032B85089B63B198
:102E6000B5F80720B5F805301343E28813431EBFB9
:102E7000B5F809300133A5F80930079B002B00F0A5
:102E80002681B5F805300133A5F80530002385F813
:102E90008630934802F072F80D9830B109F05FFE69
:102EA000002202720A9901F071FC0E9B33B10022DC
:102EB0001A720C220A990E9801F036FC099B002B1D
:102EC0007FF402AF2B8D1B063FF500AF8020FFF78C
:102ED00013FD2B8D43F080032B85F7E641460EA8AA
:102EE000FFF7E2FDADE72E4605900020CDE9036037
:102EF000FB26CDE90176009005F09AF9774F94F81A
:102F00001421962100200CF0FBFAD7F82C9097F8AA
:102F1000503099F8142099F8141103EB8203FF2B19
:102F200003D199F815318B4202D0FF2004F0C0FD87
:102F3000FE6A00238DF83130ADF83230337A062B3B
:102F400000F2B280DFE803F0068E9191B0A3A300F7
:102F50000646C9E797F88730A6F804310DF132012B
:102F60000FA8ADF8323000F085FE30B10F9820B1D7
:102F700005233372BDF8323014E0FB6A93F8513008
:102F8000002B6AD1D7F880000DF131020DF132012A
:102F900009F0F8FC002860D0BDF83230002B4BD18E
:102FA00001223272B865A7F8643003B1C31C3B66D6
:102FB000B27A96F809A0367A0B92022E07D0053E17
:102FC000012E74D81B78022B4FF003060CD0D7F8D3
:102FD000800009F032FD00286BD1032E04D000F0F0
:102FE00063FE80F00105EDB23C4F05F0010387F868
:102FF000783099F81330002B5DD0B7F86430002B8F
:1030000059D051460B9A2B463046FFF72BFD786D71
:1030100004F02CFFD7E9150105F072F9012387F8B8
:10302000883087F83830BBF1000F3FF40CAF4146D1
:103030000EA8FFF739FD06E79DF831201AB9028086
:103040008270032395E7027802F00302012A08BF89
:103050004FF0030A86F808A0A4E70023ADF8323049
:10306000012333721F4800239CE7B6F80431D7F8D8
:103070008000ADF832300DF131020DF1320109F06E
:1030800081FC00287FF476AF40F2C351B5E50DF125
:1030900032010FA800F0EEFD08B10F9810B940F210
:1030A000D251AAE5062364E740F2DC51A5E50126EA
:1030B0008DE7012598E70B9A2B4651463046FFF7DE
:1030C000D1FCB86D04F0D2FE05F078F9A6E7B5F8AA
:1030D00007300133A5F80730DBE600BF840D002080
:1030E000B00D0020FE0D002010B5064B93F83820DF
:1030F00002F0FF0422B91C7601F0C8FF204610BD83
:103100000C24FBE7840D0020094B0A4A10B51A6015
:10311000FFF7EAFF20B14FF4B1712720FEF73AFF25
:1031200000F024FD044CE06400F024FD606510BD57
:10313000E4160020E0320000840D0020F8B55C4C5D
:1031400094F83860054606F0FF0016B909B102B1DF
:1031500023B94FF420712720FEF71CFF63639DF80D
:10316000183084F885306162626784F8300084F832
:10317000860084F8310084F888006084208584F813
:10318000780084F8790084F87000A0652066A4F8BF
:103190006400E0636064A4F84800E56204F0CAFCDF
:1031A00005F00CF995F91C0104F00EFDD5F8D0607E
:1031B000D5F8C80004F00EFD304604F049FE95F83D
:1031C000240004F011FDE36A93F891320BB104F08E
:1031D0009FFC0BF032FB95F8152100F189010120CD
:1031E00004F070FD334B186804F038FED5F8BC309D
:1031F000C4F88030D5F8C030E366AB7B233B072BA7
:1032000054D9EB7B233B072B50D9B5F8E630B5F802
:10321000EC0095F81411984228BF18460AF0FDFCFE
:1032200095F8E830834228BF034698B295F8E43019
:10323000984200D3C3B295F8151184F8873005F190
:10324000DC000AF0E2FF2F7D95F81511B5F8F0606B
:103250000AF0E3FC0FB9043080B2864228BF06466C
:10326000F3B284F8843084F850302B7D23B12946A2
:1032700005F1A800FFF7B4FB0120FFF77DFBE36A2F
:10328000D3F8C00104F00EFE002323606360A36046
:10329000EB886380B5F8AA30238095F82430237139
:1032A000D5F818310BB101221A60F8BD1B23C2E713
:1032B000840D0020E4160020014B93F8880070472D
:1032C000840D0020024B93F82900C0F3C000704722
:1032D000840D0020014B93F886007047840D002078
:1032E000392A0000D12B0000112B000065290000B5
:1032F000F0B5070CA7F5AA42144B543A012A03EA89
:1033000090231FD927F4004042F6AA22801A18BF42
:1033100001200022162116461F2487EA060562EACC
:103320000505013510D0DD03ADB245EA5606E503CB
:10333000ADB2013945EA52024FEA53034FEA540451
:10334000EBD1F0BD0020E4E70020FAE7E0FF3F000A
:10335000304BF0B55A89B0F86070B0F85E609D8966
:10336000974228BF1746964228BF16461B2E85B0A7
:103370000C462ED0B5F5A47F2DD040F648039D42D3
:1033800001A928BF1D4609F0BBFDBDF80A30BB42AC
:1033900028BF3B46E380BDF80C30AB4228BF2B462C
:1033A0002381BDF80630B34228BF33466380BDF8A1
:1033B0000830AB4228BF2B46A380FF232370E3884D
:1033C0001B3B9BB2E02B08D940F209513920FEF794
:1033D000E1FD1B2FCED105B0F0BD63881B3B9BB236
:1033E000E02B02D940F20B51F0E72389A3F5A47337
:1033F0009BB2B3F5E06F02D940F20D51E6E7A38826
:10340000A3F5A4739BB2B3F5E06FE4D940F20F517A
:10341000DCE700BF100E002010B501210020FFF7EF
:10342000E5F8044670B90121FFF7A4F8044620B975
:1034300040F225313920FEF7ADFD034B93F918100A
:103440000BF0FCFC204610BD100E0020014BD8886C
:10345000704700BF100E0020044BD87CC0F3400022
:1034600080F0010000F00100704700BF100E002046
:1034700008B50AF049FB00F0B9FD00F09BFB0AF02B
:1034800025FE01F0E9FD03F0EDFF084B084800229E
:103490001A60084B4FF01B11C3E901014FF4A471EE
:1034A000D960DA741A801A8208BD00BFE8160020BD
:1034B00003021B00100E0020034B41F64C525A61D0
:1034C0001B229A74FFF7D4BF100E0020F7B5284DC9
:1034D0006B69C0F8DC3000F1A807264BC0F8C43097
:1034E000044638460BF03DFB064600F053FB8306CE
:1034F00054BF1B23EB88A4F8063158BF1A461E4B55
:10350000A97C1B6848BF2A89A4F8082184F8E41024
:10351000A4F8E66023B194F91C11B4F8AA00984706
:10352000164938460AF0DBF80123EA886979A4F8DD
:10353000DA302B89019129790091033303329BB250
:1035400092B204F1C00104F1BC00FFF7C1F8D4F855
:10355000BC3023B940F2E2413920FEF71BFDD4F81C
:10356000C03013B940F2E341F6E703B0F0BD00BF4D
:10357000100E002000093D00EC1600201E0E002059
:10358000024B1B6803B118470C207047E816002057
:10359000034BDA8802801B7983700020704700BFDC
:1035A000100E002037B583781A2B054608D8042B57
:1035B00004D9144A22FA03F3DB0705D412241AE0D3
:1035C000292B01D03B2BF9D12888B0F5706FF5D2AB
:1035D00001A90AF046FB88B9019B93F8202102F06B
:1035E000FF046AB9AA7883F82121FF2283F82021F9
:1035F00001A809F058FD204603B030BD0224FAE7C7
:103600000C24F8E7200038040188A1F11B039BB2C9
:10361000E02B0CD84288A2F5A4739BB244F2481068
:10362000834204D8034B002059819A8170471220AD
:10363000704700BF100E002038B50278447802F0C1
:10364000010354EA030102F0020201D1112038BD46
:10365000BAB98578002DF9D0002B18BF002400E0FE
:103660001D46204609F03FFC0028EFD0284609F00F
:103670003AFC0028EAD0054B00209C73DD731882C9
:10368000E5E7002BECD000242546EAE7100E0020E9
:1036900013B5008801A90AF0FDFA044620B9019883
:1036A00090F832311BB13A24204602B010BD90F898
:1036B0005C3003F0FF04002BF5D190F853309B07EA
:1036C00006D1FF2380F8323101A809F0ECFCEBE7CA
:1036D000024954300AF022FDE6E700BF91E70000FE
:1036E000F7B50778EF2F05460C460FD890F9012063
:1036F0004378002A0ADB8278900707D113F0100084
:103700001DD1990603F0030202D51AB1122442E03A
:10371000032AFBD01E07F9D42979EA78EE7942EA28
:103720000122697942EA0142A97941EA06212E7A09
:1037300041EA06418A42E9D81F2A0FD8E6E713F08A
:10374000600FE3D103F00702052A05D003F00F0153
:103750000D22CA40D107D9D51A07DDD56A7A013AB8
:10376000062AD3D8AA7A032AD0D813F0040102D1AA
:10377000023A012A03D8EA7A012AC7D811B9AA7CE9
:10378000032AC3D82A7D48B1012ABFD12A7E012A43
:10379000BCD830B91124204603B0F0BD022AF5D1BF
:1037A000B4E7DB0712D46B782A7D03F01803082BEB
:1037B00011D1022AEED101213846FEF717FF064645
:1037C00078B10BF0EFFAB8B10C24E4E700F0A2F9FD
:1037D0000028E8D1DEE7022AEDD02B7F002BEAD0CB
:1037E000D8E701213846FEF7C5FE064640B3154B23
:1037F00093F918100BF022FB30460BF00FFC294612
:103800002070E87430460BF05FFBEB7E0446002B23
:10381000C1D00028BFD1B16A0246684609F04CFA0F
:10382000B06A2246012109F093FAB16A684604227F
:1038300009F042FAB06A2246214609F089FAAAE75D
:103840000724A8E7100E002030B50279042A8BB0B7
:1038500003464FD84088B0F5804F4BD826498D5C41
:10386000114400244A79ADF8004042F0100242EAC7
:1038700045028D7AC97B8DF8084042EA850242EA0A
:10388000C10202F01F028DF80020BDF80020ADF843
:1038900009201A888DF80B208DF80E00120A000AF4
:1038A0008DF80C208DF80D408DF80F008DF810402C
:1038B0005A7B8DF811205A798DF812209A79D3F815
:1038C00007008DF81320B3F80B209B7B8DF81A307E
:1038D0007F2305908DF81B3069464FF0011302A835
:1038E000CDE90734ADF818208DF82440FFF7F8FE35
:1038F0000BB030BD1220FBE7F8FB020073B50646A3
:10390000FFF78AFD04460BF094FB3378012B054644
:103910005FD120460BF0C5FA00287AD020460BF084
:1039200088FB18B115B9122002B070BD20460BF00B
:1039300039FA08B10C20F7E720460BF070FA06467A
:103940000028F7D1204602F033FD0028EBD0ED012E
:1039500042F2107331462046ADB25D430BF055FB89
:1039600020460BF05EFB014658B92A46204601F07E
:103970001BFF08B90020D7E741F698213920FEF750
:1039800009FB31460DF10600FEF7BCFD064608B9FD
:103990000D20C9E7BDF806100AF08BF93146204624
:1039A0000BF04BFB3046FFF791FD2A46314620468F
:1039B00001F0FAFE024610B141F6B421DEE7164BE3
:1039C000DB69002BD6D006F5917106F1A800984767
:1039D000D0E7002BA7D120460BF063FAC8B12046F0
:1039E0000BF0E0F90028C5D020460BF08AF8054618
:1039F00020460BF089F8014600289BD1002DB9D054
:103A0000B5F8AA00FEF708FE0028B3D041F6D6218B
:103A1000B4E7422088E700BF100E0020027803467A
:103A200072B1427862B142881A2A09D982881A2A68
:103A300006D9044A006850609B88138100207047B3
:103A400012207047100E0020024B02685A610020BD
:103A5000704700BF100E00200378A3F10A02112A5C
:103A60009DBF024A0020937412207047100E002060
:103A700008B5052000F082F803F0B4FC014B024ABF
:103A8000DA6108BD100E00205133000008B5094B63
:103A900001221A7002F07CFC0BF080FC0AF032F874
:103AA000FFF732FB002009F0D4F8BDE8084000F031
:103AB00075BD00BF300E002010B5064C0649201D14
:103AC00009F0BCFD04F108000449BDE8104009F00C
:103AD000B5BD00BF300E002048000020500000207F
:103AE00010B5084C0849201D09F0A8FD04F1080094
:103AF000064909F0A3FD04F10C000549BDE810409A
:103B000009F09CBD300E002058000020600000200D
:103B100068000020014B1878704700BF300E00206D
:103B200010B5064C00F016FD606809F07FFDFFF748
:103B3000C3FC00F0A9FE0123237410BD300E002049
:103B4000014B187C704700BF300E002010B5064CAA
:103B5000A06809F06BFDE06809F068FDFFF788FCDC
:103B60000023237410BD00BF300E002000487047B2
:103B7000410E002000487047430F0020C20804494E
:103B800000F0070001238340885C03438B54704797
:103B900010000020014BD3E9000170471000002005
:103BA000034B1868C0F30020400040F0010070474C
:103BB0001000002008B505F0F1F9084A002332F89A
:103BC0002310814205D302EB83029378044A1370D9
:103BD00008BD01330C2BF2D10023F7E70CFC0200E7
:103BE0004510002008B50068B0F8AA30A0F865318B
:103BF00090F8143180F86411012B06D0022B04D008
:103C00004FF43F710620FEF7C5F980F8673190F850
:103C10001531012B01D0022BF2D180F86831BDE8BB
:103C20000840024900F25B100AF078BAC9D60000D9
:103C3000024B002283F822209A847047461000200D
:103C4000044B93F82220012A1ABF036001200020B0
:103C5000704700BF46100020054B93F82210012941
:103C600002461DBF012083F822009A84002070477D
:103C700046100020054B024693F8220020B1136045
:103C800009B19B8C0B800120704700BF46100020BB
:103C9000044B93F8220000229A8410B183F822206A
:103CA0000120704746100020034B93F82200B0FA21
:103CB00080F04009704700BF4610002050B90A4A02
:103CC0001346012003F8010B0868C2F801008A8836
:103CD0009A807047012805D1034B0A689A608A8848
:103CE000D8719A81704700BF6C10002050B90B4BFF
:103CF000187888B1D3F80120B3F805300A608B80BA
:103D000001207047012806D1044BD87920B19A6868
:103D10000A609B89F3E70020704700BF6C10002009
:103D200010B9044B18787047012806BF014BD879A9
:103D3000002070476C100020F7B500238A888DF8AA
:103D40000600ADF8042008680B4A8DF80730019D85
:103D50001478014602F5A872D8B2844201D808202E
:103D600008E052F8087F5668AE4208BF8F4203F160
:103D70000103F1D103B0F0BD8010002030B5094B34
:103D800001465C78002203F20113D0B2844201D8CC
:103D9000082005E013F8015F8D4202F10102F4D121
:103DA00030BD00BF80100020F8B52D4C6378013B7A
:103DB000DBB22218834292F80251637030D01A01AC
:103DC0000101961C8F1C2644274406F1100C56F85E
:103DD00004EB47F804EB6645F9D182328231224484
:103DE000214402F1100652F8047B41F8047BB242F0
:103DF000F9D1E118221891F8026182F802610626D1
:103E00007343704303F5857300F58570E618E35836
:103E100023502718B388BB8091F83A3182F83A31A1
:103E20002846FFF7ABFF082818D12378013BDBB207
:103E30009D42237012D02B3304EBC30393E803009D
:103E400005F12B0204EBC20282E803002078FFF7A1
:103E500095FF08281CBF241884F80251F8BD00BF44
:103E600080100020F0B5254D95F8984189B0224684
:103E700005F29911684607F093FB2146684609F060
:103E800062FE0446B8B300EB4001C9B202A8FEF7D7
:103E90000DFD631E95F8A161DBB2012495F8981120
:103EA00005E0721CB2FBF1F001FB1022D6B206F164
:103EB00020020DEB020010F8202C002AF1D103EBB8
:103EC00043012031694406EB46022A4411F8187C6C
:103ED00082F8A27111F8177C11F8161C82F8A371F0
:103EE00082F8A41100F8204C013BAA19DBB2FF2B89
:103EF00082F89941D2D109B0F0BD00BF80100020F6
:103F000070B5064688B00C46002A4ED0294A92F871
:103F1000A131D01890F8991119B9FF212820FEF786
:103F200039F803EB43011144013391F8A251E570D4
:103F300091F8A35191F8A41161710021257180F8C5
:103F4000991192F89811B3FBF1F001FB103382F84C
:103F5000A13192F8C23123B9174902F5DD700AF098
:103F6000DAF8657905F03F0545F0400565710D22E9
:103F70000021684607F0D4FAE3788DF80F302379F2
:103F80008DF80E3004AA0423694630468DF80D5092
:103F900007F024F99DF81F3023709DF81E306370E0
:103FA0009DF81D30A37008B070BD03216018FEF7A6
:103FB0007DFCD6E780100020653E0000044B5A7857
:103FC000824286BF1B1893F84A010020704700BF49
:103FD00080100020044B5A78824286BF1B1893F849
:103FE00042010020704700BF80100020064B0022D5
:103FF0004FF461711A8083F8C32183F8C421A3F8B8
:10400000C61183F8C2217047801000202DE9F047C7
:104010008246894617469846FFF78EFE08280546D1
:10402000064603D0FFF7AAFE082860D1324C637819
:10403000072B5ED8082D15D12678731C072E237008
:1040400003D96C212820FDF7A5FF06F12B02D9F832
:10405000000044F8320004EBC203B9F804209A804F
:1040600083F806A065786B1C290163704B1C07F16F
:104070001002234412F8010D03F8010FBA42F9D1DE
:10408000813108F11003214413F8012D01F8012FAB
:104090009845F9D11021404609F085FD25441021AD
:1040A00085F84201384609F07EFD85F802616678A0
:1040B00085F84A010023114885F83A31314609F064
:1040C00042FD0128054607D80D48314609F03BFD61
:1040D000002818BF0135EDB284F898510025284614
:1040E00084F8A151FFF7BEFE2846BDE8F0871220F4
:1040F000FBE70720F9E700BF80100020C211002075
:10410000CA11002010B5064B5878013840B200287B
:1041100000DA10BDC4B22046FFF746FE601EF5E788
:1041200080100020014B83F8C301704780100020ED
:10413000014B93F8C301704780100020431E9BB2CF
:104140004AF2B71293429DBF024BA3F8C601012069
:104150000020704780100020014BB3F8C601704763
:104160008010002030B50A4B5C7884420ED9184488
:1041700090F802012B3003EBC004A5790D7053F8C1
:1041800030001060A3889380012030BD0020FCE740
:10419000801000200246074810B590F8C34124B1B2
:1041A000417821B1023003F07FF9204610BD0C4662
:1041B000FBE700BF801000202DE9F74F2F4C9A46F7
:1041C000637883428046894656D9231893F8425132
:1041D00085F00105F9B193F84A31E3B945F00207DA
:1041E0000135BAF1000F18D1FA070AD5062101FBF3
:1041F000084104EB0810524601F585718230FFF743
:104200007FFEBB0734D504EB081052464946023006
:10421000FFF776FE2CE02F46E3E794F8A1614FF01C
:10422000010B002DE0D0A319019393F8991199B9CE
:104230000092DAB100F0F8FA06EB46012144019B46
:1042400081F8A2014FEA102C009A81F8A3C1000C5A
:1042500081F8A40183F899B194F898310136B6FB3E
:10426000F3F103FB1166F6B2013DDAE747F004070C
:10427000384603B0BDE8F08F0027F9E78010002032
:10428000074B5A78824209D91A1892F842212AB962
:10429000062202FB003000F5857070470020704751
:1042A00080100020064B5A78824281BF1B1893F879
:1042B0003A01B0FA80F0400998BF0020704700BF73
:1042C00080100020F8B50E460746062130461546F8
:1042D00009F069FC044670B10C4B0022587803F2D7
:1042E0003913D1B2884202D801242046F8BD03F820
:1042F000015F0132F5E73146384609F040FC0828F5
:10430000F3D0024B034483F83A51EDE780100020CC
:10431000034B80F874101B680BB140881847704736
:10432000F01600200B2808B504D940F229112920E5
:10433000FDF730FE014B33F8100008BD3CFC0200D5
:10434000036830B50024D3F8C400A3F84040B3F8A4
:10435000444042F210754443B4FBF1F4A3F84440E6
:104360004C1E05FB0242B2FBF1F2A3F84220094ABF
:10437000B2FBF1F20132A3F848209A8F05FB024408
:104380005A6BB4FBF1F450439C63B0FBF1F05863FB
:1043900030BD00BF005A620213B540F6B8338387C0
:1043A000B0F8CE20D0F8C4100190044601A8FFF761
:1043B000C7FF0C4B1B68062B01D001330FD10A4BF2
:1043C0001B68063B08330AD9D4F8C800FEF790FFF3
:1043D00080F00100C0B284F8910202B010BD00204C
:1043E000F9E700BF681600206C1600200346084657
:1043F00071B13F2B0BD8074AD35C03F07F02914287
:1044000005D08CBF0120002000EAD31070470120A6
:10441000704700BF54FC0200FF230B7002234B7057
:1044200083238B70014B1B78CB7070474C1200209C
:104430002DE9F84FD0F80480D8F8186030460C46C3
:1044400008F07BFB054620B94FF4AA711020FDF758
:10445000A1FD0146304608F07EFBB5F800B01FFA1A
:104460008BF7824617B94FF4AC71EFE7224B1B680C
:1044700000F10309D3B998F8023098F803202370AB
:104480006378A4F802B002F00F0223F00F03134385
:1044900023F0C00363709AF8003003F00303012B8C
:1044A0000FD0022B0DD04FF4BB71CFE7B8F802004C
:1044B0003A464946984705460028DCD12846BDE8DB
:1044C000F88F627863F305126270304608F049FB9A
:1044D000054610B94FF4C071B8E7FB2F02D940F27E
:1044E0008F11B3E73A464946201D07F059F8304688
:1044F00008F092FAE2E700BFF416002038B5134C3A
:1045000010220021201D07F00BF801252574102230
:1045100004F10803002104F11400C4E9013306F09A
:10452000FFFF84F8205004F11803C4E90533084A5A
:1045300000236362A36284F82C30C4F82D30C4F8E1
:10454000313084F835301360A36338BD4C1200203D
:10455000F416002010B5084C2378FF2B04D040F24D
:1045600099111020FDF716FD06F07EFE2070BDE8C3
:104570001040FFF7C3BF00BF1D00002010B5034C63
:10458000207806F08BFEFF23237010BD1D00002055
:10459000014B187806F092BE1D000020014B024A24
:1045A0001A607047F8160020314400002DE9F341ED
:1045B000DFF86881054608F11407D8F80830D8F804
:1045C0001840227A012A22D1D8F8382052B1137A21
:1045D0001BB9BF211020FDF7DDFCD8F83840C4B965
:1045E000002083E01A7A012AFAD04D4A1C46EFF3E4
:1045F000108172B650680068506001B962B6A3427B
:1046000008BFC8F83840237A1BB9EE21E2E73A46E2
:10461000EDE7267AF6B205232372731E0B2B6ED8B4
:10462000DFE803F06A062235676D3E6D6D6D6D5BE8
:10463000636813B94FF40371CCE7204629469847C5
:104640000420EFF3108272B6237A052BD9B24FF013
:10465000000359D12372D8F83810A14201D1C8F80B
:104660003830B2BB62B634E0636813B940F215214A
:10467000B0E72946204698470346C3F30723012B9A
:10468000ADF80400C0B22FD0022BDAD11AE0636873
:1046900013B940F21D219DE7204698470020D0E73E
:1046A00063680BB9FE2195E786222A70012259889A
:1046B000AA706A7100225869A5F80310AA7108F05F
:1046C000ABF90420D8F83830A34202D10023C8F84F
:1046D000383000283FF471AF08E0124B29461B68C0
:1046E00020469847034668B9267298B102B0BDE8E3
:1046F000F0814FF415716DE740F257216AE740F2FF
:104700005A2167E70220DDE711B940F27B2161E71A
:104710001846A6E7002B7FF450AF61E74C1200204B
:1047200050120020F816002010B51346027A22B16C
:1047300040F202311020FDF72DFC0A46BDE8104082
:104740000146014809F0C4BC50120020044890F80A
:104750002C301BB90349243009F0D7BC704700BF87
:104760004C120020C1E000000346064890F83C20AF
:104770003AB190F8352022B900F82D3B024909F0F2
:10478000C4BC70474C1200201944000010B50A4602
:10479000037A23B140F20A311020FDF7FBFB0146FA
:1047A000BDE810400148072309F092BC60120020C8
:1047B0001346027A0AB1037270470A46014601485D
:1047C00009F086BC501200201B234FF01B1283847B
:1047D000038482618382C260038539B94FF4A47374
:1047E000034AC3844384C261C3820261704700BF2D
:1047F00048014801014909F091BC00BF23E10000D4
:104800000B8BA2F80B304B8BA2F80D308B8BA2F8E0
:104810000F30CB8BA2F809000249A2F811301046E4
:1048200009F076BC73E10000094AD2E90003434075
:1048300083EAB01181EA43214FEAF3435360054B09
:10484000116058434FEAF06000EB8000704700BFF2
:104850008C120020BB79379E094AD2E900034340FD
:1048600083EAB01181EA43214FEAF3435360054BD9
:10487000116058434FEAF06000EB8000704700BFC2
:1048800020000020BB79379E10B50A4C094808214A
:10489000FEF70CF8D4E900321343F7D0064CFFF7CB
:1048A000DBFF2060FFF7D8FF236860601843F6D075
:1048B00010BD00BF200000208C120020174B184AAA
:1048C0009A60184A5A60184A1A60184A9A62184A36
:1048D000DA62184ADA60184A9A61184A1A63184A62
:1048E0001A62184ADA64184A9A64184A5A62184BCB
:1048F000184A9A60184A5A62184ADA62184A1A61C3
:10490000184A5A61184A9A61184A1A63184A9A64EE
:10491000184ADA64184A9A63704700BFFC160020F0
:10492000ADE40000D3E4000039E50000F5E5000047
:104930003FE600007D4C000051E60000F14E000013
:10494000794D000015E700002DE70000C54D00007F
:10495000FC170020C3E40000E9E600006FE6000059
:104960001FE600008FE60000094D0000B3E70000DD
:104970005BE700004DE70000D3E60000044B054A6A
:104980005A65054B054A1A65054A5A65704700BFC6
:10499000FC16002061E80000FC1700204BE8000036
:1049A000CDE80000054B064A9A65064A1A66064B92
:1049B000064A9A65064ADA65704700BFFC16002071
:1049C000B5D8000069D90000FC17002005D8000008
:1049D000E9DA000037B5044601A80D46FFF730F9C3
:1049E00020B94FF4AA615120FDF7D4FA00210198B3
:1049F000222206F095FD019B194601F8035F023D56
:104A0000232D00F28980DFE805F02587128A8A25A8
:104A1000872B878A313D418787458A8A4E4E656557
:104A200087878787878787878787876C77802168CD
:104A3000D1F8CE215A60D1F8D2219A602268D2F8FA
:104A40009420DA600D20FFF707F9002869D140F2C1
:104A50005751C8E7226892F8A0201A710220F2E7A5
:104A6000204600F00BFA0028EDD13DE011221A712A
:104A700059225A7100229A713922DA7110221A725F
:104A80000620E0E7226892F89A20E6E7084600F060
:104A9000E3F9E8E7226892F89B10197192F89A20DE
:104AA0005A710320CFE72268B2F800111971090A80
:104AB0005971B2F8A2109971090AD971B2F8FC10B3
:104AC0001972090A5972B2F8A0209A72120ADA729F
:104AD0000920B8E7226892F82E11197192F82F2157
:104AE000DEE7114B1B6813B940F249517BE72320E5
:104AF000224698470420A6E70B4B1B68002BF3D0F7
:104B000022462420984705209DE7074B1B68002B71
:104B1000EAD022462520F5E740F2445163E7012020
:104B200091E703B030BD00BFFC1800203F289ABFBA
:104B3000024B53F820000020704700BFFC160020F5
:104B40003F289ABF024B53F820000020704700BF57
:104B5000FC170020F7B50568D5F8BC6004464FF691
:104B6000FF770DF102010DF101023046ADF8027040
:104B700007F008FF01A9304607F029FF48B1019866
:104B800007F0EDFF2168A83100220272FFF7FEFD59
:104B9000E7E7044905F1280003B0BDE8F04009F05B
:104BA000B7BA00BF41E40000F0B5044685B00D4639
:104BB000FF2600F8A56C10F8A63CF3B1174F3B7820
:104BC0001BB162211F20FDF7E5F90C21381DFDF70F
:104BD0006DFE3E70002304F8A53C2A468A2302F8A5
:104BE000033BD4F80930C5F80330D4F80D305360D6
:104BF000D4F81130936005B0F0BD01A80C21FDF789
:104C000055FEA4F5F473039A1A6001AB03CB44F884
:104C1000AE0C44F8AA1C04F8A66CDBE79412002042
:104C200010B5054C23782BB90C21201DFDF73EFE55
:104C3000FF23237010BD00BF94120020024690F89D
:104C4000D631BBB990F8D73103F0FF010BB100208A
:104C50007047094B18780028F9D01970D968C2F844
:104C60009410043303CBC2F8CE01C2F8D211FF2353
:104C700082F8D631012070479412002038B50268BE
:104C8000D37B04460D463BB1122B05D0103B0F2BB6
:104C90008CBF0120082038BD92F8523013B920464D
:104CA00009F094FB2268D5F80B30C2F8C631D5F86C
:104CB0000F30C2F8CA312368D5F81320C3F890200A
:104CC000B3F8AA20A3F88522D5F80120C3F88722DB
:104CD000D5F80520C3F88B222368B5F80920A3F87E
:104CE0008F222368002583F89E5183F8D6512068CF
:104CF000044900F51F7009F008FA23681522DA73D9
:104D00002846C8E7A94B000010B50368DA7B1F2AC4
:104D1000044604D040F29D211F20FDF73BF993F893
:104D20005220B3F8AA00002183F8511082B1C3F8D1
:104D3000A91183F85210A3F8AD110D49A3F8AA01E7
:104D400003F5D07009F0E1F923680022DA7310BD91
:104D50000121A3F8990183F89B1183F89821054953
:104D600083F89F21A3F89C2103F28F10EAE700BF8C
:104D7000DDE50000C5E5000038B505682B6813F0D7
:104D8000010419D1D1F801200C4BD1F805101340C2
:104D90000B4AC5F86230C3F3076343F008030A40C7
:104DA00085F86530C5F8662009F010FB2B6843F0E4
:104DB00001032B60204638BD0120FCE72FC904F712
:104DC0006FDB008010B50068837B042B2CD1D1F8F9
:104DD0000130D1F80540C0F86230C3F3076343F0F7
:104DE000080380F8653000234A1CC0F8664080F84C
:104DF0004A30837390F8713103F0FF040BB1002047
:104E000010BDB0F8AA30A0F8733180F87241D1F823
:104E10000130C0F875315368C0F87931034900F2A8
:104E2000691009F072F9EAE70120E9E7A9E6000054
:104E3000006890F871315BB9B0F8AA30A0F873310E
:104E40001A2380F87231034900F2691009F05DB944
:104E5000704700BFA9E6000010B50446FEF79AFEB1
:104E6000044A054B02400B40C4F80120C4F8053049
:104E7000092010BD2FC904F76FDB008037B50C4641
:104E80000568FEF787FE0A4A0A4B0A4095F8621049
:104E90000192034000930B408DF800306B4603CB2A
:104EA000C4F801000920C4F8051003B030BD00BFEC
:104EB0006FDB00802FC904F738B5DB04154604D535
:104EC000037D13B10023436338BD446B0134446355
:104ED00009F04EFC836B9C42F6D3002343630349E5
:104EE0002846BDE8384009F019B900BF09E70000BD
:104EF00038B50468A37B012B054602D023689807C8
:104F000038D494F853309A0713D44A7884F85D2043
:104F10004A88A4F85E208A88A4F86020D80743F065
:104F2000020284F853200FD5134904F1540009F00C
:104F3000F5F894F85330D90711D423689A0708D5A7
:104F400058214020FDF726F894F83231002BEBD1A0
:104F5000EFE743F002032360284609F037FAA37B0A
:104F6000012B4FF0000301D0002038BDA37384F85B
:104F70004A30F9E70120F8E791E7000070B50568CD
:104F8000044602F04DFA054BE8721B6801461BB15E
:104F90002046BDE87040184770BD00BF04190020CE
:104FA000024B1B6803B11847704700BF001900206F
:104FB000F0B51F4D2B78002414709BB1013B6D6838
:104FC000DBB21E1B012E0FDC05EBC40655F8347056
:104FD00076688E4208BF874227D0B84271EB06063A
:104FE00012D214700020F0BD1E19771005EBC70E09
:104FF00055F837C0DEF804708445C6F347068F4184
:105000002CBF33463446DCE705EBC30455F8335078
:1050100064688C4208BF854206D0A84271EB040444
:1050200028BF01331370DDE71C4614700120DAE756
:10503000B412002010F0070208B503D06321482005
:10504000FCF7A8FF18B1034B197258601A70C8001A
:1050500008BD00BFB4120020014B00221A70704737
:10506000B4120020FF230B70074A0D234B708223DC
:105070008B701368C1F803305368C1F80730936828
:10508000C1F80B30704700BFCA1200200248162238
:10509000002106F045BA00BFCA1200200B4B5A7D12
:1050A00092B14A0610D5B0F8AA201A80D0F8502242
:1050B0005A60D0F854229A60C2885A800449022269
:1050C00003F10C00FFF774BB704700BFCA12002049
:1050D00065500000094B53F8203070B503F52343A9
:1050E0000C461646A1334FF47A72B3FBF2F503F087
:1050F0002BF834442C44204470BD00BF58FD0200FE
:105100002DE9F04F8FB09A4690F815310793044679
:105110008946069208F0D6FA834694F81F01FFF7F5
:1051200001F9834409F089FBE37B0393069B1FFA93
:105130008BFB00F16007002B4BD1637B032B48D125
:10514000039B0C2B32D1B4F86C324B452ED1D4F8E2
:10515000F031C4F8E031D4F8C430B4F8C421C4F854
:10516000E431B4F862321344C4F8E831204602F066
:1051700003F9D4F8742294F81D31C4F8C42041F620
:105180004B518A428CBF002303F00103D4F8701204
:10519000D4F87822C4F8D41084F81E31B4F86E1212
:1051A000A4F8D8100223C4F8CC206373E37BA17B5E
:1051B000282B01D028290CD1B4F86C32A9EB0303B9
:1051C0001A0406D4A1F1280359425941204601F09E
:1051D00095FCB4F86052B4F8068094F81531089341
:1051E000A9EB05052DB204F50C73A9EB0808002DF9
:1051F00004930FFA88F817DAD4E99223C4E99623C6
:10520000012345460493D04B1B7813B103F0AAFE4B
:1052100068B90026637B032B00F2D681DFE813F028
:105220006C007201C1009801CDF810A0EBE7B4F852
:10523000D831012BEDD9637B022BEAD094F80262BE
:10524000002EE6D194F81F01FFF76CF8637B00F5A0
:10525000C86B012B1FFA8BFBD9B23FD1A27CD4F8CB
:10526000D430032A33D1D4F8E42113445946D4F876
:10527000E401099303F03AFED4F8E061099BD4F805
:10528000E821C4F8E001861B59461846564303F04E
:105290002DFED4F8EC31C4F8EC01C31A5946D4F809
:1052A000C4001E4403F022FEB4F8C431D4F8E8214F
:1052B00043445B1B9B1AD4F8F021013B821A02FB8A
:1052C00003660123C4F8F00184F80232A2E73046F5
:1052D000099308F0B1FC099B0344C7E7D4F8C40064
:1052E000594603F003FEB4F8C461D4F8F0314644E3
:1052F000761BC31A5E43E4E70121002008F09CFC02
:105300008046D4F8D4005946404403F0EFFD594696
:10531000C4F8EC01D4F8C40003F0E8FD0BA9C4F80C
:10532000F0010CA802F05CFE0B9B0093D4E99601FF
:10533000DDE90C2303F0BCFE049004F1A80009F0A1
:10534000EEFAD4F8D410D4F8642294F815018D182C
:1053500002F002FFD4F8EC11049B203D6D1AED1B06
:10536000454400F52340ED1AA1304FF47A73B0FBA9
:10537000F3F0B4F8D83030312D1A03EB410194F832
:1053800015013A46FFF7A6FED4F86432EB1A223034
:10539000DA2BC4F8F4015DD840F2C7413020FCF7A5
:1053A000F9FDD4F8D430D4F8E4015946184403F098
:1053B0009DFD5946C4F8EC01D4F8C40003F096FDF5
:1053C000C4F8F00104F1A80009F0A9FAD4F8D43027
:1053D000D4F8E4511D44B4F8C431002B40F08E8061
:1053E000BAF1000F00F08A8094F8150102F0B4FEC3
:1053F000D4F8EC11D4F8503294F815216D1A203DF0
:105400001D44D4E992BC514B53F82220A5EB0B0567
:105410004FF47A7302F2E732B2FBF3F21544ED1B5C
:1054200000F52340A130B0FBF3F02D1AD4F8E821A9
:10543000D4F8E03194F8150102FB0313B4F8D81046
:10544000303301EB43013A46FFF744FE0123C4F831
:10545000F4016373D4F8C430D4F8F0217E3B9B1A76
:10546000DF1B002384F83032D4E996328742A5EB63
:10547000060528BF07465B1942F10002C4E99032D5
:10548000C4F8C07104F1DC0008F0BDFE042384F808
:105490003932D4E99023C4E99623B4F8B031A4F8A2
:1054A0006092A3EB09031BB2002BD4BF00220122A0
:1054B000520084F83822039A38440C2AC4F8340283
:1054C00000F08580BAF1000F40F08480637B002BF0
:1054D00000F09D80D4F8C410D4F8F03104F50C70BD
:1054E000C91A08F06CFB80B2002800F09080189B6D
:1054F00003B1188001200FB0BDE8F08FD4F8EC1193
:105500006D1A93E7D4F8F011D4F8C430B4F8C4217C
:10551000D4F8E801D4F8E0C15B1A5D43D4F8EC316B
:105520004244121A3033013A0CFB003301FB0233C0
:10553000B4F8D81094F815013A4601EB4301FFF78F
:10554000C9FDC4F8F40185E7E012002058FD02000F
:10555000D4F8F0E1D4F8C430B4F8C4C1A3EB0E031E
:105560005D43049B3BB3BCF1000F24D1D4E99423E9
:10557000D4E99201904271EB030302D340F20E5141
:105580000CE707992B4B53F82130D4E99201CDE970
:1055900004010498203A121A03F2E7314FF47A7B9F
:1055A00003F52343B1FBFBF10A44A133B3FBFBF347
:1055B000D21AD21B15440CEB08010EFB01F130315D
:1055C00008983A464900BAE740F22651E6E6BAF1B1
:1055D000000F1CD0B4F8D80118B3B4F8DA1194F85D
:1055E000DC21A4F8DA1101FB0222904201F101054D
:1055F0000DDD002B0BDD002384F83832A4F8DA51DE
:10560000FFF712F900F00700013084F8DC0104F51F
:105610000C7104F5027004F063FE20B940F276517B
:10562000BCE60146DBE7069B83F0010384F8003209
:10563000002060E758FD02002DE9F8430E460446BD
:1056400018B9D3213020FCF7A5FC052900F2A7806A
:10565000DFE801F00376413DA52E03F06BFEC4E9BF
:105660004601204600F0C8FFD4F80C01CB3803F007
:1056700017FD204609F0DDFC054600BB014620462B
:1056800009F014FC00F1E506D4F80C01B04209D28F
:10569000301A322838BF3220032103F01BFE60B1DC
:1056A00003F002FDC4F80C61204609F0D4FC45B1BA
:1056B0002046BDE8F84309F0CFBC0125F2E70025FC
:1056C000F2E7D4E94623C4E94023BDE8F883BDE806
:1056D000F84302F091BC09F0F4FB042384F8113183
:1056E0008146884603F0DAFC07220F46A9FB023107
:1056F00002FB0811D4E940525B1941EB0205D4F8D2
:10570000E8203AB159EA080204D0984277EB050242
:1057100028BF012684F81061D4E94826121A66EBE6
:10572000070694F8301139B9012A76F100010BDA35
:10573000204600F069FF03E0012A76F10006F7DB5E
:10574000002384F82831C0E7984277EB05010FD297
:1057500059EA08080CD01B1A65EB07019A4276EB50
:10576000010005DB012B71F10000A4BF1A460E46B3
:105770000C490123914284F829314FF0000384F849
:105780000831B341B8BF0A4604F1C00004F5847182
:1057900004F03AFE002898D140F2B26152E7EF21BE
:1057A00050E700BF0040420F2DE9F84304460E4683
:1057B000154690F8283103F0FF07002B40F0948045
:1057C00000F1C00839467822404605F0A9FE474955
:1057D0002246404604F07EFDC4F8E860FF2384F8CA
:1057E000283166B1FFF738F800F00700013086F87D
:1057F000DC013F49324606F5027004F06BFD40F2D1
:1058000002434FF00009A4F8103184F8089103F026
:10581000CFFB00F19E06204609F00BFCB6B2014614
:10582000C0B307F04FFF00F1280189B2284603F00A
:105830005DFB2844C4F80C0103F030FC301841F142
:105840000001C4E94601012084F8EC00A4F81E9090
:1058500009F0A1FCE53D2D1AC4F8F0504FF0FF35DA
:105860006FF00041D4E94623C4E948510025C4E95A
:105870003E23C4E9402384F8295142F2107204F512
:105880008471404604F0C0FD38BB40F2B9113020AD
:10589000FCF780FB204609F009FBDFF85890E53063
:1058A000C4F80C01B9F8020048B1E08B38B1FEF73A
:1058B000D3FFB9F80230B0FBF3F202FB1300064449
:1058C00003F0ECFB361841F10001C4E94661002DFC
:1058D000C4D0AD1941F10001C4E72946204609F0C2
:1058E000BDFB3846BDE8F8830C27FAE739560000BF
:1058F00039E90000E0120020F0B5002385B0CDE9C1
:10590000003301238DF806306846FCF7A9FE70B11C
:10591000104E012333710023CDE9023302A8FCF7B6
:105920009FFE044638B10023337105B0F0BD0098E6
:1059300009F0EAF8E8E7029D6B7B002BEED005F555
:105940000277384603F060FC384603F071FC6C7354
:10595000E4E700BFE0120020054B002201215A714C
:1059600019701A7142F210725A80FFF7C5BF00BF5A
:10597000E0120020014B5871704700BFE012002078
:1059800008B502F071F8044B9A6882422ABF187970
:10599000002080F0010008BDE01200202DE9F3474F
:1059A0000446062900F2DB80DFE801F004847381FD
:1059B000878CD300D0E99201D4E99423904271EB13
:1059C000030354D294F80232002B50D0637B032B94
:1059D0004DD108F032FF94F815A1814607F072FE10
:1059E000064694F81F01FEF79DFC064494F81F013B
:1059F000FEF798FCD4E99223D4F85072D4F8C05141
:105A000080465046BF1A02F09FFB564A52F82A20A1
:105A1000A5F1600302F52342A1324FF47A71B2FB83
:105A2000F1F29B1AA3EB09031B1A09F1890909EB8F
:105A30005309B6B2603B08F5C86873431FFA88F88B
:105A4000B3FBF8F360335A08A9EB53039F4202D328
:105A500091444F4501D903F08BFAD4F8C400314684
:105A600003F044FA0023C4F8F00184F802323E4BFC
:105A70001B7903F0FF0263B90092B4F8B41101235B
:105A80002046FFF73DFB30B140F2CE613020FCF7FD
:105A900081FA0423637302F079F904F007FCE288C9
:105AA000A4F8FE210023A4F8623284F8013202B087
:105AB000BDE8F08703234373F9E709F017FDC4E954
:105AC0009401F4E790F81501274F08F018FF6E30A5
:105AD000D4F8F031D4F8C45095288CBF0020C0F120
:105AE0009600C218954288BFED1A7B798CBF2D1A9B
:105AF000002523B9D4F8DC309D4228BF1D4604F1AF
:105B0000DC00D4F8C06108F07EFB0644022003F0FC
:105B1000B5FBAD1B25EAE575854228BF0546022188
:105B2000284603F0D7FB10B103F0BEFA2E44012340
:105B3000DC22314604F1A80008F010FCD4F8C03192
:105B4000B860D4F8C400184402B0BDE8F04703F0D0
:105B5000A7BAA83002B0BDE8F04708F0E0BE40F2B6
:105B60009C7193E758FD0200E0120020014B588021
:105B7000704700BFE0120020074A03461068D3F8C0
:105B80004920C0F80320B3F84D20A0F8072093F86F
:105B9000481008F091B900BFEC12002070B504461F
:105BA0000E466588807D15F00401134618BF04F188
:105BB00057013246FEF700FB4107054621D4C207D4
:105BC0000BD5012384F84830A07DFEF759FB03680C
:105BD000C4F849308388A4F84D30AB0701D40120C4
:105BE00070BD094B1868D4F85730012184F856105D
:105BF000C0F80930B4F85B30A0F80D3008F065F952
:105C0000EDE70020ECE700BFEC12002038B5C38CB4
:105C10000F4D0133C3F30E03C3842B7C04462BB119
:105C200002F09EF901F072FC00232B7400232B710B
:105C300094F869302BB101212046BDE8384009F0C5
:105C40002FB8637C13B1E28C9A42F4D20021F3E7BF
:105C5000EC12002010B5074C2379012B05D1237CD1
:105C60001BB102F07DF901F051FCA069BDE81040C4
:105C7000FFF7CCBFEC12002070B5254C2379012B27
:105C800004D040F682412D20FCF784F998B9012513
:105C9000237C1BB102F064F901F038FC002D36D0F2
:105CA000A06908F04CFF68B302F020F8E369BDE892
:105CB00070409B6818472168A26911F8095B02F1DE
:105CC0004903E80992F8482007F01FFF0028DED0BA
:105CD0002068002108F01EF90028D8D02379A06997
:105CE000012B02D040F65C41CDE72379E26903F154
:105CF00080435269013B05F00F0152F82330984769
:105D00000546C5E7A069BDE87040FFF77FBF70BDDD
:105D1000EC120020074A0346906903B909B9FFF75E
:105D200075BF1379D26903F180431269023B52F8BF
:105D300023301847EC1200202DE9F043032985B0E9
:105D40000546174607D14388980723D400242046E8
:105D500005B0BDE8F083428890F86830D107DBB227
:105D6000F4D5002BF2D14FF00108DFF8D49099F868
:105D70001060C6B107F00DFF0828387016D002AACF
:105D80000DF10701FEF7EEF938B940F6F7612D2065
:105D9000FCF700F94FF00208E7E79DF8070002A9B9
:105DA00008F033FD06463B78082B08D1D9F80010DF
:105DB00011F8030BC0F3801008F027FD0646D9F850
:105DC000001095F84F2011F8030B05F15003C0F3B4
:105DD000801007F09AFED9F80010044611F8030B62
:105DE000C0F3801007F0CBFE8146FEF75BFA40B1AE
:105DF000B9F1080F1BD04846FEF7E0F880F0010328
:105E0000D8B23A78082A14D01CB9AC7DA21A5442F0
:105E100054416A8853079AD4002897D176B9EC7C0C
:105E2000444518BF002C0CBF012400248FE700203C
:105E3000E7E780F001022240D4B2EAE7344686E781
:105E4000EC1200202DE9F04F85B008230DF1070278
:105E5000052104468DF80730FFF76EFF064620B98E
:105E60000026304605B0BDE8F08F794F39687A7C5E
:105E700011F8030B07F11203C0F3801007F045FE81
:105E800080460028ECD13B68A16918468D7D10F84A
:105E9000032BC2F340122A408A75D3F80320C1F8BD
:105EA000AD208288A1F8B1201D46A26915F81F1BFC
:105EB000C1F3801182F8AC10D3F81F00029002A940
:105EC00028790871D3F80F00C2F8C800587D1D7DED
:105ED000000440EA0520DD7C2843C2F8D000B3F876
:105EE000190082F81E8140F2E24909FB00F0C2F875
:105EF000C4009D7DC5EB451005EB800505EB8505D0
:105F00006D00A2F8D850B3F8170009FB00F0C2F8F2
:105F1000D400B3F81B00A2F8CC00B3F81D00A2F81F
:105F2000CE0093F8243003F01F005B0982F82200B2
:105F300082F81F31A56994F912A005F1160007F047
:105F400019FF40F20113A5F814314FF0FF0B85F84B
:105F500016B1414605F1DC00FEF736FC514605F16D
:105F6000A800FEF7D5F9A36984F87380B3F8AA20D6
:105F7000A4F8742084F891B04FF6FF72A4F8922030
:105F8000D3F8C420B2FBF9F2A4F88A20B3F8CC20ED
:105F9000A4F88C20B3F8CE20A4F88E2093F81F210B
:105FA00084F89020627D9DF8070004F17E0162B3C1
:105FB00094F84820012A28D194F84E2002F0C0021B
:105FC000402A22D1D4F84920C4F87E20B4F84D20CC
:105FD0008A8093F8AC2084F87720082803F1AD0577
:105FE00004F18401D3F8AD3004F1780227D0C4F86D
:105FF0008430AB888B8004F17701FEF7B3F840B9A9
:1060000040F6E2312D20FBF7C5FF0022C4F87E20C8
:10601000DEE794F8773043F0020384F8773004F138
:106020006A000C4908F071F80B4BA0691B6800224C
:106030003A71002B3FF415AF2146984711E7A3674B
:10604000AB8893800023C4F884308B80E7E700BFDF
:10605000EC120020C9ED00000C190020032937B50F
:10606000044604D0052953D0012003B030BD0823D5
:106070000DF107028DF80730FFF75EFE0028F3D020
:10608000237C284D03B39DF8070094F8B630DBB9A4
:10609000237884F8B730082804F1B90229D004F134
:1060A000B801FEF75FF820B94FF477612D20FBF7B8
:1060B00071FF94F8B83043F0020384F8B8301A49FD
:1060C00004F1AE0008F021F82B6804221A700622B1
:1060D0005A702046FFF750FD286894F83820616B0D
:1060E00007F009FF032328682B7101F0BFFE002091
:1060F000BBE72868034613F8031BC1F3801184F83B
:10610000B810D0F80310C4F8B9109B889380D6E774
:10611000064B1B68002BEAD0984780F00100C0B204
:10612000A3E700BFEC120020B1ED00000819002029
:10613000F8B504460F4619B300F12005284609F0CA
:1061400003F8A0B963881A072ED5284609F013F87A
:106150000646284608F0F8FF301AC0B209F01BF8CE
:10616000474A936803442846936008F0C9FF2846CD
:1061700008F0CBFF01F038FD2179252001F098FCD3
:106180003F4E94F8562030680023037043706388B4
:10619000103B0D2B64D8DFE803F05F635B0C6340BA
:1061A00063636363636363402046BDE8F840FFF7C1
:1061B0002DBD06234370202303702046FFF7DCFC2F
:1061C000638823F008039BB2152B05D094F8302088
:1061D000E16A306807F080FE306801F047FE022374
:1061E00021793371002001F00DFD054607B9F060FB
:1061F00063881B0704D508F0CBFF0544C4F8F450AE
:106200006388103B0D2B36D8DFE803F038352F2F8D
:10621000352F353535353535352F0C23437003464D
:10622000212103F8091B52B1D4F85720C0F80920E6
:10623000B4F85B209A80012107F047FEBDE7226D8C
:10624000C0F80920B4F854209A8094F84F10F3E76E
:10625000062303704370B0E7022303700623F9E7B7
:1062600040F259612D20FBF795FE21790120BDE810
:10627000F84001F09BBE40F6F541F3E7F8BD00BFE2
:10628000EC12002038B54388102B044604D1BDE839
:1062900038400121FFF74CBF0B4D2B7C23B101F09F
:1062A0001BF9402001F050FE286801F0DFFD6088F6
:1062B00010F0040002D1217901F078FE002001F0F5
:1062C00029FE01232B7138BDEC120020024B012165
:1062D0009869FFF72DBF00BFEC12002010B5124CDB
:1062E000237C1BB101F03CFE01F010F9A06908F01D
:1062F00026FC38B12379012B09D040F686312D20B8
:10630000FBF748FEA069BDE81040FFF77FBC23798A
:10631000E269A069D26803F18043013BBDE8104007
:1063200052F82330184700BFEC12002010B5074880
:10633000037903F0FF0433B914222146043005F039
:10634000EFF8204610BD0C24FBE700BFEC12002044
:1063500010B50A4C00232371FDF708FC2060FFF7FD
:10636000E5FF20B14FF442712D20FBF713FEE369E6
:1063700013B940F20B31F7E710BD00BFEC1200205B
:10638000014B024ADA617047EC12002054660000AB
:10639000034B044A1A60044B044A1A60704700BF5A
:1063A00008190020455E00000C19002053EC000085
:1063B000F8B5057DAF1E0446FFB2002D3AD0012F7F
:1063C0002DD800F1500190F84F0007F0D8FB0828B5
:1063D000064624D0FDF7FEFD10BB023D18BF012587
:1063E000012F8CBF0027012784F848506775A675D8
:1063F000FDF7B2FE054602F051FE154B0022E5FB0B
:106400000301C4E9100184F8562011462046FFF725
:10641000C5FB70B940F2A3412D20FBF7BBFD082658
:10642000022D09D104F149010020FDF75FFC60B99C
:106430000020F8BD0826F5E704F149010120FDF729
:1064400055FC0028F4D00125CAE70025C8E700BFA5
:1064500040420F00F0B5444E327985B0044602F058
:10646000FF0312B90278FF2A04D140F6DD112D2076
:10647000FBF790FDB36080F869303C4B00933C4BD8
:1064800001933C4B0293F36968465B68039301F008
:10649000E5FC01F04FFB01F063FD01F037F83648F1
:1064A00001F098FB04F12005344801F0D1FC2846A6
:1064B00008F026FE284608F028FE01F095FB217919
:1064C000252001F0F5FA94F9120001F07DFB04F1AA
:1064D0002C01A06A06F061FC04F134010746A06AB1
:1064E00006F082FC0546DFB1237FCBB1B4F926501C
:1064F000ED43ED0F637D13B963885B0709D5D4E9DC
:1065000010126FF000439A4208BFB1F1FF3F0DD166
:106510009DB930680330FDF73DFE307405B0F0BD25
:10652000002DE7D0657F002DE0D1E3E702F0B6FD56
:10653000D4E9102390429941EAD30122294620460A
:10654000FFF72CFB50B1FDF707FE054602F0A6FD54
:106550000B4BE5FB0301C4E91001DAE7002DD8D0AD
:1065600040F61C2183E700BFEC120020DD62000032
:10657000795C0000155D0000D6BE898E555555002A
:1065800040420F0073B50446FFF764FF0021204628
:10659000FFF7CEFD236E0BB101221A606388DB0783
:1065A00024D50023124EA569CDE90033FF2373746F
:1065B0006846FCF755F8C8B9009CA542F8D095F894
:1065C000B32094F8B30005F1B40304F1B40107F06B
:1065D0009CFA0028ECD094F8AC307374D4F8AD3049
:1065E000C6F81230034BB4F8B1209A8002B070BDE7
:1065F000EC120020FE120020024B9861DB691B6840
:10660000184700BFEC12002043881B0710B5044652
:1066100012D583690A493C2280F87320B3F8AA3066
:10662000A0F87430FF2380F891304FF6FF73A0F884
:1066300092306A3007F069FDFF2384F8693010BD9D
:10664000C9ED000015EE0000856200001BEE0000A1
:106650005D60000085650000555C0000CD620000B3
:1066600044660000486600005066000001380228B9
:1066700008B503D9C4212F20FBF78CFC13290A4B42
:1066800005D811290CD8102907D0D221F3E71529F4
:10669000FBD103EB4003D88801E033F8100008BDBC
:1066A00003EB40039889FAE7D8FC0200294A38B581
:1066B000948803461C43402B1068948004D1042125
:1066C000BDE83840FFF76AB9802B01D10521F7E713
:1066D00003F00304032C04D140F6A4313120FBF76E
:1066E00059FCDD0706D50C6891602478062C0FD084
:1066F0000B2C17D09C0706D509680978117305295A
:1067000019D00B2921D09B0644BF0823537338BDF1
:10671000C47B1B2CEED100240025C0E91C450124BC
:10672000C474E7E7C47B112C01BF0024C4740124A6
:1067300080F85240DEE7C17B1729E4D10024002510
:10674000C0E91E4501210175DDE7C17B1029DAD1C1
:106750000021F8E70C1300200C4A517B034689B94D
:1067600010683BB9B0F80411B0F8E820914209D89C
:10677000FFF706B993881B0706D5007C073818BFBA
:106780000120704700207047012070470C13002043
:1067900073B504460068036813F0300F0D4649D105
:1067A000B1F805101A2904D9B5F80730B3F5A47F5C
:1067B00006D22978204602B0BDE8704007F02FBE0F
:1067C000B5F801201A2AF4D9B5F80360B6F5A47F0C
:1067D000EFD30096DC3007F028FD174B9A8892071C
:1067E0000DD51B7B142B0AD12268136843F01003CC
:1067F0001360204607F0EAFD002002B070BD236858
:106800009A7B202AF0D093F82331002BECD1236817
:1068100093F82231002BE7D123681A68B3F8AA0055
:1068200042F020021A6003F1DC0103F5A472FDF7C7
:10683000E7FFDEE70120E0E70C1300202DE9F84335
:10684000614D06462C6800287ED1AB881A0725D5F5
:1068500094F89E30FE2B04D140F2FB513120FBF71F
:1068600099FBFE2384F89E30E37B1D2B05D184F831
:106870005100284607F0B4FDE673A37B232B06D115
:10688000E37B233B072B94BF2A232423A373237C7E
:10689000072B02BF0223AB7384F89E30AB88DB0763
:1068A00017D4AB885F0776D499077DD5287B2B68F2
:1068B00001220D2883F89F2073D011287DD007284E
:1068C0007DD0FEF73DF9034600286BD140F2EE5132
:1068D000C4E7D5F80080A96898F80F30D1F8009087
:1068E000103B0F2B99F8007009D8BB1EDBB2092BA7
:1068F00067D840F2333222FA03F3D80761D5097919
:106900003846FDF773FD20B939462F4807F087FD5B
:1069100039E0012F01D9162F21D198F80E0007F088
:106920006EFD40B198F80E30232B04D0242B07D1F4
:106930002A2388F80E303846FEF7F8F803461BE0A5
:10694000162F14BF022620266B7B1B0704D5E37B82
:10695000103B0F2B98BF08263046BDE8F883112F57
:1069600015D005D8072F14D00D2FE4D1174B05E013
:10697000142FE0D1164B1B68002BC5D0AA68124813
:1069800012794946984700288BD00646DCE7114B20
:10699000F4E7114BF2E7227C062A04BF0122AA7316
:1069A00082E70E4B08489847AB88DA06CCD5E37BE4
:1069B000092BC9D10A23E373C6E7094BF2E7094B58
:1069C000F0E70826C0E700BF0C1300200DF300001D
:1069D0001019002051F300006D6A000037F200002A
:1069E00083F20000ADF200002DE9F041A0F10E04A9
:1069F0000B1EE4B208BF1F23172C16460AD8012528
:106A0000A54040F251210D4207D115F460051FD178
:106A1000082C07D00020BDE8F081BDE8F04100213E
:106A200008F0BDBB1468A17B242906D11946304665
:106A3000FDF7D8F884F82C5105E02A29EAD1E37B48
:106A4000233B072BF3D80023A37384F84A30E1E7F4
:106A5000054A1468002CDDD01A460146234630460C
:106A6000BDE8F041184700BF1419002070B54D78FB
:106A7000A5F10E03DBB2152B04460CD8012101FA57
:106A800003F640F25122164207D10268152B927B81
:106A90002AD0082B07D0002070BD02462846BDE84A
:106AA000704008F07CBB242A01D02A2AF3D120466A
:106AB00007F084FC2368DA7B252AECD093F8632066
:106AC00022F0010283F86320226892F8633023F0F9
:106AD000080382F863301A212046FDF783F8236803
:106AE000002283F82C21D6E72C2AD4D1024B1B6834
:106AF000002BD0D09847CEE7181900202DE9F0419F
:106B000090F86E7290F86F6204460D467FBB90F865
:106B1000141176BB94F8153184F8141184F81531EA
:106B2000FF2384F81631154B1B6804F1A8080BB13C
:106B30004046984794F82C31012B01D03E4303D0B6
:106B4000237B43F001032373404607F075FB18B124
:106B5000237B43F00203237306212046FEF71EFF2A
:106B6000002384F82C3135B1A373BDE8F081394698
:106B7000CFE73346D0E7E573F7E700BF1C190020E5
:106B800073B5484D002604462860AE806E73AE7320
:106B9000FF2380F84C30B0F8B231002B7CD090F855
:106BA0009E30FE2B78D190F82031002B74D0037CDE
:106BB000063B012B70D990F82131A0F8446080F891
:106BC000A0300221012208F043FB84F8BA610221BF
:106BD0002846FDF7FFFEB4F8B611B4F8B821B4F8B2
:106BE000DA30013989B2B1FBF3F31344A4F8B831B8
:106BF000B4F840300B44A4F84030204608F075FB50
:106C000010B1636B0B446363B4F8B231012B9CBFCA
:106C10000133A4F8B231002609B184F8BE61E37BE8
:106C200084F8BA61093B012B0FD8E388B4F86C22D1
:106C30009B1A190409D404F26E2104F1160007F01E
:106C400099F8E673FF2384F84B30B4F8B62104F1C9
:106C5000A801204607F0D4F8E37B134A1349103B00
:106C60000F2B8CBF0023012300932868104BFCF7E7
:106C700065FA2C68237BDA0703D50A480021FCF764
:106C8000B1FF237B9B0703D504F23F10FDF7B2FD54
:106C90000023237302B070BD94F89E10FE299AD091
:106CA000004896E70C13002059670000AD6600000D
:106CB000B56C00002DE9F047B24F0E46B9883C682C
:106CC0008D0556BFB4F8402000230132804646BFF0
:106CD000A4F8403084F8BE31A4F84020204608F0E3
:106CE00004FB38B10B4604F59B7204F1A801204661
:106CF000FEF7E2F8BB8803F4C06323B1A37C002B4A
:106D000045D0032B49D0A27CBB88012A03D11805AA
:106D100044BF0222A274B8F1000F40F08F805906E0
:106D20005DBFB4F8D821013292B24246A4F8D8210E
:106D300003F00A020A2A0CD13A7B022A09D123F075
:106D400008033046BB80FFF779FD08233043C6B205
:106D5000BB803046FFF772FD3D6895F89E303043AA
:106D6000FE2BC6B23BD1D6BB2B7C063B012B36D9C2
:106D700095F82031ABB195F82131A5F8446085F83C
:106D8000A03001220221284608F062FA27E0012102
:106D9000A1742046FEF702FEB5E70223A374012189
:106DA000F7E795F80FA0AAF10F0A5FFA8AFABAF18D
:106DB000100F40F2E9802B68DA0702D5324609212C
:106DC000E1E7980740F18D8032460C21284608F013
:106DD0003FFA95F8533043F0010385F85330B4F887
:106DE000B83194F8BB510133A4F8B831002D00F04C
:106DF000FB81FCF767FA10B10023A4F8B831A17C3D
:106E0000012940F22382237C072B40F00582B4F84D
:106E10004030022B40F21A82B4F842500135ADB234
:106E2000E3882B44A4F8B03194F8BC31002B00F077
:106E300011820123E2881344A4F8B431BB883D6871
:106E40005B065FBFB5F8C431B5F8B6219B189BB29D
:106E500048BF0023A5F8C43195F820311BB92B7C1D
:106E6000063B012B06D8B5F84430B5F8B6211344DB
:106E7000A5F8443095F84A1031B1B5F84630B5F868
:106E8000B6211344A5F8463095F95020002AC1BF19
:106E9000B5F84E30B5F8B6011B18A5F84E3095F888
:106EA000313063B9B8F1000F40F05E82BB7B022B3A
:106EB00040F0168295F8A030062B18BF162395F8DF
:106EC000302022B92F4885F83130FDF743FE28469F
:106ED00008F06BFA002384F84C30BDE8F047FCF76B
:106EE000D7BE590702D5324613214CE71A0706D5FB
:106EF00095F8983085F8A0303246072143E713F023
:106F0000300F3AD095F82331002B5BD195F8223120
:106F1000D3B1EB7B282B05F1A80005F5917105F2A3
:106F20006E2228D0AB7BA3F1280CDCF1000343EBED
:106F30000C0307F06CF92B6823F0200343F01003D7
:106F40002B60002385F822312B68DA063AD505F14B
:106F5000A80007F071F918B105F23F10FDF74AFCDF
:106F6000B5F8FE30A5F8A030B5F80231A5F8A2308A
:106F70000022152107E70123DBE75B0622D500226B
:106F8000242100E70C130020D7F8009099F80F3067
:106F9000172B2DD011D8102B1DD0152B1FD0AB7B4C
:106FA000002B63D1EB7B0F3B102B67D995F83E305C
:106FB000002B63D001221221E5E61F2BEFD13246D0
:106FC00006210AE03868C37B252B3FD0342BE6D15D
:106FD00000221121D8E632460B214846D4E6484625
:106FE000FDF72CFE00283FF4FAAE00220421F4E75E
:106FF00099F86832012B07D132460521484608F03E
:1070000027F989F86862EAE699F86832022BD9B262
:107010007FF4E5AE99F8523053B1062389F8A030D9
:107020003246484608F014F9002389F86832EAE746
:107030003B6840F20632A3F89A2099F8623013F0C8
:10704000040F32460CBF0D211121EAE790F82C31D4
:10705000022B02D10022172196E690F82C31012B49
:107060009DD190F82D31002BF4D098E7082B05D155
:1070700095F8993085F8A03001223EE7BAF1100F5B
:107080007FF6ADAE3D6895F80E90B9F1000F7FF434
:10709000A6AE95F833313BB101220E21284608F007
:1070A000D7F885F83391AEE795F8323183B195F88A
:1070B000539019F0030A0BD101220C21284649F004
:1070C000010908F0C5F885F8539085F832A19AE7D0
:1070D00095F822313BB395F8233123BBEB7B282B6A
:1070E00005F1A80005F5917105F26E2219D0AB7B70
:1070F000A3F1280CDCF1000343EB0C0307F087F845
:10710000002385F8223101221421284608F0A0F836
:10711000B5F8FE30A5F8A030B5F80231A5F8A230D8
:107120005DE60123EAE795F82C31012B3FD195F874
:107130002D31002B3BD1EA7BA2F12303072B36D95B
:1071400095F81401012806D0022804D04FF43F71AD
:107150000620FAF71FFF95F81511012901D0022921
:10716000F4D1022895F82E310BD0012B14BF002347
:10717000012343B9093A042A7FF631AE01221621D0
:1071800001E6022BF2E7022995F82F310DD0012BF1
:1071900014BF00230123002BECD076480021FCF71C
:1071A00021FD002385F82C3119E6022BF0E795F834
:1071B00035314BB195F82D3133B9EB7B233B072BA0
:1071C00002D901222321DEE595F83431012B05D1C6
:1071D000002385F8343101222521D4E595F8343196
:1071E000022B7FF4FCADF3E7FCF766F808B1A4F8D6
:1071F000B851FCF76FF800283FF401AE94F8BE31A7
:107200000133DBB2022B84F8BE3182BF0023A4F825
:10721000B83184F8BE31F2E594F83E3013B1A37B67
:107220000E2B13D1B4F84250B4F840302046ED1A7A
:10723000033D08F05AF858B1A36B626B033B9B1AED
:107240009D42A8BF1D46012D3FF7E9AD0125E7E5A9
:107250002B46F5E7012D7FF6ECADE37B13B10A2B4E
:107260007FF4E7ADA37B002B7FF4E3AD237C002B01
:107270007FF4DFAD02297FF4DCAD94F8BE31002B42
:107280007FF4D7ADD4F8BC00B4F8DA9005F0CEFBAB
:1072900000283FF4CEAD94F89E30FE2B7FF4C9ADAC
:1072A000B4F8B231012B7FF6C4ADB4F8B821B4F80C
:1072B000CC309A42BFF4BDAD9B1A9BB2013DADB23A
:1072C000B5FBF9F59D4228BF1D4619FB05F3003DAE
:1072D00003F1010318BF01259BB284F8BA51A9E557
:1072E000012B08D16B7C002B7FF4E9AD00212846EF
:1072F000FEF754FBEEE55EB1F00633D4310733D42C
:10730000B20633D4B30733D14FF43161312020E7D3
:1073100039B1B5F84610B5F84830994201D3222367
:10732000CDE5002A05DDB5F84E20B5F848309A4283
:10733000F5D2B5F84420B5F842309A4209D2AA7C79
:10734000B5F8403052B1B5F842209A42CED8082361
:10735000B5E595F82031002BE1D1F0E7052BC5D933
:107360003E23ACE51E23AAE53D23A8E52323A6E59D
:107370002A23A4E50C13002013B5D0F87432D0F8FA
:10738000C42001909342044605D1D0F87812D0F879
:10739000CC20914216D0B4F8AA20A4F8872140F25C
:1073A000E242B3FBF2F3A4F88931B4F87832A4F8DE
:1073B0008B31B4F87A320A49A4F88D3104F27D1089
:1073C00006F0ACFEB4F87A22D4F8741201A8FCF7E7
:1073D000B7FF0023E3730323A37402B010BD00BF03
:1073E00019E5000008B5FDF7C9FA024B024A1A6018
:1073F00008BD00BF1019002091670000074B93F9EA
:1074000000301844142804DC10F17F0F03DB40B275
:107410007047142070476FF07E0070471D130020E6
:1074200007B57F230DF107008DF8073000F0A6FDAA
:1074300003469DF9070053B1094B5B785B4240FA64
:1074400083F0142806DC10F17F0F05DB40B203B097
:107450005DF804FB1420FAE76FF07E00F7E700BF49
:107460001D130020024B00221A705A70704700BF93
:107470001D130020064BD3F8000138B1D3F80401E6
:1074800020B1D3F80801B0FA80F04009704700BF7E
:1074900000F00040034B00221A705A7010229A70BC
:1074A000704700BF1F13002070B506460220144627
:1074B0000D4600F0A3F8064B01221A70054B033C61
:1074C000C3F81045C3F80865C3F8045570BD00BF84
:1074D0001F13002000F0004008B5022000F08EF8D5
:1074E000084B01221A70084B0022C3F80021C3F890
:1074F0000421C3F8082103F580334FF40002C3F8D8
:10750000042508BD1F13002000F000400E4A08B5F6
:10751000137883B10D4B4FF40001C3F80815FFF742
:10752000A9FF68B101235370094BD3F80034DBB2D3
:10753000937000231370BDE80840002000F05EB88F
:1075400050701023F4E700BF1F13002000F001402B
:1075500000F00040094B1A7862B1094BD3F80021C2
:1075600052B1D3F8040140B1D3F80801B0FA80F069
:107570004009704758787047022070471F13002059
:1075800000F0004008B5074B1A783AB1FFF772FFD8
:1075900030B1054BD3F80004C0B208BD9878FCE7C1
:1075A0001020FAE71F13002000F0004008B50A4B36
:1075B000D3F80025032A04BF01229A600022C3F8F1
:1075C0000025C3F8002500F0F9FE044B4FF400023B
:1075D000C3F8082508BD00BF00F0004000F00140DE
:1075E000054B4FF40042C3F88020BFF34F8FBFF329
:1075F0006F8FFFF7DBBF00BF00E100E010B504466E
:10760000FFF7D4FF012C06D0022C0CD054B18C21F2
:107610003D20FAF7BFFC0B4B0222C3F800250A4AB3
:10762000C3F8142510BD074B0322C3F80025064AF2
:10763000C3F8142503F580334FF40002C3F8042582
:10764000F0E700BF00F0004022130020044B186850
:10765000062818BFB0F1FF3F0CBF01200020704783
:1076600068160020044B1868062818BFB0F1FF3FC9
:107670000CBF0120002070476816002008B5FFF7F6
:10768000E5FF38B1044B1868063810F1080F94BFB5
:107690000020012008BD00BF6C16002008B5FFF7D0
:1076A000E1FF38B1044B1868063810F1080F94BF99
:1076B0000020012008BD00BF6C16002008B5FFF7B0
:1076C000C5FF38B1044B1868063810F1080F8CBF9D
:1076D0000020012008BD00BF6C160020064B0022D0
:1076E000C3F80021C3F80C21C3F81021C3F804210A
:1076F000C3F80821704700BF0010004070B5134D5B
:107700006E7F0346084626B940F6C1013E20FAF7CF
:1077100041FC63B9012EAC69297F05D100F03CFD25
:1077200020442B69C01A70BD07F0F6FEF8E7012B64
:1077300009D1012EAC69297F02D100F01DFDEFE7D0
:1077400007F0F5FEECE70020EBE700BF3014002067
:107750000B4B93F82B0088B193F82A307BB1094B7F
:10776000D3F8002242F00102C3F80022D3F85005FA
:1077700000F0F600023818BF012070470120704762
:10778000301400200010004008B5094B0128187182
:10779000084B06D0022808D040F645513E20FAF7A3
:1077A000F9FB0322C3F8102508BD0422FAE700BF45
:1077B000301400200010004008B570B9104B28317B
:1077C000D96018460F4900F023FF0130012816D96F
:1077D00040F2C2613E20FAF7DDFB01280CD1084BD4
:1077E0002931D9601846074900F018FF01300128F7
:1077F00005D940F2CC61EDE74FF4DA61EAE708BD64
:1078000028000020ECFC020008B50C4B5B78012B33
:1078100009D100F009FF013001280ED940F61111FD
:107820003E20FAF7B7FB022B07D100F003FF01302F
:10783000012802D940F61711F2E708BD30140020E4
:10784000094B0A4A1B89B3F5166F3ABFA3F63813E2
:1078500043F48073A3F5166300F07F00C2F8083587
:10786000C2F85405704700BF3014002000100040DB
:1078700010B50C46FFF788FF2046FFF7E1FF0F4ADF
:107880000023C2F81C31D2F8003243F48873C2F8E6
:10789000003240F20313C2F8343540F25B63C2F8A1
:1078A0003835FFF7EBFE40B9FFF708FF28B9D2F8EB
:1078B000683543F4C023C2F8683510BD001000409D
:1078C00073B50C46154D0646FFF75EFF2046FFF7E1
:1078D000B7FF214695F9052001AB304600F034FE94
:1078E0009DF8050000F0ACFE20B140F2E3513E20CF
:1078F000FAF750FB9DF90400294600F035FC084BCF
:1079000040F20312C3F83425284640F25B62C3F804
:10791000382502B0BDE8704000F0FABD30140020F8
:10792000001000402DE9F04106460C46174601F0D4
:10793000C3FB0028FBD02C4B2C4D4FF40022C3F886
:1079400008259EBB01236B7095F82A301BB9A979D5
:107950003846FFF7B5FF264B33F817304FF47A72ED
:1079600003F5FA73B3FBF2F3224AE41A1E4BC3F891
:10797000AC252B691C4A204FE1184FF001081F4B22
:1079800085F82A80C7F84015C2F8A8352B6A43F459
:1079900000232B624FF40023C2F80435FFF7D8FE12
:1079A0000446B8B900242046BDE8F081012E0CD170
:1079B00002236B7095F82A301BB9A9793846FFF776
:1079C00057FF094B0E4A293CD1E740F634013E20CF
:1079D000FAF7E0FAC7F84C80D7F84C358B42E1DA79
:1079E0003046FFF7E9FEDEE700F0014030140020EA
:1079F00064FD020000100040008000404081004013
:107A00000410004008B540221048002103F088FD12
:107A10000F4B1B6823F004020A2A05D0102B03D059
:107A2000082B0ED1402200E024220A48FF2103F057
:107A300077FD4FF080430022C3F8082EC3F8102EC4
:107A400008BD0D2BEED03822EFE700BF3014002028
:107A500068160020000E0040024B0344187E00F51B
:107A600016607047ECFC0200024B98691B69C01A53
:107A7000704700BF301400200A4B1A7FD3E904304E
:107A8000C01A094B03EB82031B6CC01A074B53F857
:107A900022304FF47A7203F2F313B3FBF2F3C01AFD
:107AA000704700BF30140020ECFC020058FD0200BB
:107AB000FF2808B504D940F2CB213E20FAF76AFA34
:107AC000114B0129188504D0022919D04FF44F71A8
:107AD000F3E700230D4A43F4801340F0007043F4B1
:107AE000847340F44030C2F81435C2F81805D2F857
:107AF000503503F0F703032B05D140F25631DCE794
:107B00004FF08073E6E708BD3014002000100040FD
:107B100008B5FFF7B3FD50B1054AD2F8743723F02A
:107B2000807323F0010343F08073C2F8743708BDFB
:107B3000001000401E4B2DE9F0410226C3F8806082
:107B4000BFF34F8FBFF36F8F01F0B0FA044601F01F
:107B5000F1FB184D001B184C286100274FF001085D
:107B6000C4F8FC7FC4F8FC8F00F082FC40F20122D4
:107B7000C4F83085C4F85026104AC4F80062107C5E
:107B800000F076FD0E4A0A4B0E49C2F80415102289
:107B9000AF836F85AF61C3F88061C4F804231E60B2
:107BA0002B6C03B19847BDE8F04100F025BD00BF44
:107BB00000E100E030140020001000402800002008
:107BC00000F001400000020C014B5871704700BFEB
:107BD00030140020034B020E0002C3F82425C3F822
:107BE0001C05704700100040044B054A0344907187
:107BF0001B7E03F516631381704700BFECFC020087
:107C000030140020F8B52B4C94F82B3006460F4664
:107C100023B940F206713E20FAF7BCF9264A012347
:107C200084F82A30D2F8003243F00103C2F800325F
:107C300001F042FA0028FBD02EBB0123A17963702A
:107C40003846FFF73DFE6378012B02D04FF4E9611F
:107C5000E1E71A4AD364A2F5E0421360174BD3F868
:107C60004C5530462946FFF7A7FD2369ED1AF6B9B2
:107C7000134B33F817304FF47A7203F5FA73B3FBF2
:107C8000F2F35819F8BD012EE8D10223A1796370EF
:107C90003846FFF7EDFD6378022B02D040F25171B8
:107CA000B9E7064BDE64A3F5E0435E60D6E705F175
:107CB0002900E7E730140020001000400080004059
:107CC00064FD020008B5FFF72DFE58B9064BC3F856
:107CD0004005A3F5E04301221A610220BDE80840F7
:107CE000FCF742BD08BD00BF0080004073B5234BC8
:107CF0002349D3F80443234D02224FF0FF30C3F849
:107D00000803C1F880212049C3F8002200226A85B7
:107D1000C1F8402501F5B8314FF46026C1F8086577
:107D2000D3F85015C9B204F01004D1B18DF8070092
:107D3000C3F8102101221A619DF8072012B1D3F86F
:107D400010213AB19DF807305BB940F6FF013E20A3
:107D5000FAF720F99DF80720013AD2B28DF80720F2
:107D6000EAE7FFF751FD054B0022C3F810212A80F6
:107D700014B11022C3F8042302B070BD00100040FB
:107D800000E100E0301400200080004038B51B4DB9
:107D90000024C5F84845C5F84445C5F84045C5F830
:107DA0004C45FFF7A3FF00F02DFC154B15491A6A4F
:107DB0001C6242F0446242F40032C1F80825C3E973
:107DC0000544DC70104BC5F848450222C5F844450F
:107DD000C5F84045C5F84C45C5F84841C5F844418B
:107DE000C5F84041C5F84C41C3F88020BFF34F8F20
:107DF000BFF36F8FC3F8802138BD00BF0080004003
:107E00003014002000F0014000E100E070B50F4D9B
:107E10002C7806461CB96C70EC706C8570BD18B17E
:107E2000BDE87040FFF762BF013C18BF0124AA788B
:107E300096212046FFF762FC2E80AA7885F82A60FA
:107E400001462046BDE87040FFF73CBF30140020DB
:107E5000014BC3F83C0570470010004010B50FC837
:107E6000014C84E80F0010BD741400200A490B4B2C
:107E700010B5C1F80405012483F82B405862FFF7C0
:107E800067FC40B9064BC3F840050C610320BDE810
:107E90001040FCF769BC10BD0010004030140020F9
:107EA00000800040174B1A6910449A69824210B54D
:107EB000154C09D30220FCF757FC0023C4F84035C9
:107EC000124B01221A610CE00122DA706264D4F8CC
:107ED00044150531814205D30C4BD3F80411002918
:107EE000F0D010BD0022C4F84421C4F844051A6A39
:107EF00042F480021A62064B4FF48002C3F8042554
:107F0000EFE700BF30140020008000400010004068
:107F100000F0014010B50B4C0346607F217F2279B1
:107F200001284FF0960009D100F044F9A3692269B5
:107F30009B1ABDE810401844FFF7B4BF00F054F995
:107F4000F4E700BF30140020044BC3F86005D3F8F9
:107F5000002242F04002C3F80022704700100040A7
:107F6000054BD3F8002222F04002C3F80022002281
:107F7000C3F86025704700BF001000400A4A014660
:107F8000D2F81C0182B068B1D2F8483503F07F0303
:107F90005B420B700023C2F81C31D2F81C310193F4
:107FA000019B012002B0704700100040034B0028E5
:107FB00014BF0222012299701A70704730140020F9
:107FC000054B0022C3F84025044AD2F85035DBB2F5
:107FD0000BB1012313617047008000400010004086
:107FE00030B5044BD3E90C459B6BC0E900450B60F1
:107FF00030BD00BF301400202DE9F04701F05AF8E1
:108000004D4C4E4E4FF00109C4E90C01C6F84C909E
:10801000D6F84C35A363FFF7F7FB494B226AC3F848
:1080200008250025474A2562C3F8AC55D2F800322E
:1080300023F48E7323F00103C2F80032D6F84835DA
:10804000A361D6F84435636163786377D2F80C8115
:1080500084F82B50D2F81011FFF740FB6778022FFD
:108060004FD1E37813B1D6F8443113BBB8F1000F08
:1080700026D0FFF703FB50BBFFF720FB38BB314B8B
:10808000D3F85034D90122D51A0705D013F0F00FD8
:1080900002D013F4706F1AD12A4AC3F304410129A4
:1080A000D2F8542413D1012A11D0C3F34253022B26
:1080B0000DD80120FFF7AAFE636CBDE8F047184712
:1080C000002937D00120FFF7A1FE236DF5E72379C2
:1080D00023770020258DFFF799FE1A4BD3F8003443
:1080E000DB070CD5636A5878A84294BF00200120B2
:1080F000A36C002180F00100BDE8F0471847012083
:10810000F6E7012F13D123792377B8F1000F06D0BA
:108110002846FFF77BFEE36C39462846ECE749B179
:108120003846FFF773FEE36C41464046E4E709B189
:108130004846C8E7BDE8F0873014002000800040C2
:1081400000F0014000100040024B03EB8003186C6C
:10815000704700BFECFC0200024B03EB8003D86CBD
:10816000704700BFECFC0200024BC0B2C3F80C0524
:10817000704700BF00100040064A4FF47A7332F98E
:108180001120584300F2E7301044B0FBF3F00238FE
:10819000704700BF50FD0200054A4FF47A7332F970
:1081A000112000FB03301044B0FBF3F0704700BF18
:1081B00050FD020038B51D460A4B33F9114003EB60
:1081C000820305359B681C4404F6B7344FF47A7378
:1081D00003FB00441046B4FBF3F4FFF7B5FF25445E
:1081E000284438BD50FD020070B5064608461546C5
:1081F000FFF7B2FF094B03EB85039C684FF47A73DA
:1082000004F6B73403FB0644241A2846B4FBF3F4FF
:10821000FFF79AFF0530204470BD00BF50FD0200FB
:10822000024B00221A705A709A7070478414002012
:108230002DE9F041054601200C4617469846079E59
:10824000FFF7DCF99DF8243005F0030141EA034112
:10825000244B41F08071C3F80415234B214604F1EF
:108260001002184651F8044B43F8044B9142F9D1DF
:108270001E499DF81830C0F814800761CB7633682A
:10828000CB6173680B62174B194AC3F80805126873
:10829000062A09D001321FBFD3F81825BDF82000E7
:1082A00060F30702C3F81825124B134AC3F80825D8
:1082B00015F0FB0F01BF114AC3F89825FC3AC3F82B
:1082C0009C250122022D4A7081F8245007D8054BC5
:1082D0000A700021C3F80011C3F800121A60BDE84B
:1082E000F08100BF00F000408714002084140020BB
:1082F0006816002000F001400000020200F100407A
:1083000070B5194C637823B94FF4D5713C20F9F757
:1083100041FE164BC3F80C15C3F8100594F8245011
:108320000122A270C5B924780CB99721EEE7104C50
:10833000C3F804514FF40035C4F80455D3F8006174
:1083400016B15A60C4F808550B7803704B780433A3
:1083500043708B78837070BD00212270C3F80411C4
:10836000C3F800221A60F6E78414002000F00040F1
:1083700000F001400E4A08B5537823B94FF4DF717D
:108380003C20F9F707FE0B4BC3F80C150121C3F88D
:108390001005917012780AB9BA21F1E70022C3F8EA
:1083A0000421054B4FF00072C3F8042508BD00BF3F
:1083B0008414002000F0004000F00140084B1A78BF
:1083C0004AB10849084AC1F808250022C1F8982591
:1083D000C1F89C251A7000225A709A70704700BF2D
:1083E0008414002000F0014000000202194B1B78A9
:1083F00070B523B94FF4F2713C20F9F7CBFD164C60
:10840000D4F80431BBB90223C4F80433134B144E1F
:108410001D691A6942F0100205F010051A61D4F8BE
:1084200004317BB125B90D4A136923F010031361A0
:108430000223C4F80833084BD3F80004003818BFEF
:10844000012070BD4FF40043C6F8803107F057F9A2
:10845000E5E700BF8414002000F0004000ED00E0DC
:1084600000E100E0014B01229A60704700F00040FB
:1084700010B5FFF7F7F888B1224B1B68063B0833AD
:1084800033D9214AD2F83C3723F0004323F0FF03CD
:1084900043F0004343F09603C2F83C37FFF7FEF881
:1084A000194C38B1D4F8403723F47F4343F4B05328
:1084B000C4F84037154BC4F8783700F0D3F838B11A
:1084C0004FF08053D3F830335A1C18BFC4F84C37E0
:1084D0004FF01023196E4B1C1FBF0B4AD2F88C357E
:1084E00061F31743C2F88C3510BD074AD2F83C3708
:1084F00043F48063C2F83C37FFF7B4F80028C0D1DA
:10850000CCE700BF6C160020001000402C00008952
:1085100008B50146FFF7C2F898B10B790948022B5C
:108520004FF08053D0F88825D3F8203322F4FE4250
:108530000CBFC3F30663C3F3062342EA0323C0F868
:10854000883508BD001000402DE9F04F264C85B05D
:10855000054698460E46174600F0C8F82378AB4209
:10856000814611D16378B3420ED194F90230BB42F7
:108570000AD1E378834207D1A388A8F8003094F9A0
:10858000060005B0BDE8F08F012D06D0022D10D0F9
:1085900040F289410620F9F7FDFC00200DF10F03A0
:1085A0003A46314600F0A8F8824620B14621A9207B
:1085B000F1E70120F2E730469DF90FB0FFF74CFAE2
:1085C000A91E4A4203464A41CDF800A041465846FA
:1085D00000F03CF8B8F80030A071A38025706670F8
:1085E000A77084F80390CAE740000020014B1B6885
:1085F0001B68184770000020014B1B685B68184718
:1086000070000020014B1B689B6818477000002019
:10861000014B1B681B69184770000020014B1B6849
:108620005B69184770000020014B1B689B69184765
:1086300070000020014B1B68DB69184770000020A8
:10864000014B1B689B6A18477000002030B4044C33
:108650009DF8085024680295E468A44630BC604741
:1086600070000020014B1878704700BF20190020CF
:1086700010B500220C49134640FA02F4E40744BF47
:10868000CA545C1C02F1010248BFE3B2042AF3D1D0
:10869000054AFF24D118032B01D9107110BD0133F5
:1086A00001F8014BDBB2F6E72C19002079F5000048
:1086B0007FF5000081F50000A7F5000085F50000BA
:1086C000B1F500008BF50000BBF5000091F500004E
:1086D000C7F500009DF50000A1F5000093F500002E
:1086E00099F50000B7F50000C1F50000014B187DB9
:1086F000704700BFB8140020042810B511D883B10A
:1087000004280CBF10242824A1420AD2064C54F895
:10871000200018B141568A42A8BF0A461A700020AC
:1087200010BD6FF01500FBE7B814002030B503460C
:10873000114890F91C209A4219DD90F924209A42A0
:1087400017DA9A1A846AA05C0C4A15569D420DD01D
:108750000E32002918BF01309442C0B206D129B1AF
:10876000013BDBB2012B01D80130C0B230BD0D207E
:10877000FCE70020FAE700BFB814002078FD0200F3
:1087800008B5054B93F91C30984203DAFFF7CEFF8A
:10879000024B1B56184608BDB814002078FD020095
:1087A00008B5184B93F82C20FAB9012283F82C2035
:1087B000154A1268A2F10800082803D8134901419C
:1087C000C90709D5911F092910D9013212D04FF4D8
:1087D000DF71742002F0BAFB0D4A9A62D8221A6245
:1087E00083F8242008229A611A7708BD094A0A41B1
:1087F000D207ECD4084A9A62D8221A6283F824205D
:108800000422F0E7B814002068160020DEFEFFFF07
:10881000B3FD0200EEFCFFFF86FD020010F0FF003A
:1088200008B508D14FF0804301225A60C3F8000117
:10883000034B187008BD7C21B52002F087FB00BFF8
:10884000E5140020014B01221A707047E514002046
:1088500008B548B94FF08043D3F8003113B9044B41
:10886000187808BD0120FCE7C221B52002F06EFB9C
:10887000E5140020044B1868062818BFB0F1FF3F2C
:108880000CBF0120002070476816002008B5094B76
:108890001A680A2A02D1084B1B6823B1FFF7EAFFC6
:1088A00008B9082A04D14FF080430222C3F8342CBF
:1088B00008BD00BF681600206C160020F8B50F4EEA
:1088C0000127375404460D4606F08AFE60B934B9D4
:1088D0004FF08043B7707560C3F80473F8BD40F281
:1088E00025116D2002F032FB002DF7D01CB9204677
:1088F000A8477460F2E74FF4A071F2E7E814002093
:10890000044B191800228A7003EB80011A544A6044
:10891000704700BFE8140020014B9881704700BFEA
:10892000E8140020014BD889704700BFE8140020EC
:10893000014B9889704700BFE814002010B5EFF391
:10894000108472B6064B03441A7C0132D2B21A74F8
:108950001B7C012B01D106F037FE04B962B610BDB5
:10896000E814002010B506F063FE06F039FE4FF063
:108970008044084940B1FFF789FF012323610423A4
:108980008B740023CB7410BD03238B740123C4F8B4
:108990000433F6E7E814002010B5EFF3108472B644
:1089A000094B03441A7C22B940F257216D2002F092
:1089B000CDFA1A7C013AD2B21A741B7C0BB9FFF7BC
:1089C0002DFF04B962B610BDE8140020024B987C5C
:1089D000003818BF01207047E814002038B5164C45
:1089E000237D23B940F206316D2002F0AFFA637D9A
:1089F000C3B9A37DB3B1E27C013B9A4212DA06F01F
:108A0000EFFD054602F0F4FBA37D012B82BFE37C62
:108A10000133E37455B1A369C31A0133022B09D999
:108A200035B1A061BDE83840FFF79CBFE369F3E7CB
:108A3000E061F7E738BD00BFE814002073B51B4DB7
:108A40006B7D63B9286A00F0030006F0E1FD30B1E8
:108A5000EFF3108372B6AA7C1AB103B962B602B002
:108A600070BD0122AA7403B962B64FF08043082298
:108A7000C3F808234FF42073ADF80630BDF8064064
:108A8000A4B2631E9BB2ADF80630002CF6D14FF0B5
:108A900080460748C6F80C4106F013FE85F82540CD
:108AA000FFF760FF0823C6F80433D8E7E814002076
:108AB0000C1500202DE9F347484C237D002B00F0D6
:108AC0008A800323ADF804304FF08043D3F800517F
:108AD000F5B9D3F80481B8F1000F09D04FF0804305
:108AE0000022C3F804210222C3F80823FFF7A6FFDF
:108AF00094F825603A484FF08047F6B2D7F80C81D9
:108B000006F0E3FD48B340F243316D2002F01EFA57
:108B100000258DF804500122D3F80481C3F80823FE
:108B20000DF10409271DA61C19F8010B03280AD012
:108B3000337843B13B684FF0000A86F800A013B1C8
:108B40009847C7F800A06B1C022B07F1040706F139
:108B500001064FF00105E7D1BDE745B1A37C032B2A
:108B600005D10423A374FFF791FE01233B61B8F103
:108B7000000F1FD04FF080430022C3F80C21A37CCC
:108B8000042B02D040F26931BFE7164B1A680A2A5B
:108B900002D1154B1B6823B1FFF76CFE08B9082AF8
:108BA00004D14FF080430022C3F8342C0223A37475
:108BB00006F041FD4EB1002384F82530A37C022B42
:108BC00001D1FFF7CFFE06F036FD054802B0BDE843
:108BD000F04706F089BD02B0BDE8F087E814002038
:108BE0000C150020681600206C16002010B5054CEE
:108BF000206A00F0030006F00BFD0028F8D00020EA
:108C000010BD00BFE8140020F8B5054650B1027849
:108C1000042A07D8437842B9013B1F2B02D8837836
:108C2000212B07D96FF0150075E0002BFAD183785E
:108C3000002BF7D17B4B0127C3F88070BFF34F8F18
:108C4000BFF36F8F4FF08046C3F88071764C0B23D3
:108C5000C6F808330023C6F80031C6F80431C6F858
:108C60000C3123746374AB88E38106F0BCFC08B15B
:108C700027702774D6F80C24D6F80C34D20303D509
:108C8000DF0701D5FFF7DEFD4FF4AF63A3812B783B
:108C9000A978637500222262A175E274042B4DD875
:108CA000DFE803F005033A484A000123236206F097
:108CB000A1FC00284DD006F0A4FC236A03F00303B6
:108CC000984246D1AB79002B3DD1FFF78FFFA37DB2
:108CD0006BB12B785BB906F083FC054602F088FA8D
:108CE0006FF00043002D00F09980C4E906034FF0B7
:108CF0008043D3F80C24D3F80C34D20303D5DB071C
:108D000001D5FFF79FFD474A01230020A07423757A
:108D1000C2F880311360F8BD06F08AFC4FF0804342
:108D2000D3F80C14D3F80C24CE03F9D5D007F7D51B
:108D30000223BBE73D4BB9E73D4BB7E740F21E517D
:108D40006D2002F003F94FF080430222C3F80423A0
:108D5000BDE74FF080430122DA600022C3F804210E
:108D6000226AC3F81825334A1368A3F10E010129BA
:108D700004D90A2B02D0FFF77DFD48B14FF0805394
:108D80004FF08041D3F84432C3F34233C1F83C354D
:108D90001368A3F10E02012A04D90A2B02D0FFF7AF
:108DA00069FD20B14FF080430122C3F84C254FF0FC
:108DB000804301229A600222C3F80423AA79002A80
:108DC00085D1D3F80423910702D440F2D141B7E70B
:108DD000194A1669116941F010011161D3F8043183
:108DE00006F010060BB906F08CFC4FF08047D7F860
:108DF000043183B1FFF7FAFE26B90F4A136923F055
:108E0000100313614FF080430222C3F808230022AD
:108E1000C3F804215BE706F072FCE8E7C4E906301A
:108E200065E700BF00E100E0E81400200100020057
:108E3000010003006816002000ED00E010B50D4CA5
:108E400004F1240006F041FC48B9A37C022B01D1B7
:108E5000FFF788FDBDE81040074806F045BC074A0B
:108E6000012384F82530BDE81040C2F8003106F037
:108E7000DFBB00BFE81400200C15002000E100E07B
:108E800038B50C4B0C46197919B183216F2002F0CB
:108E90005DF860B95D790DB1002038BD01225A71CD
:108EA000FFF74CFD21462846FFF708FDF4E76FF079
:108EB0001500F2E71015002038B50B4D2B7904464C
:108EC0001BB19A216F2002F041F850B96B790BB9B0
:108ED000002038BDFFF714FD20466C71FFF75CFDE4
:108EE000F6E76FF01500F4E71015002010B501B398
:108EF000F0B14FF0FF33104A1C46E0FB01349442BE
:108F000003D9DB216F2002F021F81A0D42EA043266
:108F1000C3F30F10094B00EB02404FF22444B2FBA5
:108F2000F4F103FB1100B0FBF4F040EA0140013022
:108F300010BD0846FCE700BF3F420F00000024F4CC
:108F4000014B9B68184700BF10150020014BDB68E0
:108F5000184700BF10150020014B1B69184700BFC0
:108F600010150020014B1B6A184700BF1015002088
:108F7000014BDB69184700BF1015002008B5064BF0
:108F80001B7923B140F237116F2001F0DFFFBDE8FC
:108F90000840FFF723BD00BF10150020034B1A79CE
:108FA0000AB9FFF7BFBC988D704700BF10150020AD
:108FB000034B1A790AB9FFF7BBBC988A704700BF08
:108FC00010150020024B1B790BB9FFF737BD704716
:108FD00010150020014B9B69184700BF1015002099
:108FE00010B5144C2379A3B1636A9847002806DBB7
:108FF00094F82E3023B1012384F83030002010BDC6
:10900000FFF7E8FF0028F6DA40F28D116F2001F03B
:109010009DFF094BA361094BE361094B2362094B97
:10902000A360094BE360094B2361FFF7EDFD0028C6
:10903000E1D0E4E710150020ED8B00003D8E00002C
:10904000CD89000031F6000037F600003DF6000043
:1090500038B5084B1D79044625B140F2E1116F2067
:1090600001F074FF01F026F82046FFF755FC284672
:1090700038BD00BF1015002008B5074801F008F8FA
:10908000054800F021F801F04FFA01F031FA00F044
:109090001FFB012008BD00BF4415002001F0E2BB0A
:1090A000103001F029B800BF01F03EB801F0D6BC85
:1090B00001F09EBD01F0B0BD01F050BC08B5272104
:1090C000032001F043FF00BF024B186000221A7119
:1090D0009A6070474C15002070B582B01E4C237901
:1090E000012B11D0DAB2022A0BD1A0680DF10701D1
:1090F00000F014FB0023A36023719DF8070002B069
:1091000070BD012002B070BDA0680DF1070100F034
:10911000FBFAA5686B7DDB07ECD5AB7F042BE9D0B0
:1091200001F046F806460028E4D001F047F82A6925
:10913000B3682E686D68961945F1000500220A3360
:1091400042F100021B1842EB0102B342AA41D1D303
:10915000A06800F085FCCDE74C150020837F0BB1A3
:109160000020704710B50A684B688C68D1F80CC0B5
:10917000C0F80CC08460026043600A694B694361B7
:10918000012402618477054B1A792AB998601C7111
:1091900000F0A4FF204610BDFFF790FF4C15002003
:1091A00070B5044682B00D4601F002F8A37F012B92
:1091B00017D02B686A68A9680646E868E060A16075
:1091C000236062606A692B69626101222361A27770
:1091D0000DF10701204600F097FA2EB1012002B0F0
:1091E00070BD002002B070BD024B0421186806F06B
:1091F00039FAF3E74C150020024B0621186806F0F7
:1092000031BA00BF4C15002010B5084B1A7952B97D
:109210000446986002221A7100F060FFA07FB0FA45
:1092200080F0400910BDFFF749FF00BF4C1500203A
:1092300038B5837FC3B1044609E0A37F042B09D06E
:10924000A37F012B11D006F05AFAA37F63B1A37F4D
:10925000032BF2D1EFF3108572B6204600F0BCFA72
:1092600005B962B6A37F2BB938BD4FF482710320D4
:1092700001F06CFEFF21032001F068FE70B5054689
:1092800000F096FF08B3044600F098FFA468034678
:10929000E41841F1000628463346224600F072FBEE
:1092A000A04271EB06034FF000050CD3001B6FF0DA
:1092B000010361EB0601834275EB010100D370BD30
:1092C0004FF0FF3070BD284670BD40F229110320D9
:1092D00001F03CFE2DE9F04104460F4600F068FF26
:1092E00010B38568002362195B41064613B1002064
:1092F000BDE8F08100F062FF2A1841F10003384612
:10930000A51843F1000800F03DFBA84271EB0801ED
:10931000EDD301F0A7FA00F019FAB36837752344CA
:109320000120B360BDE8F0814FF4A371032001F088
:109330000DFE00BF00F042BFF8B50369002B4ED10F
:10934000044601F08FFA05460E46FFF705FE78B396
:10935000D4E90003643546F10006A84273EB060227
:1093600023D3C4E90003EFF3108672B600F020FFA8
:10937000054698B100F022FFAB6800220B3342F1A2
:1093800000021B1842EB0101D4E90002834271EB99
:1093900002053CBF03461146C4E9003106B962B676
:1093A0002046BDE8F84000F083BB28463346D8E7A6
:1093B000FFF7FEFD074600F00FFFB8422168626824
:1093C00038BF3846963546F10006401946F100038D
:1093D000884273EB02053CBF08461346C1E74FF4D1
:1093E000D171032001F0B2FD1C4B1868A0B350E905
:1093F000063130B550F8104C13F10A02036841F100
:1094000000011519A0F1180041F1000C1BB922E070
:1094100014D31B68FBB153E90621AA4271EB0C047B
:1094200019D290F814E013F8044C7445F0D19C88DC
:10943000B0F81CE0A4EB0E042404EAD553F8100C99
:109440000A3241F100018518A3F118001B6841F1AF
:10945000000C002BDFD130BD704700BF5815002035
:1094600070B5264D00236B60EFF3108172B6AA68C9
:109470006A60AB60EB6009B962B66A6872B3204C8F
:1094800000269379032BA2F1180028D0136873B338
:109490009A79042AA3F118038446A6460FD1818B3A
:1094A0009A8B521A12049A6944BF0CF1180E18468E
:1094B00042B19C46A2F118039A7F042AEFD09B7F09
:1094C000032B16D1DEF800201368CEF800300221FD
:1094D000C368867798476A68002AD2D170BD116840
:1094E00052F80C3C9671696001219847F3E7A64653
:1094F000EAE763219F2001F029FD00BF58150020F5
:109500005C1500202DE9F04F6F4B04681B6845681F
:1095100083B08283427D0646894602F00102002B19
:1095200000F0CB80A3F1180C002A6ED0DCE900011A
:10953000844275EB0107644A2FD39CF81420337DD5
:109540009A421BD8DCF808301B1841F1000113F1D6
:109550000A0E41F10007744575EB070280F0A88000
:109560003269121945F10000964577EB000801D2E7
:10957000724638469A428841C0F08280DCF8183042
:109580000CF11802002B00F09180A3F1180CDCE91B
:109590000001844275EB0107CFD21F466346B068D5
:1095A000001945F10008002B44D0CDE90027CA4638
:1095B000D3E9007110F10A0C48F10002674571EB24
:1095C000020245D21A7D96F814C0944519D39A68C0
:1095D000D21941F1000112F10A0941F1000E4C4586
:1095E00075EB0E0745D237693F1945F1000CB945B7
:1095F0007EEB0C0B01D24F46F44697427CEB010CFC
:109600003DD39B6923B3183BD2E7DCE900018442D8
:1096100075EB01012C4A0CD3DCF818300CF1180260
:109620003BB1A3F1180CDCE90001844275EB0101A8
:10963000F2D21F46334643F8187F1360FFF7D4FE7B
:10964000864210D0002389F8003003B0BDE8F08FC7
:10965000DDE900273346D14643F8187F1360FFF752
:10966000C3FE8642EED1012389F8003003B0BDE885
:10967000F08F2746AC4697427CEB010CC1D2D14615
:10968000114A0423B3779168002333767376B37657
:10969000F37606F118020C4B69B1DB681A600B4BCC
:1096A00009491878CA6001F009FECBE71F4676E742
:1096B000224628465EE79A60F1E712B91746024A49
:1096C000B8E7014A1F466AE75815002074000020D9
:1096D00010B50A4C2378FF2B0AD1094801F0C4FDCC
:1096E000084B207000221A609A60DA601A8210BD5E
:1096F0004FF48D719F2001F029FC00BF7400002001
:109700006194000058150020034B1A8A02F1010CE5
:10971000A3F810C0FFF7F6BE5815002038B5044670
:109720000D46FFF761FE0346E31AB3FA83F35B09C4
:1097300005482B7004F1180105F0BAFF10B10023A1
:10974000A377012038BD00BF581500202DE9F04354
:109750001F4E34686CB34FF000083546C6464FF0D4
:1097600004092346246853F8187C53F8082CD219AE
:1097700053F8147C47F1000C82427CEB010C1AD2A6
:109780002A6812682A6083F80690B26883F800E0BD
:1097900083F801E083F802E083F803E07AB1F2682D
:1097A0001360F3604FF00108002CDAD1B8F1000F1C
:1097B00007D1BDE8F0831D46002CD2D1F6E7B36097
:1097C000EFE7044BBDE8F043187801F077BD00BF28
:1097D000581500207400002070B5154EB36805467A
:1097E00000F11801BBB1B368002423B913E01A6873
:1097F0001C4682B113469942F9D10CB1AA69226084
:10980000B268914204BF1B68B360F36899420AD002
:109810000023AB7770BD074805F04AFF0028F9D058
:109820000023AB77F6E70023F460AB77F2E700BFE5
:10983000581500205C1500202DE9F843484E346887
:10984000002C00F087804FF000080F460546B14617
:1098500041464FF0040E2346246853F8180C53F881
:10986000082C121853F8140C40F1000CAA427CEB9F
:10987000070C69D2D9F800201268C9F8002083F8D3
:1098800006E0B268197059709970D970002A5FD0DB
:10989000F2681360F3604FF00108002CDBD1B8F1DF
:1098A000000F03D02F4B187801F008FD3368002B10
:1098B00050D053E90612A94272EB070053F8100C7E
:1098C0003CBF29463A46A3F1180C0A304FF0000479
:1098D0001B6844F10004091842EB04021BB92DE097
:1098E00016D81B6853B353E90604884274EB020E82
:1098F00024D29CF8148013F804ECF045F0D1B3F8AE
:1099000004E0BCF81C80AEEB080E1EF4004FE8D05B
:10991000854277EB040E294638BF014653F8100CF8
:109920003A46A3F1180C38BF22461B68091842F1C9
:1099300000020A3142F10002002BD4D10CF11803CD
:1099400073616046BDE8F8839946002C83D1A6E791
:10995000B3609FE700239C4673616046BDE8F883CF
:10996000581500207400002010B5054C6169204690
:1099700005F09EFE18B1606900231838636110BDC0
:10998000581500201C49096839B3A1F1180C9CF83E
:10999000141081421DD870B5DCE9004112F10A05AE
:1099A00043F1000EAC4271EB0E0620D2DCF81060E1
:1099B000341941F10001AC4271EB0E0115D2DCF813
:1099C000181071B1A1F1180C9CF814108142F6D84E
:1099D000E2E7DCF818100029D7D14FF0FF3001463C
:1099E00070474FF0FF30014670BD2C467146B4F110
:1099F0000A0041F1FF3170BD5815002010B5837F7A
:109A0000022B06D0837F012B02D0837F042B1DD134
:109A100010BD437D13F0020313D103210E4A817759
:109A20009468037600F1180143768376C3765CB1BF
:109A3000D3681960094BD160BDE81040187801F077
:109A40003DBC0023837710BD9160F3E74FF4FF71B5
:109A50009F2001F07BFA00BF581500207400002001
:109A600070B5114D00F1180604463146284605F040
:109A70001FFE98B10423A377AA6800232376637698
:109A8000A376E37642B1EB681E60084BEE6018786F
:109A9000BDE8704001F012BCAE60F6E74FF4027111
:109AA0009F2001F053FA00BF5815002074000020D9
:109AB0002DE9F04F066983B0002E70D1D0E9001572
:109AC0008368077DEFF3108472B6DFF8DCC0DCF842
:109AD0000020002A5CD013F10A0EBCF81080CDF8EB
:109AE000048046F10006183AB046D2E9003611EB80
:109AF0000E0A45EB08099A4579EB060C48D38B42D0
:109B000076EB050C28D3D2F810C01CEB030C46F101
:109B1000000BD4457BEB090B34BF4FF0010C4FF029
:109B2000000CBCF1000F13D092F814C0BC4526D035
:109B300034BF4FF0010C4FF0000CBCF1000F07D008
:109B400013F10A01936846F10005591845F1000523
:109B50009269EAB1183AC8E7D2F808A013F10A0CE2
:109B600046F100091AEB0C0C49F10009614575EB4F
:109B7000090934BF4FF0010C4FF0000CD1E7B2F8E7
:109B80001CC0DDF80490ACEB090CCCF3C03CD4E76E
:109B900004B962B6C0E9001503B0BDE8F08F40F229
:109BA00027219F2001F0D2F958150020024B0521F2
:109BB000186805F057BD00BF70150020054B5868A8
:109BC00010B1C3680521184710B54FF41B71B020C0
:109BD00001F0BCF9701500202DE9F0471646002B66
:109BE00055D0D3E900894B4C804579EB0103A38A1A
:109BF0003CBF804689466433B8EB000569EB01073A
:109C00000022AB422261BA41C4E9028916DBA36992
:109C100003F2A3139D4277F1000769DA3E4AC4F8C4
:109C2000288040464946C4F82C9000F03FFD3B4A4E
:109C3000052384F830303260BDE8F087627F237FEF
:109C40001AB19A071ED40022627703F0010AA369B1
:109C500003F2A3139D4277F100072EDABAF1000F49
:109C6000DCD0A08A2C4AB8EB000069F10001C4E9FD
:109C70000A0100F01BFD0623284A84F830303260C8
:109C8000BDE8F087236A01209847237FDBE7214C5A
:109C9000637F2BB1237F9B0702D5236A012098475E
:109CA0000025657701F03CF8FFF750F92B461C4A78
:109CB00084F830303260BDE8F08701F031F8FFF70A
:109CC00045F9A08AA369BAF1000F01D0984215D8CE
:109CD000B8EB0300104A69F10001C4E90A0100F081
:109CE000E5FC02230D4A84F830303260BDE8F0878D
:109CF00001F016F8FFF72AF9A369E9E7B8EB0000CD
:109D0000054A69F10001C4E90A0100F0CFFC034AE9
:109D100001238EE770150020AD9B0000699E0000B6
:109D200061A0000002392DE9F04104292DD8DFE8B7
:109D300001F00309292C0C00164A137F003B18BFC1
:109D4000012353770020BDE8F081044600F07AFC3F
:109D500000F088FD0E460746FFF76EFD0D4D80466C
:109D60006868FFF74BFE22463846314643460024DA
:109D700000260027C5E902676C60FFF72DFF02206F
:109D8000BDE8F081FFF7A8F9DCE740F21721B02029
:109D900001F0DCF8701500202DE9F84F2E4C637FA0
:109DA000A769804683BB94F81C9019F0010934D14F
:109DB00000F058FD10EB070B41F1000A05460E4676
:109DC00058465146FFF738FDA8B3D0E900329B450D
:109DD0007AEB02011BD30023204AA56228463146B4
:109DE000C4E902BAE662236100F060FCB9F1000F39
:109DF00018D0A38A1A4A9F4216D0022384F8303022
:109E0000C8F80020BDE8F88F4FF00009D0E7DD1B4F
:109E10009B4662F100069246DDE7A38A9F4238BF67
:109E20001F46C5E70E4AE8E7012384F83030C8F83A
:109E30000020BDE8F88F637F2BB1237F9B0702D5FD
:109E4000236A012098470023064A84F8303063775C
:109E5000C8F80020BDE8F88F70150020AD9B000009
:109E6000699E000061A00000023970B50546032913
:109E700000F2EB80DFE801F006024508754B002296
:109E800083F83120002070BD724C94F830301A1FD6
:109E9000012A40F29F8000F0E5FCA26A2369801A43
:109EA0009842B8BF184694F830302061022B7FD01A
:109EB000237FD90740F1C480607F002840F0C08034
:109EC000236A98470123637794F83020022AD4E963
:109ED00002034BD0012A70D02269323843F1FF319E
:109EE000101841EBE2715C4AC4E90A0100F0DEFBA4
:109EF00094F83030062B0CBF0523042384F830304F
:109F0000C0E7544C94F83030042B0FD8022B25D8DE
:109F1000013B012B00F28F80FFF7DEF80028B1D063
:109F200000F08EFC2846FFF737FF15E0053B012BBC
:109F300000F28180FFF7D0F80028A3D000F080FC69
:109F400000F090FC06460C46FFF776FC2A460346D6
:109F500021463046FFF740FE022070BDFFF7BCF8F7
:109F600000288FD0012384F831308BE7227FD2077D
:109F70000ED5627F62B9A18A374A401A63F10001A7
:109F8000C4E90A0100F092FB032384F8303079E73A
:109F90002169314A323843F1FF33401843EBE17114
:109FA000C4E90A0100F082FB042384F8303069E739
:109FB00000F0AEFEFEF7C4FF86E7A169264A401A0C
:109FC00063F10001C4E90A0100F070FB022384F888
:109FD000303057E7042B94F8316019D0002EAFD100
:109FE000FFF7C2FC0028ABD06060C4E90D6600F04A
:109FF0001DFB6068022383773146C3689847D4E924
:10A000000201FFF7A3FB154B84F830602B60A3E738
:10A0100000F08EFE0028E1D100200021FFF70CFCAB
:10A0200008B1FFF71DFD00F07BFEFEF78FFF28460D
:10A03000FFF7B2FE90E74FF4CD71B02000F086FF3D
:10A0400040F2B311B02000F081FF40F2F111B020D6
:10A0500000F07CFF70150020AD9B0000259D0000E6
:10A06000032910B506D801290AD840F25D11B020A5
:10A0700000F06CFF0429F8D10446FFF72DF808B969
:10A08000002010BD2046FFF787FE022010BD00BF54
:10A0900010B5064A064C02600023206084F8303078
:10A0A0002377FEF785FF5130A06110BD61A000004D
:10A0B0007015002008B5074B074A196809689142D6
:10A0C00002D15130986108BD40F25121B02000F01A
:10A0D0003DFF00BF7015002061A0000010B5EFF338
:10A0E000108472B6034B0421186805F0BBFA04B95A
:10A0F00062B610BD7015002008B5094B5A684AB108
:10A10000D3E902218018BDE80840064A41F1000168
:10A1100000F0CCBA40F27221B02000F017FF00BF6F
:10A1200070150020BD9B000008B5064B5B681BB195
:10A13000BDE8084000F084BB4FF41E71B02000F071
:10A1400005FF00BF7015002008B5054B5A680AB11D
:10A15000586308BD40F27E21B02000F0F7FE00BF3A
:10A160007015002008B5054B5A680AB1986308BD00
:10A170004FF42171B02000F0E9FE00BF70150020FF
:10A18000044B9B6B03B1184710B540F28A21B020F5
:10A1900000F0DCFE70150020044B5B6B03B1184728
:10A1A00010B54FF42471B02000F0D0FE70150020DF
:10A1B000014B5868704700BF7015002008B5054B6B
:10A1C0005A6812B1D3E9020108BD40F29B21B020C8
:10A1D00000F0BCFE70150020034B187F10F001004A
:10A1E00018BF988A704700BF70150020054B1B6888
:10A1F0001BB1D3E908200421104710B57221452076
:10A2000000F0A4FEB0150020054B1B681BB1D3E97C
:10A2100008200321104710B56C21452000F096FE60
:10A22000B01500202DE9F04104460D4679B9174FCD
:10A230003B683BBB16483C60FFF786FF1548FFF7BD
:10A2400091FFFFF777F8637D5B07064605D4D4E9F5
:10A2500008302946BDE8F0411847FEF727FF2036B1
:10A26000361A7E6000F07AFB0028FBD00A4B0022F1
:10A27000C3F8A8252946C3F8AC25D4E90830BDE8C1
:10A28000F04118478621452000F060FEB0150020FF
:10A2900009A20000EDA1000000F00140024B0022E5
:10A2A0001A601A81704700BFB015002008B5074B2F
:10A2B0001A683AB10648D06000211960BDE808402C
:10A2C000FEF79ABFB921452000F040FEB0150020EE
:10A2D00025A20000C0E908122022002101F020B9C7
:10A2E00030B587B04B7A00220D460592CDE90022A9
:10A2F0000492C3F3800282F001024FF0000162F386
:10A30000820104462A78287A8DF815108DF81400F9
:10A3100069682B4802910390002A40D1D5E90420B6
:10A320009DF815C01CF0040FCDE9002028D19DF840
:10A3300015202449C3F340035B0043F0010322F0DE
:10A34000030213438DF815304B68C3F308038BB138
:10A35000103B5BB2002B1CDB03F1604303F5614350
:10A3600093F800335B092BB969462046FEF718FFC6
:10A3700007B030BD69462046FEF7F0FE07B030BD9D
:10A38000203A01F1200140F1FF300092029101904A
:10A39000CDE703F00F0319440B7D5B09E3E72B695D
:10A3A0000493FEF77BFE9DF815305B07CDE90001B5
:10A3B00004D5029A6B7A20320292B8E76B7AB6E73C
:10A3C00025A2000000ED00E010B5037886B0B3B917
:10A3D0000446D0E90401CDE90433CDE9000103933B
:10A3E000217A6368029368468DF81410FEF7A4FF83
:10A3F000DDE900230120C4E9042306B010BD4FF4B9
:10A40000AB71452000F0A2FD30B50C7887B07CBB65
:10A410004B7A05940C7A8DF81440C3F3800E174CD8
:10A420004D6803948EF0010ED1E904414FF0000C09
:10A430006EF3820C1CF0040FCDE900418DF815C0BD
:10A44000029507D0203C05F1200541F1FF31009431
:10A45000029501919DF815400492C3F3400363F304
:10A46000410469468DF81540FEF778FE07B030BD0F
:10A4700040F21F21452000F069FD00BF25A2000029
:10A4800070B4EFF3108672B617490D78ADB1174B63
:10A49000D3F80445D3F848314FF6FF7294421FD0E9
:10A4A000E3B147F6FE739C4218D84B68013306B9F6
:10A4B00062B6C0E9004370BC70470C4AD2F804454C
:10A4C000D2F8043153B14B6801334B60C2F80451E8
:10A4D000D2F80445D2F80431002BF4D14B68E6E7FA
:10A4E000002BFBD11C46F9E7E815002000B0004026
:10A4F00010B50A4C002222742277094B0948012129
:10A500005960C3F84025C3F840214FF40022196177
:10A51000C0F8082500F020FF206210BDE8150020DB
:10A520000080004000F001403749384BF0B44D6ADC
:10A53000374C002201204A6058609860C3F80843F5
:10A54000C3F84843C3F80421C3F84021C3F84421A9
:10A55000C3F84821002D55D02E4C2F4EC4F8A865C5
:10A560002E4AC4F8AC55C4F85C394FF40023C4F843
:10A5700004350523C2F840351060D2F84031002B75
:10A58000FBD02448002301244FF40025C0F80855CF
:10A590005460D460C2F84031C2F84035C0F8A835E4
:10A5A000C0F8AC35C0F8AC350B7833B391F828401F
:10A5B000184816491A4E1B4DE30003F1804303F57A
:10A5C000F8330122A2404FF6FF774FF48024C0F801
:10A5D0000825C1F84443C1F84875C1F80443C3F8DD
:10A5E0001065C3F81455C0F804250F4B4FF40062F2
:10A5F000C3F88021F0BC1A607047044B0222C3F8F4
:10A600000423F2E71860CFE7E815002000B000400F
:10A610000200070000F0014040810040008000403F
:10A6200048B1004008B0004000E100E0044B4FF0AA
:10A6300080411A6A0123C1F808351360704700BFD2
:10A64000E815002010B4144C1449154A0023C4F82E
:10A65000A8350120C4F8AC354FF0FF3448600861DC
:10A66000C1F808430F4891684FF48074C0F88041E6
:10A6700041B10D494FF48030C1F808031374C1F89B
:10A6800040319360126A10BC4FF080410023C1F842
:10A6900008351360704700BF00F0014000800040A3
:10A6A000E815002000E100E000B00040F0B55A4C91
:10A6B000A36883B0002B40F09F802578A260002D16
:10A6C0005CD1564B994200F29C80430F544E554F3B
:10A6D00043EAC101A6FB0132C0F34F33920B03EBF7
:10A6E000014307FB1233A6FB03639B0B43EA0243C0
:10A6F0004D4A02FB1300420B48F2376101FB02F2A4
:10A70000120C43F60957494907FB120000FB01F1FF
:10A71000490D43F6085601EB422207FB0161B0EBFD
:10A72000512F88BF01320026002D41D01F0C1B0481
:10A730009D18684647F10007FFF7A2FEDDE90032E9
:10A74000053346F100064FF48031E2FB01369D42AD
:10A7500077EB060647D32A0C4FF6FF71ADB242EAFB
:10A760000742002D08BF0D4631494FF48030C1F833
:10A770004055E260C1F8040303B0F0BD2D4B99428F
:10A7800044D8430D264E274F43EAC121A6FB013290
:10A79000C0F34F13920B03EB014307FB1233A6FBED
:10A7A00003639B0B43EA0243234A02FB1300A2E725
:10A7B0001F0A1B069E18684647F10007FFF760FE58
:10A7C000DDE90032053345F100054FF08071E2FB11
:10A7D00001359E4277EB050505D3320E42EA07228A
:10A7E00026F07F45C0E7FF232374144B4FF400622B
:10A7F000C3F8002103B0F0BD40F2F921052000F0BC
:10A80000A5FB4FF49471052000F0A0FB40F223114A
:10A81000052000F09BFB00BFE8150020FF7F841E91
:10A8200083DE1B43000024F40080841E6F0C0100B3
:10A8300000B000407F841E0080841E0000E100E024
:10A84000064B9A684AB106494FF48032C1F8082392
:10A8500000221A74C1F840219A607047E815002060
:10A8600000B0004070B4EFF3108572B6364C20781B
:10A8700020B3364BD3F80425D3F848614FF6FF7365
:10A880009A4252D043F60951C2F3080301FB03F385
:10A89000500A01FB00F003F5807300EB5320002108
:10A8A000002E45D047F6FE739A4241D863680133C3
:10A8B00025B3274A70BCE3FB02017047234AD2F854
:10A8C0000435D2F8041111B3636801336360C2F830
:10A8D0000401D2F80435D2F804110029F4D143F66A
:10A8E000095CC3F30802580A0CFB02F202F58073FC
:10A8F0000CFB00F000EB532063681DB962B62278B0
:10A90000002AD6D1134AE3FB020170BC704743F61C
:10A910000956C3F30802580A06FB02F306FB00F0CF
:10A9200003F5807300EB5320E6E71EB10A480021CF
:10A930006368BDE7636815B928462946DEE7044A1F
:10A9400030463146DFE700BFE815002000B0004088
:10A9500080841E000080841E61841E0070B4EFF3AA
:10A96000108072B6384A15780DB3384BD3F80455B9
:10A97000D3F848614FF6FF739D4256D043F6095411
:10A98000C5F3080104FB01F16B0A04FB03F301F5B5
:10A99000807103EB51230024002E49D047F6FE714D
:10A9A0008D4245D85168013108B3294824E0274930
:10A9B000D1F80435D1F804414CB3536801335360E6
:10A9C000C1F80451D1F80435D1F80441002CF4D178
:10A9D00043F6095CC3F308010CFB01F15B0A01F5C6
:10A9E00080710CFB03F303EB5123516818B962B675
:10A9F00010780028D9D11748E1FB0034D2E90C12B5
:10AA00008B4294412CBF0120002070BC7047C3F3DF
:10AA1000080143F609555B0A05FB01F105FB03F349
:10AA200001F5807103EB5123DFE71EB10A4B0024CF
:10AA30005168B9E7516810B903460446D7E704489E
:10AA400033463446D8E700BFE815002000B0004088
:10AA500080841E000080841E61841E002DE9F04762
:10AA6000DFF874815D4E012100234FF4002284B091
:10AA7000C8F80410C8F84035C8F84031C8F81010BC
:10AA8000C6F80825D8F8042522F00302C8F80425E2
:10AA9000D8F8082542F00302C8F80825102292FAD7
:10AAA000A2F2B2FA82F2092A00F39180C8F81025C6
:10AAB0004B4A4C4FC8F80C104FF48070C2F880011C
:10AAC0001060494AC8F80410C8F80C10C6F8A82548
:10AAD0003A78C6F8AC8502A8002A56D0019306E061
:10AAE0000123C6F808A5C8F80430C8F80C30FFF7F1
:10AAF000C7FCDDE90243019D4FF4002A4FF4803981
:10AB0000C6F804A5E3FB0945FFF7BAFCDDE902320C
:10AB10000199E2FB0931A94208BFA342E0D1013407
:10AB200043F60952C4F3080345F1000502FB03F3A1
:10AB3000210EC4F34E2441EA052102FB04F02D0E40
:10AB400003F5807300EB53204C016B01641A43EA58
:10AB5000D16363EB0506B201A3011B1B42EA9462B9
:10AB600062EB0602D20042EA5372DB005B1845EB4F
:10AB70000205E903DA03801841EA534141F100017B
:10AB8000C7E90C0104B0BDE8F087019206E001239B
:10AB9000C6F808A5C8F80430C8F80C30FFF770FCF8
:10ABA000DDE90243019D4FF4002A4FF08079C6F899
:10ABB00004A5E3FB0945FFF763FCDDE902320199D7
:10ABC000E2FB0931A94208BFA342E0D1A7E7074849
:10ABD00040F29F3100F0B0F90080004000F00140E9
:10ABE00000E100E0E815002000B10040B0060300DD
:10ABF00010B5029C201841F10001801A61EB03019D
:10AC0000B0F1004F71F1000100DA10BD40F2A9313E
:10AC1000052000F09BF900BF70B4EFF3108572B609
:10AC2000364C207820B3364BD3F80425D3F848614E
:10AC30004FF6FF739A4252D043F60951C2F308030C
:10AC400001FB03F3500A01FB00F003F5807300EBF6
:10AC500053200021002E45D047F6FE739A4241D87A
:10AC60006368013325B3274A70BCE3FB02017047D8
:10AC7000234AD2F80435D2F8041111B363680133C2
:10AC80006360C2F80401D2F80435D2F80411002937
:10AC9000F4D143F6095CC3F30802580A0CFB02F234
:10ACA00002F580730CFB00F000EB532063681DB9C4
:10ACB00062B62278002AD6D1134AE3FB020170BCA7
:10ACC000704743F60956C3F30802580A06FB02F31D
:10ACD00006FB00F003F5807300EB5320E6E71EB19E
:10ACE0000A4800216368BDE7636815B9284629460C
:10ACF000DEE7044A30463146DFE700BFE8150020B2
:10AD000000B0004080841E000080841E61841E000C
:10AD1000024B0122C3F84423704700BF00B000403B
:10AD2000024B0122C3F84823704700BF00B0004027
:10AD300008B5FEF711F930B9074A936B0133312B8F
:10AD4000936304D808BD044B00229A6308BD40F207
:10AD5000F531052000F0FAF8E815002010B53F4C59
:10AD6000237882B0002B55D03D4BD3F804235203F7
:10AD70005BD43B4BE168D3F80423D00334D5D3F83C
:10AD80004031002B30D0636899425DD80023237492
:10AD9000334AA168C2F840314FF48030C2F808034A
:10ADA000002955D0A36088472D4BA169D3F804230F
:10ADB000920324D5D3F844310BB363688B423FD35D
:10ADC00000222277264B6169C3F844214FF40030FA
:10ADD000C3F8080300293BD08847214BD3F8403102
:10ADE0000193019B02B010BD6268237C002BCDD182
:10ADF0009142D9D91A4B0022C3F84021D4E76268A6
:10AE0000237F002BDCD18A42E7D2154B0022C3F806
:10AE10004421E2E7124AD2F804110029A9D0C2F86D
:10AE20000431636801336360A3E7D3F84821002A43
:10AE30009FD00022C3F8482163680133636098E71C
:10AE4000237F002BE1D0BBE7237C002BD2D09DE7F2
:10AE500040F23741052000F079F800BFE8150020E6
:10AE600000B00040014B1879704700BF2816002041
:10AE7000044B1A79824283BF1B68602202FB0030B8
:10AE80000020704728160020BFF34F8F0549064B5E
:10AE9000CA6802F4E0621343CB60BFF34F8F00BF78
:10AEA000FDE700BF00ED00E00400FA05094B0122B8
:10AEB0005A604FF0FF32C3F80823074B4FF480422B
:10AEC000C3F88020BFF34F8FBFF36F8FC3F880218B
:10AED000704700BF00E0004000E100E0094B0122A4
:10AEE0005A604FF0FF32C3F80823074B4FF48052EB
:10AEF000C3F88020BFF34F8FBFF36F8FC3F880215B
:10AF0000704700BF00C0004000E100E0084B002295
:10AF1000C3F8FC2F0122C3F8FC2F064B0222C3F812
:10AF20008020BFF34F8FBFF36F8FC3F8802170472E
:10AF30000010004000E100E008B572B6024B5B680B
:10AF400003B19847FFF7A0FF301600201FB572B677
:10AF5000134B5D6895B9FFF797FF2346B2FBF6F2F6
:10AF60005C1C002AF9D104AEDCB256FA83F303F874
:10AF70000C2C0A2234B901A8A847ECE702460023AA
:10AF80000A26EDE7631E04AEDCB256FA83F3B0FB8B
:10AF9000F2F602FB1600303003F80C0C3046E9E7FD
:10AFA00030160020F8B51F4E337805460C4617467C
:10AFB000A3BB00F0C5F9FDF7F3FB77603472FFF730
:10AFC000A5FFFFF78BFFFFF771FF174B002D14BF95
:10AFD00028461846FEF704F80546E8B9FFF75EF97B
:10AFE000FDF7F0FF04F02DFBFEF746F818B9B82185
:10AFF0001120FFF7ABFF002C0CDB04F01F026409EB
:10B00000A40004F1604404F5614401239340C4F8B2
:10B0100080312360012333702846F8BD4FF0FF359F
:10B02000FAE700BF30160020E4FD0200074B93F959
:10B030000830002B09DB5A09012103F01F03994056
:10B0400002F14003024A42F82310704730160020F4
:10B0500000E100E0014B1878704700BF3016002077
:10B0600050B1074B03F1140253F8041B40F8041BC2
:10B070009342F9D1002070476FF01500704700BF70
:10B0800070430300F0B5284D284C294F83B02E782B
:10B090000136F6B2D5E84F3F0133DBB2C5E8423F97
:10B0A000002AF7D101236360C4F80021C4F8042109
:10B0B000EFF3108272B6C4F80405236052B962B689
:10B0C00008E0D4F804314BB92B789E4206D13B6995
:10B0D000DB0613D4D4F80031002BF2D0D4F80431BD
:10B0E000002BD4D12A78B242D1D10322C4F8003146
:10B0F000C4F80431C4F8082303B0F0BD0D4B03219C
:10B100004FF48042C4F80413C3F88021D4F800310E
:10B11000002BDFD1D4F80431002BDBD1019004F0F7
:10B12000EEFA0198D6E700BF3916002000E0004093
:10B1300000ED00E000E100E070B51446DA078CB0E5
:10B140001D4686468C4633D5C36842681BBA0093B9
:10B15000CB681BBA049383681BBA019303681BBABC
:10B1600003938B6812BA1BBA029205934A680B6864
:10B1700012BA1BBA6E46069207933046FFF782FF5B
:10B18000AB070DD5DDE90A10DDE9083200BA09BACE
:10B1900012BA1BBA20606160A260E3600CB070BD9F
:10B1A00008AD0FCD20606160A260E3600CB070BD9F
:10B1B000DEF80410DEF80820DEF80C300068EE46F9
:10B1C000AEE80F00DCF80000DCF80410DCF8082022
:10B1D000DCF80C306E46AEE80F00CEE710B5002468
:10B1E00082B0CDE90044FFF7A7FF02B010BD00BF59
:10B1F0001A4B4FF4805270B5C3F88020BFF34F8FC5
:10B20000BFF36F8F164C174D0021C4F80011C3F81F
:10B2100080212E692B6943F010032B610123C4F8B0
:10B22000043306F010062360D4F800319BB11EB938
:10B230002B6923F010032B610123D4F80805636008
:10B24000C4F808330023C4F80031044B4FF4805293
:10B25000C3F8802170BD04F052FAE5E700E100E098
:10B2600000C0004000ED00E00B4938B5042301EBBD
:10B27000C302157905F0FF042DB1013BF7D240213F
:10B280006920FFF763FE41F8330001215471947186
:10B290001171D8B238BD00BF3C160020042808B593
:10B2A00003D947216920FFF751FE034B03EBC0038D
:10B2B00000221A7108BD00BF3C160020042808B502
:10B2C00003D950216920FFF741FE094B03EBC00071
:10B2D0000379012B01D05121F4E7437982790133BD
:10B2E000DBB29A4218BF4371BDE80840FFF79EBE2B
:10B2F0003C16002038B5114D052495F8281005EBB3
:10B30000C1031A79012A09D158799A79904205D056
:10B310005A79D2B29A7155F83130984795F8283059
:10B320000133DBB2052B04F1FF3428BF002314F0F6
:10B33000FF0485F82830E0D138BD00BF3C1600205E
:10B340004FF08052034BD2F830111960D2F83421FB
:10B350005A60704768160020084B1B68083B082B92
:10B360000AD840F2211222FA03F313F0010F044B22
:10B37000044818BF184670470248704768160020F6
:10B3800000E701400C050040144B1B68062B03D05E
:10B39000013301D020BF7047EFF3108072B6104A1E
:10B3A0001369116941F0100111610E49D1F80021B2
:10B3B000D1F804110A4303F0100300D040BF20BFAE
:10B3C00000BF00BF00BF00BF23B9054A136923F0C7
:10B3D0001003136100B962B6704700BF6816002001
:10B3E00000ED00E000E100E0914270B53FD2B2FA1A
:10B3F00082F33BB1C3F1200420FA04F499402143C5
:10B4000098409A40150CB1FBF5FC05FB1C1E4FEA59
:10B410000E4E030C84B20EEB10401FFA82FE0CFBA2
:10B420000EF6864206D9361A964294BF01260226A7
:10B43000ACEB060C03EB01430CFB1233B3FBF5F052
:10B4400005FB103304EB034400FB0EFEA6454FEA58
:10B450000C4C09D9AEEB040E964594BF4FF0010E8B
:10B460004FF0020EA0EB0E0040EA0C0070BD7321FD
:10B470009620FFF76BFD00BF2DE9F8431C4652EA0A
:10B48000040349D0074615460E4684B9914204D2BA
:10B49000FFF7AAFF2146BDE8F88321463046FFF7B3
:10B4A000A3FF04462A46384604FB1561F0E74FF037
:10B4B0000108B4FA84F908FA09F3A3FB021220FA8E
:10B4C00008F003FB042240EAC67026FA08F1FFF7F1
:10B4D0008BFFC9F11F0230FA02F34FF0000C08D1C4
:10B4E00040461946AF42A6413CBF18466146BDE8FA
:10B4F000F8835A1E61466CEB0C0C05FB0CFE02FB3C
:10B5000004EE18461346A5FB0228BA1A0EEB0807EC
:10B5100066EB07061746E5E7A6219620FFF716FD1E
:10B5200010F0030FC9B2034607D0BAB303F8011BEA
:10B5300013F0030F02F1FF32F7D170B5032A01EBCC
:10B54000012404EB04441ED9161FB508032E05F18F
:10B55000010521D94FEA550E03EBCE0E9C46CCE9EE
:10B5600000440CF1080CF445F9D115F0010F04D09A
:10B5700025F0010503EB85052C6026F00306043356
:10B58000334402F0030232B1012A197003D0022AB7
:10B59000597018BF997070BD1D46EDE7704700BF28
:10B5A000844641EA000313F003037DD1403A51D3AE
:10B5B000F0B4F0C9F0C0F0C9F0C0F0C9F0C0F0C9F3
:10B5C000F0C0403AF5D2F0BC44E0403A42D300BF6C
:10B5D00051F8043B40F8043B51F8043B40F8043B6D
:10B5E00051F8043B40F8043B51F8043B40F8043B5D
:10B5F00051F8043B40F8043B51F8043B40F8043B4D
:10B6000051F8043B40F8043B51F8043B40F8043B3C
:10B6100051F8043B40F8043B51F8043B40F8043B2C
:10B6200051F8043B40F8043B51F8043B40F8043B1C
:10B6300051F8043B40F8043B51F8043B40F8043B0C
:10B6400051F8043B40F8043B51F8043B40F8043BFC
:10B65000403ABDD2303211D351F8043B40F8043B9C
:10B6600051F8043B40F8043B51F8043B40F8043BDC
:10B6700051F8043B40F8043B103AEDD20C3205D3AC
:10B6800051F8043B40F8043B043AF9D2043208D0A4
:10B69000D2071CBF11F8013B00F8013B01D30B8816
:10B6A00003806046704700BF082A14D38B078CD0F4
:10B6B00010F0030389D0C3F10403D21ADB071CBFC7
:10B6C00011F8013B00F8013BFFF47FAF31F8023B7A
:10B6D00020F8023B79E7043AD8D3013A11F8013B4C
:10B6E00000F8013BF9D20B7803704B7843708B78EC
:10B6F00083706046704700BF07F7000013F7000033
:10B7000017F700001FF7000023F7000081F0004149
:10B7100002E000BF83F0004330B54FEA41044FEA36
:10B72000430594EA050F08BF90EA020F1FBF54EAD1
:10B73000000C55EA020C7FEA645C7FEA655C00F06D
:10B74000E2804FEA5454D4EB5555B8BF6D420CDD3E
:10B750002C4480EA020281EA030382EA000083EAC1
:10B76000010180EA020281EA0303362D88BF30BD61
:10B7700011F0004F4FEA01314FF4801C4CEA1131B7
:10B7800002D0404261EB410113F0004F4FEA033316
:10B790004CEA133302D0524263EB430394EA050FA1
:10B7A00000F0A780A4F10104D5F1200E0DDB02FA10
:10B7B0000EFC22FA05F2801841F1000103FA0EF2A4
:10B7C000801843FA05F359410EE0A5F120050EF16A
:10B7D000200E012A03FA0EFC28BF4CF0020C43FA9B
:10B7E00005F3C01851EBE37101F0004507D54FF0A8
:10B7F000000EDCF1000C7EEB00006EEB0101B1F5F8
:10B80000801F1BD3B1F5001F0CD349085FEA30003D
:10B810004FEA3C0C04F101044FEA445212F5800F48
:10B8200080F09A80BCF1004F08BF5FEA500C50F1E5
:10B83000000041EB045141EA050130BD5FEA4C0CC8
:10B84000404141EB0101013C28BFB1F5801FE9D225
:10B8500091F0000F04BF01460020B1FA81F308BF48
:10B860002033A3F10B03B3F120020CDA0C3208DD14
:10B8700002F1140CC2F10C0201FA0CF021FA02F1EF
:10B880000CE002F11402D8BFC2F1200C01FA02F15F
:10B8900020FA0CFCDCBF41EA0C019040E41AA2BF84
:10B8A00001EB0451294330BD6FEA04041F3C1CDA4C
:10B8B0000C340EDC04F11404C4F1200220FA04F06C
:10B8C00001FA02F340EA030021FA04F345EA030116
:10B8D00030BDC4F10C04C4F1200220FA02F001FAD8
:10B8E00004F340EA0300294630BD21FA04F029465A
:10B8F00030BD94F0000F83F4801306BF81F48011F3
:10B900000134013D4EE77FEA645C18BF7FEA655C65
:10B9100029D094EA050F08BF90EA020F05D054EA37
:10B92000000C04BF1946104630BD91EA030F1EBF3C
:10B930000021002030BD5FEA545C05D14000494140
:10B9400028BF41F0004130BD14F580043CBF01F533
:10B95000801130BD01F0004545F0FE4141F4700119
:10B960004FF0000030BD7FEA645C1ABF19461046F4
:10B970007FEA655C1CBF0B46024650EA013406BFF5
:10B9800052EA033591EA030F41F4002130BD00BFB4
:10B9900090F0000F04BF0021704730B54FF4806471
:10B9A00004F132044FF000054FF0000150E700BFF2
:10B9B00090F0000F04BF0021704730B54FF4806451
:10B9C00004F1320410F0004548BF40424FF000013E
:10B9D0003EE700BF42004FEAE2014FEA31014FEA81
:10B9E00002701FBF12F07F4393F07F4F81F06051D0
:10B9F000704732F07F4208BF704793F07F4F04BF1B
:10BA000041F40021704730B54FF4607401F00045F7
:10BA100021F000411CE700BF50EA010208BF704757
:10BA200030B54FF000050AE050EA010208BF704748
:10BA300030B511F0004502D5404261EB41014FF4B1
:10BA4000806404F132045FEA915C3FF4D8AE4FF0B9
:10BA500003025FEADC0C18BF03325FEADC0C18BF9C
:10BA6000033202EBDC02C2F1200300FA03FC20FAED
:10BA700002F001FA03FE40EA0E0021FA02F114443A
:10BA8000BDE600BF70B54FF0FF0C4CF4E06C1CEA53
:10BA900011541DBF1CEA135594EA0C0F95EA0C0FC4
:10BAA00000F0DEF82C4481EA030621EA4C5123EA37
:10BAB0004C5350EA013518BF52EA033541F4801166
:10BAC00043F4801338D0A0FB02CE4FF00005E1FB19
:10BAD00002E506F00042E0FB03E54FF00006E1FB63
:10BAE00003569CF0000F18BF4EF0010EA4F1FF04A6
:10BAF000B6F5007F64F5407404D25FEA4E0E6D41E6
:10BB000046EB060642EAC62141EA55514FEAC520F6
:10BB100040EA5E504FEACE2EB4F1FD0C88BFBCF572
:10BB2000E06F1ED8BEF1004F08BF5FEA500E50F123
:10BB3000000041EB045170BD06F0004646EA0101E9
:10BB400040EA020081EA0301B4EB5C04C2BFD4EB1B
:10BB50000C0541EA045170BD41F480114FF0000E14
:10BB6000013C00F3AB8014F1360FDEBF002001F082
:10BB7000004170BDC4F10004203C35DA0C341BDCFC
:10BB800004F11404C4F1200500FA05F320FA04F0CE
:10BB900001FA05F240EA020001F0004221F0004102
:10BBA00010EBD37021FA04F642EB06015EEA430E75
:10BBB00008BF20EAD37070BDC4F10C04C4F12005A5
:10BBC00000FA04F320FA05F001FA04F240EA020058
:10BBD00001F0004110EBD37041F100015EEA430E29
:10BBE00008BF20EAD37070BDC4F1200500FA05F249
:10BBF0004EEA020E20FA04F301FA05F243EA0203C8
:10BC000021FA04F001F0004121FA04F220EA0200D6
:10BC100000EBD3705EEA430E08BF20EAD37070BD1C
:10BC200094F0000F0FD101F00046400041EB0101FC
:10BC300011F4801F08BF013CF7D041EA060195F0DE
:10BC4000000F18BF704703F00046520043EB030398
:10BC500013F4801F08BF013DF7D043EA0603704785
:10BC600094EA0C0F0CEA135518BF95EA0C0F0CD090
:10BC700050EA410618BF52EA4306D1D181EA0301D6
:10BC800001F000414FF0000070BD50EA410606BFD0
:10BC90001046194652EA430619D094EA0C0F02D115
:10BCA00050EA013613D195EA0C0F05D152EA03365A
:10BCB0001CBF104619460AD181EA030101F0004178
:10BCC00041F0FE4141F470014FF0000070BD41F0C1
:10BCD000FE4141F4780170BD70B54FF0FF0C4CF49B
:10BCE000E06C1CEA11541DBF1CEA135594EA0C0FBA
:10BCF00095EA0C0F00F0A7F8A4EB050481EA030E07
:10BD000052EA03354FEA013100F088804FEA0333ED
:10BD10004FF0805545EA131343EA12634FEA0222BB
:10BD200045EA111545EA10654FEA00260EF000417C
:10BD30009D4208BF964244F1FD0404F5407402D2CE
:10BD40005B084FEA3202B61A65EB03055B084FEA5F
:10BD500032024FF480104FF4002CB6EB020E75EB5C
:10BD6000030E22BFB61A754640EA0C005B084FEA84
:10BD70003202B6EB020E75EB030E22BFB61A754601
:10BD800040EA5C005B084FEA3202B6EB020E75EB4C
:10BD9000030E22BFB61A754640EA9C005B084FEAC4
:10BDA0003202B6EB020E75EB030E22BFB61A7546D1
:10BDB00040EADC0055EA060E18D04FEA051545EAC0
:10BDC00016754FEA06164FEAC30343EA52734FEA69
:10BDD000C2025FEA1C1CC0D111F4801F0BD141EAE2
:10BDE00000014FF000004FF0004CB6E711F4801F47
:10BDF00004BF01430020B4F1FD0C88BFBCF5E06F27
:10BE00003FF6AFAEB5EB030C04BFB6EB020C5FEA36
:10BE1000500C50F1000041EB045170BD0EF0004E8B
:10BE20004EEA113114EB5C04C2BFD4EB0C0541EABD
:10BE3000045170BD41F480114FF0000E013C90E6BA
:10BE400045EA060E8DE60CEA135594EA0C0F08BF7E
:10BE500095EA0C0F3FF43BAF94EA0C0F0AD150EA7D
:10BE600001347FF434AF95EA0C0F7FF425AF104610
:10BE700019462CE795EA0C0F06D152EA03353FF438
:10BE8000FDAE1046194622E750EA410618BF52EAB5
:10BE900043067FF4C5AE50EA41047FF40DAF52EA89
:10BEA00043057FF4EBAE12E780F0004002E000BFF4
:10BEB00081F0004142001FBF5FEA410392EA030F95
:10BEC0007FEA226C7FEA236C6AD04FEA1262D2EBDF
:10BED0001363C1BFD218414048404140B8BF5B42E4
:10BEE000192B88BF704710F0004F40F4000020F07D
:10BEF0007F4018BF404211F0004F41F4000121F093
:10BF00007F4118BF494292EA030F3FD0A2F10102DC
:10BF100041FA03FC10EB0C00C3F1200301FA03F11A
:10BF200000F0004302D5494260EB4000B0F5000F3D
:10BF300013D3B0F1807F06D340084FEA310102F1FC
:10BF40000102FE2A51D2B1F1004F40EBC25008BFAE
:10BF500020F0010040EA03007047490040EB000078
:10BF6000013A28BFB0F5000FEDD2B0FA80FCACF179
:10BF7000080CB2EB0C0200FA0CF0AABF00EBC250A6
:10BF800052421843BCBFD0401843704792F0000F94
:10BF900081F4000106BF80F400000132013BB5E7E7
:10BFA0004FEA41037FEA226C18BF7FEA236C21D05D
:10BFB00092EA030F04D092F0000F08BF08467047C2
:10BFC00090EA010F1CBF0020704712F07F4F04D190
:10BFD000400028BF40F00040704712F100723CBFA3
:10BFE00000F50000704700F0004343F0FE4040F4CD
:10BFF000000070477FEA226216BF08467FEA23638B
:10C000000146420206BF5FEA412390EA010F40F475
:10C01000800070474FF0000304E000BF10F00043C1
:10C0200048BF40425FEA000C08BF704743F09643A8
:10C0300001464FF000001CE050EA010208BF7047C3
:10C040004FF000030AE000BF50EA010208BF70474A
:10C0500011F0004302D5404261EB41015FEA010C5F
:10C0600002BF84460146002043F0B64308BFA3F157
:10C070008053A3F50003BCFA8CF2083AA3EBC25339
:10C0800010DB01FA02FC634400FA02FCC2F1200258
:10C09000BCF1004F20FA02F243EB020008BF20F08F
:10C0A0000100704702F1200201FA02FCC2F12002F5
:10C0B00050EA4C0021FA02F243EB020008BF20EAEA
:10C0C000DC7070474FF0FF0C1CEAD0521EBF1CEA18
:10C0D000D15392EA0C0F93EA0C0F6FD01A4480EA06
:10C0E000010C400218BF5FEA41211ED04FF00063EF
:10C0F00043EA501043EA5111A0FB01310CF000401B
:10C10000B1F5000F3EBF490041EAD3715B0040EA40
:10C11000010062F17F02FD2A1DD8B3F1004F40EB10
:10C12000C25008BF20F00100704790F0000F0CF0E3
:10C13000004C08BF49024CEA502040EA51207F3AA7
:10C14000C2BFD2F1FF0340EAC250704740F4000082
:10C150004FF00003013A5DDC12F1190FDCBF00F073
:10C1600000407047C2F10002410021FA02F1C2F121
:10C17000200200FA02FC5FEA310040F1000053EABD
:10C180004C0308BF20EADC70704792F0000F00F00B
:10C19000004C02BF400010F4000F013AF9D040EA11
:10C1A0000C0093F0000F01F0004C02BF490011F4A5
:10C1B000000F013BF9D041EA0C018FE70CEAD153A3
:10C1C00092EA0C0F18BF93EA0C0F0AD030F0004C23
:10C1D00018BF31F0004CD8D180EA010000F00040D7
:10C1E000704790F0000F17BF90F0004F084691F095
:10C1F000000F91F0004F14D092EA0C0F01D14202CF
:10C200000FD193EA0C0F03D14B0218BF084608D197
:10C2100080EA010000F0004040F0FE4040F40000E1
:10C22000704740F0FE4040F4400070474FF0FF0C74
:10C230001CEAD0521EBF1CEAD15392EA0C0F93EABB
:10C240000C0F69D0A2EB030280EA010C49024FEA0D
:10C25000402037D04FF0805343EA111143EA1013C6
:10C260000CF000408B4238BF5B0042F17D024FF47E
:10C27000000C8B4224BF5B1A40EA0C00B3EB510F59
:10C2800024BFA3EB510340EA5C00B3EB910F24BF42
:10C29000A3EB910340EA9C00B3EBD10F24BFA3EBC7
:10C2A000D10340EADC001B0118BF5FEA1C1CE0D18F
:10C2B000FD2A3FF650AF8B4240EBC25008BF20F042
:10C2C000010070470CF0004C4CEA50207F32C2BF96
:10C2D000D2F1FF0340EAC250704740F400004FF033
:10C2E0000003013A37E792F0000F00F0004C02BF64
:10C2F000400010F4000F013AF9D040EA0C0093F02E
:10C30000000F01F0004C02BF490011F4000F013B87
:10C31000F9D041EA0C0195E70CEAD15392EA0C0FEF
:10C3200008D142027FF47DAF93EA0C0F7FF470AF27
:10C33000084676E793EA0C0F04D14B023FF44CAF6A
:10C3400008466EE730F0004C18BF31F0004CCAD1FF
:10C3500030F000427FF45CAF31F000437FF43CAF3B
:10C360005FE700BF4FF0FF3C06E000BF4FF0010C5D
:10C3700002E000BF4FF0010C4DF804CD4FEA40023F
:10C380004FEA41037FEA226C18BF7FEA236C11D089
:10C3900001B052EA530C18BF90EA010F58BFB2EB3C
:10C3A000030088BFC81738BF6FEAE17018BF40F0BC
:10C3B000010070477FEA226C02D15FEA402C05D170
:10C3C0007FEA236CE4D15FEA412CE1D05DF8040BF5
:10C3D000704700BF844608466146FFE70FB5FFF788
:10C3E000C9FF002848BF10F1000F0FBD4DF808ED40
:10C3F000FFF7F4FF0CBF012000205DF808FB00BF31
:10C400004DF808EDFFF7EAFF34BF012000205DF88A
:10C4100008FB00BF4DF808EDFFF7E0FF94BF0120D7
:10C4200000205DF808FB00BF4DF808EDFFF7D2FFD4
:10C4300094BF012000205DF808FB00BF4DF808ED17
:10C44000FFF7C8FF34BF012000205DF808FB00BFE4
:10C450007BB972B90029BEBF00204FF0004106E051
:10C4600008BF00281CBF6FF000414FF0FF3000F004
:10C4700077B8ADF1080C6DE904CE002909DB002B7B
:10C480001ADB03F075F9DDF804E0DDE9022304B0FE
:10C490007047404261EB4101002B1BDB03F068F960
:10C4A000DDF804E0DDE9022304B0404261EB410124
:10C4B000524263EB43037047524263EB430303F082
:10C4C00057F9DDF804E0DDE9022304B0404261EBF6
:10C4D00041017047524263EB430303F049F9DDF831
:10C4E00004E0DDE9022304B0524263EB43037047EA
:10C4F00053B94AB9002908BF00281CBF4FF0FF31CB
:10C500004FF0FF3000F02CB8ADF1080C6DE904CE0F
:10C5100003F02EF9DDF804E0DDE9022304B07047F2
:10C52000D0B5FFF757FA0C4B002206460F46FFF72F
:10C53000A9FA00F017F80446FFF72AFA074B002281
:10C54000FFF7A0FA02460B4630463946FFF7E2F8FD
:10C5500000F008F82146D0BD0000F03D0000F04199
:10C56000704700BF4A0011D212F5001211D20DD54A
:10C570006FF47873B3EB62520ED44FEAC12343F0E9
:10C58000004343EA505323FA02F070474FF0000093
:10C59000704750EA013002D14FF0FF3070474FF042
:10C5A0000000704708B5F5F71BFEF7F7CFFAF5F76F
:10C5B0002DFD002008BDFEF753BDF7F759BA01F075
:10C5C00030B801F031B801F029B810B586B0044692
:10C5D00001A8FEF745FD02232370A3709DF80430E7
:10C5E0006371BDF80530E380DDF80730A3600020FB
:10C5F0006070E070207106B010BD00F01BBE70B519
:10C60000044602F027FF012805461AD1601C02F0FB
:10C6100028FFB0B1A37963F03F03A3710020F7F7BF
:10C620007FFBE61D38B1102200213046FEF778FF6F
:10C630002570002070BD304602F026FF0028F2D0A1
:10C64000F6E70025F4E710B5102204460021FEF7B6
:10C6500067FF04F11003102200211846FEF760FF67
:10C6600002F02BFF0020F7F75BFB20B1204602F021
:10C670000BFF002010BD02F0EDFE0028F6D0F8E719
:10C6800010B50446FEF7B4FDB0F5007F09DA10F5E9
:10C69000007F08DD031EB8BF03339B10237000200A
:10C6A00010BD7F23FAE76FF07E03F7E781780088FB
:10C6B00000F077BF37B505460C4600880DF106013E
:10C6C00000F0A4FE2B882380BDF80630638003B001
:10C6D00030BDF7B504462046F7F768FF0228054647
:10C6E0002ED004282CD123788A2B18D13E20F5F7A0
:10C6F0008BFD78B9E378227901A943EA02236846E1
:10C70000ADF8003000F001FF0028E4D053210820EC
:10C71000F5F740FC0520F5F7BBFD0028EAD02046E0
:10C7200000F013F82678A7783046F5F76DFD00285D
:10C73000D1D03E2E04D13846F5F7AAFD0028CAD044
:10C74000284603B0F0BD01F09ABC10B50378813BD8
:10C7500004460E2B2FD8DFE803F02F3541454F67F5
:10C760006D08613B71775B2E7D002920F5F790FD08
:10C7700030B13E232370222363702923A3701AE073
:10C780000A20F5F785FD3E23237018B11F2363703F
:10C790000A23F3E70123A37013236370E37903F003
:10C7A0000103E371D4F81A30C4F80E30E38B6382CE
:10C7B00094F82030237510BD3E230370042343708A
:10C7C0001423DBE73E2303700A2343700323D5E7DA
:10C7D0003E2303700D2343700523CFE70523237009
:10C7E000042307E05A20F5F70FFD08230028F6D0B0
:10C7F0005A2222706370DEE75B20F5F705FD18B161
:10C800005B2323700623F5E7302323700323F1E72E
:10C810003E2303700B2343700723AFE73E230370CF
:10C82000062343700C23A9E71323037083789B002E
:10C830000133DFE7572303700223DBE73E23037056
:10C8400006234370122399E73E23037009234370A4
:10C85000132393E7FF2303700D23437080238DE799
:10C8600008B510B96FF0150008BDFFF76CFF002880
:10C87000F8D00020F8E710B50C4648B141B1FFF7F9
:10C8800028FF002820700CBF6FF02200002010BD90
:10C890006FF01500FBE7F8B5941C0C446343B3F547
:10C8A000004FA8BF4FF0FF330E4610F003010546BE
:10C8B00017469CB203D0B0211420F5F76BFBB4F5FA
:10C8C000004F01D9B121F7E714220430FEF728FE0A
:10C8D000EF746C802E80F8BD38B50388C488058954
:10C8E0008B42C4F30E0203D2D1211420F5F752FB80
:10C8F00084EA0503C3F30E030BB9AC4206D102F17F
:10C9000018030122C1528274184438BD1846FCE74E
:10C91000023101444A43B2F5004FA8BF4FF0FF3245
:10C9200090B21B3020F00300B0F5004F34BF00B2CE
:10C930004FF0FF30704740881B3020F00300B0F507
:10C94000004F34BF00B24FF0FF3080B2704738B5AF
:10C9500003888B4203D2F7211420F5F71BFB857C5B
:10C9600065B1C388C3F30E031833C25A8A4207D392
:10C97000C152811DF5F79CFC00238374284638BD05
:10C980000025FBE70346F0B59E88DD88B4B2A542DA
:10C9900000F11800C6F30E0616D05F89DD7C845BBB
:10C9A0003D4402353544E41B28440D88A4B2A54219
:10C9B00088BF0C805989B1FA81F14FEA511188BFC3
:10C9C00025461170DD81F0BD00252846FAE7F8B54F
:10C9D0008288C389002604460D4692B20E60CBB110
:10C9E000C2F30E024189183287180B44825A9BB257
:10C9F0009342438104D94FF4A2711420F5F7CAFA87
:10CA000004D1011DF5F754FC46812F600023E3811A
:10CA10000120F8BD1846FCE7838802899BB29A4240
:10CA2000014602D00831F5F743BC70478388C088BF
:10CA30009BB2C31A584258417047828873B5C48864
:10CA400095B2AC42C2F30E0202F1180212D0418933
:10CA5000C689835A314499420EDB0DF10601ADF8C7
:10CA60000650F5F725FCBDF80600001B18BF012095
:10CA700002B070BD0020FBE70120F9E770B5C48863
:10CA8000068984EA0602C2F30E020346C4F30E05C9
:10CA900018300AB9B4420FD19C891A880CB1465B90
:10CAA000921B914207DCDA7C2C440232224410446F
:10CAB0000A461A8270BD00221046FAE7F8B5038ACA
:10CAC000002B38D08B4236D3C488858900F11803F7
:10CAD000C4F30E041E1995B91D55757085891E5B2A
:10CAE0000D44ADB2314485811953D2B1811DF5F7A2
:10CAF000DFFB00238381002303820120F8BD1E5B3E
:10CB0000AE4204D04FF4F6711420F5F743FAC57C19
:10CB1000878A2644023535445E195F53857DB5709A
:10CB2000DCE7C27C254402322A4499189B5A83824E
:10CB30008B788375DFE70020E0E78388C2889BB2AB
:10CB40009A4206D0428922B9C3F30E03183318441F
:10CB5000704700207047C37C0233C818704702300A
:10CB6000704738B58388C2889BB29A4207D04589FE
:10CB70002DB9011DF5F79CFBC581012038BD0020B2
:10CB8000FCE703881380C388C3F30E031833034400
:10CB90000B60808970470368002223B9C0E9013225
:10CBA000031D0360704759681B680A44F5E70729AD
:10CBB00070B5034604D84FF4EC711520F5F7EAF987
:10CBC0000068C0B144681A688C42064610D01068EC
:10CBD00060B901F10805AC420DD354685050186893
:10CBE000651A541800686560505002E01346E9E782
:10CBF00014681C60304670BD0023C1E90032036830
:10CC00000B600160704730B590B18478B1FBF4F3EC
:10CC100004FB131300EB430252898A4201D1D8B2BC
:10CC200030BDC27822B900F10803D0B2844201D8E5
:10CC3000FF20F5E733F8025F8D4202F10102F4D1E3
:10CC4000EEE78278038805324B4303EB4203184436
:10CC5000704737B50024CDE9004405468DF806003D
:10CC60006846ADF80440F5F7FBFCBDF8044008B198
:10CC700003B030BD29462046F5F7CEFC0028EFD0A2
:10CC800040F235211720F5F785F970B50D460921D9
:10CC90001E46FFF73DFE3246044609212846FFF7AF
:10CCA00037FE40EA04031B0454BF00194FF0FF3065
:10CCB00070BD01230370704710B5FF238B70C2F362
:10CCC00080035B00DBB2CA180124127D032A08BF6F
:10CCD0000133CA18147503F10C0401EB830300221D
:10CCE00021F814205B688A700360828010BDF8B55B
:10CCF0000C4684F001046400054611461E46E4B269
:10CD0000FF23837003191B7D012B06D0631CDCB24B
:10CD100050FA83F31B7D012B0AD105EB44073B8BB3
:10CD20003A8C9819904205DD2C4400233B832375EF
:10CD30000020F8BD05EB8404324660681844FEF715
:10CD40002FFC3B8B1E443E830023AB700120F0E799
:10CD500081F00101490010B5C9B2FF238370431867
:10CD60001C7D012C07D10C3120F8112002221A75EC
:10CD70000023837010BD0131CBB250FA81F10C7DDC
:10CD8000012C05D10C3320F8132002230B75EFE79B
:10CD90004FF499710920F5F7FDF830B50246837814
:10CDA00003F0FF00F3B9137D022B19D0537D022B42
:10CDB00015D10346012089B1D5180C3300242C75F8
:10CDC00022F81340131803241C7502EB80035B68E0
:10CDD0000B6000F10C0332F813308B80012030BD62
:10CDE0000123E8E70020FAE730B50346827802F035
:10CDF000FF00E2B99A7D022A17D0DC7D022C13D104
:10CE0000032281B11D190C340020287523F8140069
:10CE100098180324047503EB82000C32406833F841
:10CE2000123008608B80012030BD0324E9E7002028
:10CE3000FAE7037D012B01D1008B7047437D012B65
:10CE40000CBF408B00207047837D012B01D1808B6C
:10CE50007047C37D012B0CBFC08B00207047027D43
:10CE6000022A01D1008B7047437D022B01D1408BF8
:10CE70007047032AF6D0032BF9D000207047827D3B
:10CE8000022A01D1808B7047C37D022B01D1C08B58
:10CE90007047032AF6D0032BF9D000207047F5F72E
:10CEA000CFBCF5F72FBD07B50023CDE90033012333
:10CEB0008DF806306846F5F7D3FB08B1002004E092
:10CEC000009801F06FFF0028F4D003B05DF804FB78
:10CED0001FB50022009240F6881303A9FBF7B6FBAA
:10CEE00005B05DF804FB10B5044638B1F6F758FEFE
:10CEF00024EA0000B0FA80F0400910BD0120FCE7F0
:10CF00002DE9F0410F46B0F85E60B0F8605001F0D6
:10CF100028FE0221044600F080FE022180462046C1
:10CF200000F07BFE464528BF4646B6B21B2E38BFF2
:10CF30001B26FB2E28BFFB26854228BF0546ADB227
:10CF40001B2D38BF1B25FB2D28BFFB25B4F5A47F67
:10CF500038BF4FF4A47440F648039C4228BF1C46D7
:10CF60007E80FD80BC803C81BDE8F0812DE9F041F0
:10CF700086B0054602A9008800F073FE044600282A
:10CF800070D1029A92F85031D91E4B424B418DF824
:10CF90000630136898064ABF9DF80630234683F092
:10CFA00001038DF8073092F862309B0603D49DF898
:10CFB0000730002B5CD0EB881B3B9BB2E02B59D891
:10CFC0002989A1F5A4739BB244F24810834251D839
:10CFD0006B881B3B9BB2E02B4CD8AA88A2F5A473AC
:10CFE0009BB2834246D840F64807B94244D8BA4279
:10CFF00042D8029E4FF0FF0886F823819DF8063044
:10D00000A3BB03A906F1A800FFF77AFF6A88BDF861
:10D010001230BDF81410E888934228BF1346A6F8D2
:10D020002831BDF80E30AA88B94228BF394683425C
:10D0300028BF0346A6F82431BDF810302889BB422A
:10D0400028BF3B46834228BF03468A42A6F82631C2
:10D05000134628BF0B46A6F82A3186F82281002302
:10D0600086F82331204606B0BDE8F0813A24F6E781
:10D070001A24F7E71224F5E71124F3E710B5FFF7B8
:10D0800012FF60B1F6F7C8F9044601F0CEFF40B9CF
:10D09000204601F0C6FF80F00100C0B210BD0120A3
:10D0A000FCE70020FAE7006890F8BA3123B10023CA
:10D0B00080F8BA3101F06ABD704710B50378012BD2
:10D0C000044601D9122010BDFFF7EDFE58B92078B3
:10D0D00010F0FD000DD104F11703E21D611CBDE845
:10D0E0001040F6F793BFF7F723F80028EFD00C2095
:10D0F000E9E7A37903F0C003C02BE3D10120EAE7FD
:10D1000010B50378012B04460DD8FFF7CCFE60B9AB
:10D11000214611F8010B00F0FD00003818BF012076
:10D1200000F01EFD38B9122010BDF7F701F80028F5
:10D13000EED00C20F8E70020F6E708B50088F6F7F7
:10D14000FDFF00280CBF3020002008BD38B5054683
:10D15000FFF7A9FE044638B92878003818BF012027
:10D16000F6F7E0FF204638BD0C20FCE708B5FFF7D6
:10D170009AFE18B9F6F7C6FF002008BDF6F7D8FFEB
:10D180000028F7D00C20F8E7082303700020704730
:10D190001122027041F23903C2705922A0F8013005
:10D1A0008280C3800020704708B50821F5F77EFB18
:10D1B000002008BD73B50646008808800C4680B282
:10D1C00001A900F04EFD054640B9B3784BB9019B6B
:10D1D00093F91C01A070FAF711F9A070284602B06B
:10D1E00070BD7F20FFF774FEF4E710B504466FF0C2
:10D1F0007F00FFF76DFEFAF701F920707F20FFF73F
:10D2000067FEFAF7FBF86070002010BD08B50A460B
:10D21000072300F11001FDF7E1FF002008BD10B564
:10D22000014604460020F6F761FD08B92060A080A1
:10D23000002010BD10B50446F6F782FC28B9002086
:10D240002146F6F73BFD002010BDFFF717FF002831
:10D25000F5D10C20F8E710B50446FFF70FFF28B111
:10D2600001202146F6F72AFD002010BD0C20FCE726
:10D27000FFF77CBE1FB502880A80838844F29021A4
:10D280008B4215D840F648018B42ADF80420428805
:10D29000ADF8062028BF0B4601A8ADF80830ADF860
:10D2A0000A20ADF80C30FFF761FE05B05DF804FB15
:10D2B0001220FAE737B508800D4601A900F0D1FC2D
:10D2C000044620B901982946A830FFF719FE2046E8
:10D2D00003B030BD10B503466FF0040400204821B0
:10D2E00008221C7058709970DA701C71587199710D
:10D2F000DA7110BD10B50446FFF7D5FD78B92146A7
:10D30000E27911F8010B00F0FD00003818BF012090
:10D31000F6F7D8FF80F001004000C0B210BDF6F76C
:10D3200007FF0028EBD00C20F8E713B50088088031
:10D330000C4680B201A900F094FCC8B9019B83F8A7
:10D34000160193F81421012A06D0022A04D04FF4C2
:10D350003F710620F4F71EFEA27093F81521012AF2
:10D3600001D0022AF3D1E27093F81621002AE6D107
:10D3700002B010BD1FB5044603A9008800F071FC7F
:10D3800038B9A388022B14D8E078FFF7ACFD10B9A8
:10D39000112004B010BDA078FFF7A5FD0028F7D03C
:10D3A00001230093A388E278A17803A800F0ACF9E8
:10D3B000EFE71220EDE737B58378C178027903F003
:10D3C000010451EA040503F002031DD052EA0305EB
:10D3D0001AD0002C18BF0021002B18BF00228DF896
:10D3E0000320037842788DF8021043EA0223ADF857
:10D3F000003043798279684643EA0223ADF804306D
:10D40000FFF7B8FF03B030BD1120FBE713B50C46A2
:10D4100001A900F026FC18B9019BDB8801332380A9
:10D4200002B010BD07B5008801A900F033FC30B987
:10D43000019B93F8332112B9FF2283F8332103B003
:10D440005DF804FB10B50446F6F7A4FB20606160AC
:10D45000002010BD37B50446F5F7DEFF23781F2BFB
:10D46000054618D8816A04226846FFF725FC224643
:10D47000A86A12F8013B0021FFF739FC68B1AC6AD9
:10D480002046FFF7E1FC002102462046FFF760FC42
:10D49000002003B030BD1220FBE70720F9E737B5C5
:10D4A0000446F5F7B9FF23781F2B054618D8816A83
:10D4B00000226846FFF700FC2246A86A12F8013BEA
:10D4C0000121FFF714FC68B1AC6A2046FFF7B1FCFC
:10D4D000012102462046FFF73BFC002003B030BD8F
:10D4E0001220FBE70720F9E710B5044634F8020BD9
:10D4F0000880002180B2F5F779F820B12146BDE817
:10D50000104001F05DBF022010BD008808B5088002
:10D51000002180B2F5F76AF820B1BDE8084000218B
:10D5200001F04EBF022008BD13B5008808800C46EC
:10D5300080B201A900F095FB10B9019B9B8F63801D
:10D5400002B010BD37B503880B80044698B26388DB
:10D5500013B9122003B030BD01A900F082FB0028EE
:10D56000F8D16588019B42F21072A9B2D3F8C44089
:10D570005143B3F8DA206243B3F8CC4004FB0222F3
:10D580009142E6D3D3F8C420D3F8C4409442F9D1F1
:10D5900000225A63621E0A449D87B2FBF4F29A632A
:10D5A000D8E710B50C460021F5F720F890B1022C11
:10D5B00012D804F00102C4F3400480F8BC2180F8C2
:10D5C000BB4112B190F8BA310BB9002010BD01F087
:10D5D000DDFAFAE70220F9E71220F7E710B5044672
:10D5E0000078FF280AD00121F5F700F858B16378D8
:10D5F000A27843EA0223C383002010BDB4F80100DF
:10D60000F8F7B4FAF8E74220F7E708B500780038F1
:10D6100018BF0120F8F7AEF9002008BD0620F6F784
:10D62000ADBA0820F6F7AABA01F0F4BE10B5044668
:10D6300004B910BD236898476468F9E703680BB91B
:10D64000016070471A465B6813B18A42FAD170478D
:10D650008A4218BF5160704708B5F8F791FEF8F795
:10D660007BF9BDE80840F8F773BE08B50020FFF766
:10D67000F0FAF5F77FF8F6F7DBFAF5F735FD20B1AC
:10D6800040F243119320F4F785FC08BD08B5F8F784
:10D6900033F9F8F74BFE20B140F263119320F4F711
:10D6A00079FCBDE808400120FFF7D3BA08B5FFF7C1
:10D6B000EDFF01F071FE20B14FF4BC719320F4F73F
:10D6C00069FC08BDFBF76ABC0B46892203F8032BF3
:10D6D000D0F80920C1F80320427B1A71704738B591
:10D6E0000D460446F6F75CFA2B78002B08BF03467C
:10D6F00084F868306B78002B08BF034684F86930E3
:10D700006B88A4F86A3038BD2DE9F7430468994660
:10D7100094F8633094F80F8043EAD303DB070F4695
:10D72000164602D4B8F1250F36D16FBBF6F738FA9A
:10D730000546BEBBF6F734FA45BBB8F1250F2ED12E
:10D7400000200546FF2384F82D3194F82C3103F096
:10D75000FF08F3B99DF8283084F82F0184F82C31A4
:10D7600084F82E5101A904F1A8008DF804708DF8F9
:10D770000560ADF80690FFF7B2FF002384F82D3165
:10D78000404603B0BDE8F0833D46D2E70028D4D040
:10D79000D8E74FF03A08F0E74FF01A08F0E74FF0FB
:10D7A0000908EDE7002DC8D03046CBE738B503684F
:10D7B00093F82C31012B04460D4602D11E21F6F7B9
:10D7C00011FA2368002083F82C0165B1182283F830
:10D7D000992008229A7393F84A3093B940F25B413A
:10D7E000AE20F4F7D7FBDA7B233A072A03D8DD73A0
:10D7F000204600F0F5FD20461821BDE8384000F035
:10D800000EBE38BD08B503689A7B22B14FF4E671AD
:10D81000AE20F4F7BFFB23229A7308BD034610F035
:10D82000010002BFC3F340035B00D8B270472DE98B
:10D83000F84F074610461E46FFF7F0FF834608469E
:10D84000FFF7ECFF42EA01044BEA04040443E4B2AC
:10D85000003C0A9D88469246814618BF0124F6F78F
:10D860009FF910EA0A0A18BFDA46F6F799F997F80D
:10D87000143110EA080118BF4946534508BF4FF05C
:10D88000000A85F800A097F815318B4208BF0021E7
:10D8900069705AEA01010AD1FB88013EF61AB6B254
:10D8A00047F6FD739E428CBF002404F0010420461D
:10D8B000BDE8F88FF7B50468E57BA5F12303072BD6
:10D8C00006464FD9002D4BD1A37B282B4AD04B784D
:10D8D00013F007033DD08A7812F0070239D084F89C
:10D8E0000C31252384F80D21E37394F82D31F3B91D
:10D8F00094F82C31012B1AD094F80C7194F815017E
:10D9000094F8101194F81121B4F81231874214D10F
:10D9100094F80D7194F8140187420ED1022084F816
:10D920002C0184F82E1184F82F21A4F830313046D0
:10D9300000F04CFD284603B0F0BD022000903046B8
:10D94000FFF7E2FE0028F2D04FF46671AE20F4F744
:10D9500021FB0978304603B0BDE8F04000F05FBD20
:10D960000125E7E72025E5E72DE9F04F056895F863
:10D970000EB0ABF12403D3F1000848EB0308052AED
:10D9800087B0044670D1EB7B262B73D10F358A7894
:10D990004F78039207F0070902F0070A09F1FF33F5
:10D9A0000AF1FF3003EA090300EA0A00034366D1E3
:10D9B000B1F80360F6F7F4F8039A174307F0070786
:10D9C00087435CD15046FFF729FF2768A8B197F835
:10D9D0001431984211D097F82E211AEA020F4ED036
:10D9E000BBF1240F09D097F80D211AEA020F04D1D8
:10D9F000022870D1013B012B71D84846FFF70EFF7A
:10DA000040B197F81531834204D097F82F3119EAC5
:10DA1000030F34D005AB009338463346524649468F
:10DA2000FFF705FF2368074678BB93F82C21012AEE
:10DA300028D101462046F6F7D5F8236883F82C71E3
:10DA40002F70236803F10F02954201D10022DA738F
:10DA5000236803F10F02954237D1204600F0C0FC45
:10DA6000002007B0BDE8F08F414607B0BDE8F04F99
:10DA7000FFF79CBEBBF1240F2BD10E3587E7414643
:10DA80002046F2E783F82C01DBE7DA88A3F86C6222
:10DA9000013EB61AB6B247F6FD72964206D9282262
:10DAA00083F831202046F7F755F8D1E7DA7B0C2AC6
:10DAB00002D0093A012A01D82A22F1E7BDF8142040
:10DAC000A3F86E2228232B70C2E7002283F84A2095
:10DAD000C6E70220C5E7012B8FD0022BCFD04FF431
:10DAE000DD710620F4F756FA08B50368DA7B252ABB
:10DAF00005D022B140F2D351AE20F4F74BFA2622E2
:10DB0000DA7308BDF6F794B8704730B542401C7818
:10DB100008785D7860404C786C4020449D788C7823
:10DB20006C402044DD78CC786C4020441D790C7921
:10DB30005B7949796C4020444B4018441044B0FA5A
:10DB400080F0400930BD024600200139C9B2FF29EA
:10DB500000D17047535C83F001030344D8B2F4E76B
:10DB600008B5F6F7E9F8082807D0F6F707F9082806
:10DB700003D0F6F719F9012008BD0020FCE708B52D
:10DB8000F6F7DAF8082803D0BDE80840F6F7F6B84B
:10DB900008BD08B501F04BFC18B1BDE80840F9F725
:10DBA000F1BC082008BD01440023884203D1B3FA28
:10DBB00083F04009704710F8012B1343F5E7F8B5DF
:10DBC000D0E9047605460C46FCF7FEFB18B9522155
:10DBD0002920F4F7DFF9E4B1D5E90423D21B63EB84
:10DBE0000603012A73F100014FF0000113DB6FF00F
:10DBF00001009042994101DA5C21E9E7631E134478
:10DC0000B3FBF4F35C43E41946F10006C5E90446AE
:10DC10001C462046F8BD0C46FBE7022905D13C28EE
:10DC200008D980100F3880B27047702802D9C01010
:10DC30000E38F8E700207047012908B5034605D0E3
:10DC400002290BD0E7212920F4F7A4F940F6C410EB
:10DC500040F2E242002B08BF104608BD40F6C41057
:10DC6000FBE710B50C460021F4F7C0FC2060B0FAC9
:10DC700080F04009400010BD0368587BC0B293F8A3
:10DC800030302BB900F0FB00003818BF012070477E
:10DC90000020704710B50C46FFF7E3FF38B9204667
:10DCA000FFF7EAFF80F001004000C0B210BD022083
:10DCB000FCE738B54FF4267204460D460021FDF707
:10DCC0002FFC6FF0360284F86320042284F864206D
:10DCD0006FF03B0284F865206F2284F866200322EF
:10DCE00084F86720002284F868206FF07F0284F8AF
:10DCF00069202B2284F86220FE22012384F89E20D2
:10DD00007F22A375E27284F8A830A4F8AA5038BD27
:10DD1000C2B292FAA2F2030A93FAA3F31B0E100EF8
:10DD200040EA0320704770B50131C9B205300022C6
:10DD300010F8013F8B4216D310F8054C0023012543
:10DD400005FA03F626421CBF01F1FF31C9B269B1E1
:10DD50000133082BF4D10132D2B2052AE8D19B213C
:10DD60004620F4F717F9C91AC9B2F4E703EBC20069
:10DD7000C0B270BD0B6870B5C0F801300B7903F00C
:10DD80001F03437100230446C3720546461D15F860
:10DD9000010F00F002FB6871E37AB5421844E072AB
:10DDA000F5D170BD70B581EA11418CB20546C17ADA
:10DDB000032682EA0400FFF7ABFF013E00EB0010F0
:10DDC000221816F0FF0690B2F5D144402522B4FB8C
:10DDD000F2F302FB1343C3F3C4022A44D8B25678C9
:10DDE00003F00703012202FA03F31E4207D1614345
:10DDF0002846C1F30741BDE87040FFF794BF70BDEE
:10DE0000F8B590F821506B1E242B044603D9E1216C
:10DE10004620F4F7BFF8DAB1807D002843D194F8AA
:10DE2000233094F8221002FB01322523B2FBF3F1D8
:10DE300003FB1123DBB204EBD30284F82330D17D42
:10DE400003F007060122B240114202D084F82430C8
:10DE5000F8BDB3FBF5F205FB1233013303F0FF030A
:10DE600004F11B0111F8012F9A4219D311F8055C36
:10DE70000022012606FA02F72F4208D0013B13F0D8
:10DE8000FF0304D102EBC00284F82420E0E7013252
:10DE9000082AEFD10130C0B20528E3D1D721B7E776
:10DEA0009B1ADBB2F6E7E288096A04F11600FFF775
:10DEB00079FF84F82400CBE70378890123F040033D
:10DEC00001F040010B4303707047037803F07F03B8
:10DED00043EAC113037070471F2A38B5054614463C
:10DEE00003D9A8212A20F4F755F809300634FDF7A4
:10DEF00057FB6C7038BD1F2A38B50546144603D948
:10DF0000CA212A20F4F746F809300634FDF748FB09
:10DF10006C7038BD037803F00F03032B02463ED02C
:10DF2000052B42D1C37F90F82000034392F82100D3
:10DF3000034392F82200034392F8230000F01F00ED
:10DF4000184333D05378222B2FD1B2F81930B1B106
:10DF5000B3F5506F13D940F607518B4225D8B2F86C
:10DF60001B30B3F5FA7F20D2B2F81D000A3880B218
:10DF700040F6764398428CBF002001207047991FDD
:10DF800089B240F67A4081420FD8917D481E072819
:10DF90000BD8994209D2B2F817109942DEE74078BF
:10DFA000A0F10C0358425841704700207047838805
:10DFB000A1B1B3F5506F11D940F6075293421BD867
:10DFC000C388B3F5FA7F17D200890A3880B240F6C9
:10DFD000764398428CBF0020012070479A420BD8AC
:10DFE000B3F5486F08D84278511E072904D89A42E1
:10DFF00002D242889A42E2E7002070472DE9F347B7
:10E000000E4601A914469946FFF72BFE054618B99E
:10E01000019F2CB901237B75012002B0BDE8F08778
:10E02000D7F8BC8021464046FEF756FC824608B928
:10E030000020F2E7F5F70AFA8442F9D85146404643
:10E04000FEF789FD7B7DA0F80150002B18BF02264A
:10E05000494600F8036B2246FDF7A2FA21464046E6
:10E06000FEF775FC18B983212B20F3F793FF01A865
:10E07000FFF719F8019BA3F8B2517D75CCE74378FF
:10E08000C3F30111012910B502460ED0022915D0A3
:10E09000047803F00F00131D5288022144EA002087
:10E0A000FFF7ACFF38B1012010BD047803F00F007A
:10E0B000131D5288F2E7F6F749FBF4E70020F3E777
:10E0C0001A230B7001234B708B707047F6F716BA4A
:10E0D00010B521B940F2A9211020F3F75BFF4A6087
:10E0E0000B72EFF3108472B6031D0B6042681AB115
:10E0F000127A012A08BF036003681960016004B93D
:10E1000062B6BDE81040F6F743BA0222F6F70CBB40
:10E110000322F6F709BB0422F6F706BB0222F6F744
:10E1200047BB8D230B7030F8953CA1F8033030F8D5
:10E13000573CA1F8053030F8533CA1F8073030F8CF
:10E14000553CA1F8093030F8513CA1F80B3070472C
:10E15000012908B503D10E30C00080B208BD0229E4
:10E1600002D10F308000F8E74FF40C710620F3F76E
:10E1700011FF30B587B004460D46F5F76DF980B351
:10E1800034F89E4C69462046FFF794F818B1FB21FD
:10E190002C20F3F7FFFEBDF80630ADF80E30BDF8C9
:10E1A0000830ADF81030BDF80230ADF8123003A8D9
:10E1B000BDF80430ADF80C40ADF81430FFF758F856
:10E1C00010B14FF48271E3E7ADF80C009DF80C300C
:10E1D000002063F307009DF80D3063F30F2007B0B4
:10E1E00030BD2B468E2203F8032BD4F80920C5F846
:10E1F0000320D4F80D205A60B4F811201A810423AA
:10E20000ADF80C30E2E740687047C08A704710B53F
:10E210008A880B89CC884988A0F85410A0F8584007
:10E22000A0F85620A0F85A3010BD8383BDF8003006
:10E2300001834283C3837047034670B5B3F84C1023
:10E24000B3F85820B3F85A40B3F84850B0F84260D9
:10E25000B0F84600914228BF1146B3F85020A3F809
:10E260004210A24228BF2246B3F84A40A3F84620F3
:10E27000944238BF14468D4238BF0D468E42A3F8F3
:10E280004850A3F84A4021D1801A18BF0120B3F8A2
:10E290004E10B3F85420B3F85660B3F84050B3F8BA
:10E2A0004440914228BF1146B3F85220A3F84010D1
:10E2B000B24228BF32468D42A3F8442008D194428E
:10E2C00018BF40F0010000F0010070BD0120DEE742
:10E2D0000120F8E738B5C58B438C04469D42007A8F
:10E2E00028BF1D46FFF734FF6389AB4228BF2B468A
:10E2F000984238BF184680B238BD2DE9F041064635
:10E300000F468089194698461446FFF721FF41467B
:10E3100005463046FFF7DEFF854228BF05469DF8DB
:10E320001810B08AFFF714FFF38A834228BF034610
:10E33000ADB2A01D15FA83F338441844BDE8F0814E
:10E3400007B590F86D30009390F86C30002296215C
:10E350003430FFF7D2FF03B05DF804FB38B50D464B
:10E3600019461446FFF7ECFF96342044A84294BFA8
:10E37000281A002038BD38B50D4611460446FFF76F
:10E38000DFFF2844A06338BD01F19C0383423DBFF9
:10E390009C38401A40080020704700F055034008A0
:10E3A00000F05500034403F033009B0803F03303EF
:10E3B000034403F00F0000EB1310704703680022C2
:10E3C0009A7383F84A20A3F8462070470368002216
:10E3D000A3F84E2093F85020013283F85020704764
:10E3E00008B5026892F85030013B5BB2002B82F80E
:10E3F000503003DA52214A20F3F7CCFD08BDA0F1DA
:10E400000903042B09D9A0F14603012B05D92338B0
:10E4100007288CBF00200120704701207047026848
:10E42000136810B513F0080408D143F00803136013
:10E4300082F89810FFF7CAFF204610BD0120FCE7C4
:10E4400030F8023CF7B5B0F8827005460E4673B15D
:10E45000012268468DF80020ADF80170ADF8033058
:10E46000F5F78EF818B195216320F3F793FD832318
:10E4700000243370B470A6F803706B7AD5F8980056
:10E480007371FEF7D3FA08B9BA21EDE72146384691
:10E49000F4F7C2F84FF4017303F00402204662F36C
:10E4A00007001B0A63F30F2003B0F0BD03681A7C5A
:10E4B000063A012A81BF4A785A7406221A7400204B
:10E4C00070470268137C063B012B84BF072313743B
:10E4D000704770B50268D57BE5B9CB88D688A2F8BD
:10E4E0006C32013B9B1B9BB247F6FD76B34206D9CB
:10E4F000282382F83130F6F72DFB284670BDD1F87D
:10E500000130C2F86E324B7982F872320368092208
:10E51000DA73F2E70125F0E70B46822203F8032BBA
:10E52000D0F80920C1F80320D0F80D205A60427CB1
:10E530001A720023CB70704770B50368DD7B064606
:10E540000C46002D3CD1062229462046FFF72FFD20
:10E5500028B921783046BDE87040FFF760BF3268C7
:10E560006389D188A2F86C32013B5B1A9BB247F6F3
:10E57000FD718B4207D9282382F831303046F6F7F7
:10E58000E9FA284670BDA38840F2E2414B43C2F845
:10E5900074326378C3EB431003EB800303EB830314
:10E5A0005B00A2F86E3263884B43C2F87032E38896
:10E5B000A2F878322389A2F87A320C23D373E0E7E9
:10E5C0000125DEE70B46842203F8022BD0F8092050
:10E5D000C1F80220D0F80D205A6070470B46852202
:10E5E00003F8022BD0F80920C1F80220B0F80D2062
:10E5F0009A80704738B50368DC7B054634B1103C1F
:10E600000F2C8CBF01240824204638BD1B7D002B15
:10E61000FAD0FFF7DBFE2B681022DA73F4E708B5B7
:10E620000368DA7B152A04D040F253211F20F3F748
:10E63000B1FC012283F851201722DA7308BD036868
:10E64000DA7B112A03BF12220020DA7302207047FE
:10E6500010B50368DB7B1B2B044606D1FFF7C0FE19
:10E6600023681F22DA73002010BD0220FCE708B5E2
:10E670000368DA7B102A04D040F27E211F20F3F7D2
:10E6800089FC012283F851201122DA7308BD08B5F4
:10E690000368DA7B172A04D040F28A211F20F3F79F
:10E6A00079FC1B22DA7308BD3E230B700C234B70E0
:10E6B00004238B70D0F80930C1F80330D0F80D3046
:10E6C000C1F80730B0F81130A1F80B30C37C4B73A0
:10E6D000704708B503689A7B1AB1CF211C20F3F765
:10E6E00059FC04229A7308BD026808B51368D9075B
:10E6F00003D4DD211C20F3F74DFC23F0010313604C
:10E70000BDE80840FFF76CBE87230B7030F88C3CE7
:10E710004B80704703689A7B0E2A01BF002283F862
:10E720003E2083F84A209A730020704738B5056868
:10E730002B6813F0040407D1FFF748FE2B6843F061
:10E7400004032B60204638BD0120FCE702681368F3
:10E7500023F004031360FFF743BE08B503689A7BF8
:10E760001AB172214B20F3F715FC0E229A7308BDE3
:10E7700010B5D0E90D42A24206D38B8C498E0533E9
:10E780004B43121B934202D3012380F83E3010BD4D
:10E790000C230B7008234B7000238B70B0F856309D
:10E7A000A1F80330437A4B714389CB8083890B8175
:10E7B000704710B5046894F853309A070CD4A37BC3
:10E7C0001BB177214020F3F7E5FB0122A27384F807
:10E7D0004A20A4F8463010BD23689B0705D5FFF7F3
:10E7E000FFFD236823F002032360002384F8323105
:10E7F000F1E710B50B794C790A68012843EA042146
:10E8000008BF41F48031104610BD07B5FFF7F1FF96
:10E810000DF10702F6F7CCFB03B05DF804FB07B57A
:10E82000002301A80193F9F7E1FE019810F003001D
:10E8300018BF012003B05DF804FB08B5FFF7EFFF38
:10E84000002814BF1420002008BD08B503689A7B77
:10E850001AB12621A320F3F79DFB20229A7308BD4D
:10E86000F7B50568AB7B203B022B06460C462BD840
:10E87000B1F805101A2921D9B4F80730B3F5A47FEF
:10E880001CD3B4F801201A2A18D9B4F80300B0F543
:10E89000A47F13D3009005F1A80405F1DC00FFF775
:10E8A000C4FC20463768FFF7C7FC18B107F23F10D9
:10E8B000F5F7A0FF30680621F7F770F8002085F81B
:10E8C0004A00A87303B0F0BD0120FBE7026813689B
:10E8D000D90610B5044603D4B821A320F3F75AFB98
:10E8E000990601D5B921F8E723F010031360FFF76B
:10E8F00077FD20680621BDE81040F7F74FB810B546
:10E90000F9F72AFC0446FFF798FF04F55F43BE3091
:10E910004FF47A724133B3FBF2F3184410BD10B5D3
:10E92000044690F86D00FFF7EAFF012201462046F9
:10E93000BDE81040FFF71FBD7FB5044618B9A521FB
:10E940003020F3F727FB052900F2B580DFE801F05E
:10E9500003AE2A25B3A990F80032C288A3B1B0F85B
:10E96000FE31934208BFB0F8B4319A1AA0F8B6212C
:10E97000E380D4E990232046C4E99223F8F700F914
:10E9800094F84C3004B070BDB0F8FC319B1AA0F87C
:10E99000B631B0F8FC319BB2EAE704B0BDE8704094
:10E9A000F9F72ABBFAF77AFBD4E99223801A61EBD4
:10E9B0000301012871F1000302DA40F20161BFE7AF
:10E9C0006FF0010383424FF000038B4102DA40F203
:10E9D0000261B5E7D4F8C4300BB1B0FBF3F3E17BCF
:10E9E000B4F8FE210C2931D10132A4F8FE21B4F88B
:10E9F0006232E5880133A4F86232B4F842301D4433
:10EA0000B4F84030013DED1AADB203AEB4F8FE11DA
:10EA10006B1A180434D4002300961A462046F6F7E1
:10EA20006FFB0128AED1B4F8FE21B4F8B011BDF8E7
:10EA30000C301344521A12049BB204D5EA1A12F491
:10EA4000004F18BF0B46A4F8FE31DFE7E1880B4406
:10EA50009BB2D11A0D044DBF0133013293B29BB268
:10EA6000A4F8FE3194F80132002BC0D1B4F8B431CF
:10EA7000B4F8FE21934204BF0133A4F8FE31B6E797
:10EA8000A37C0394002B14BF08233E23304684F854
:10EA90003130F6F75FF8204600F087FC00236373FF
:10EAA00070E704B0BDE87040FEF7FBB9437B042B70
:10EAB000F4D0C62144E7CB2142E713B500234373CA
:10EAC000A0F860321A46009319460446F6F718FB80
:10EAD00020B140F2E7113020F3F75CFA01236373B1
:10EAE000C4F8E801C4F8E001A4F8FE01A4F8FC01B0
:10EAF00084F80102E388A4F86202013BE38002B0DB
:10EB000010BDD0F8E800704738B5044690F82831B9
:10EB10009BB1FF2380F83031012100F09FFA94F877
:10EB2000283153B104F1C0052846FAF76DFB284699
:10EB3000FAF77EFB002384F82831002038BD08B5A1
:10EB400090F8302142B990F8EC2042B1D0E93C3144
:10EB5000994202D9F7F758FD0022104608BD01225C
:10EB6000FBE710B50446FFF768FEE269636B9A4263
:10EB700028BF1A4600F5C1711046FFF705FC40F6A4
:10EB80004803984228BF184680B210BD7FB504469E
:10EB900090F84C3003F0FF05002B58D1437B032B3A
:10EBA00055D1FAF77BFAD4E99223801A61EB03017D
:10EBB000012871F100034ADB6FF00103834275EB1A
:10EBC000010104DA40F2AA513020F3F7E3F9D4F856
:10EBD000C420E3880AB1B0FBF2F2013313449BB2C4
:10EBE000A4F8FC31B4F8FC21B4F8B4319B1A1BB280
:10EBF000002B2CDD04F50270FAF706FB38B3FF2377
:10EC000084F80132B4F84230E5881D44B4F840304D
:10EC1000013DED1AADB20DF10E06B4F8FC31EB1A60
:10EC20001B0414D4B4F8FC1100960023012289B20D
:10EC30002046F6F765FA012809D1B4F8FC31BDF891
:10EC40000E2012FA83F39BB2A4F8FC31E5E704B07E
:10EC500070BD2DE970430C461546E2B9F8F704FF84
:10EC6000D4E94689064684F8EC5084F82851D4F853
:10EC7000E800F5F791FBD4F8E800C0E99289C0E913
:10EC80009689C0F86462FFF718FFF9F77FF8BDE8CE
:10EC90007043FBF70BBB40F2C3713020F3F77AF9F6
:10ECA00070B5044621B1012978D040F2D37172E0E9
:10ECB00000F007F994F8293105460E46DBB150EA19
:10ECC000010318D0D4E93E32D4E94601C01A61EB01
:10ECD000020133462A46FCF7CFFB05FB01F300FB9C
:10ECE0000633A5FB00021344D4E93E21121843EB7E
:10ECF0000103C4E93E23E08B30B1F5F795FDE38BCA
:10ED0000B0FBF3F202FB1300D4E93E32ED1846EB00
:10ED100002062D184FF0000346F1000640F20242B1
:10ED2000C4E93E56C4E9465684F80831A4F81021D7
:10ED300084F8293194F8303103F0FF01DBB9D4E9CC
:10ED400048026FF000439A4208BFB0F1FF3F18D06D
:10ED50002046D4E9465600F0A9F8D4E94832E53017
:10ED60005B1B62EB06021B1A62F10002002A08DA42
:10ED70002046F7F749FCF9F709F8BDE87040FBF7C2
:10ED800095BA04F5847104F1C000FBF7A9FA0028D4
:10ED9000F1D14FF4E0613020F3F7FCF8002380F864
:10EDA000EC30E8E790F82801003818BF01207047E0
:10EDB0000B468C2203F8032BD0F80920C1F803205E
:10EDC000D0F80D205A60704738B50B46882203F8FA
:10EDD000032B0C4600F10902293052F8041B43F8BA
:10EDE000041B8242F9D112781A70A5880123A371FD
:10EDF00000212846F3F7FAFB58B1E3784BB1002124
:10EE00002846F3F709FC20B140F233212D20F3F717
:10EE1000C1F838BD0121F7F78BB9FFF7FBBF90F8B8
:10EE200072300BB10120704790F8AA2002F0FF0366
:10EE3000002AF7D190F89C201846704737B5044651
:10EE40000D464FF49C720021FCF76AFBFF232370F0
:10EE50001323638042F21073E383F3F7C3FC0022B1
:10EE60000146A0626846FDF727FFA06A0022012143
:10EE7000FDF76EFFA16A68460422FDF71DFF002220
:10EE8000A06A1146FDF764FF04F12000A57403B0E9
:10EE9000BDE8304000F019B9FF23886A0B70FDF718
:10EEA00008BF0078FF3818BF0120704710B504462E
:10EEB000203000F060F961882822F7F7D7FB6D3029
:10EEC00010BDD0E9020170472DE9F04F07460C460E
:10EED00006460FCF8FB006AD0FC597E80F000DF1B6
:10EEE000100885E80F00404600F0EFF8677894F8C6
:10EEF000149094F80AA094F800B007F07F05B9F1D7
:10EF0000010F2F4607D0B9F1020F04D040F21231A1
:10EF10000620F3F73FF8617A404600F0DDF8237DE4
:10EF2000227F022B08BF617D02F1010206BF013181
:10EF3000C9B20121D2B2404600F0D0F815F0080362
:10EF400060D14046019300F016F928223946F7F7C0
:10EF50008DFBE578019B00F52472207945EA0025B8
:10EF6000607940F2712145EA00454D43B2FBF1F270
:10EF70004A43AA420AD9E079A57945EA0025207AD0
:10EF800045EA00454D43954228BF1546227E03932E
:10EF9000531E5A425A41A17CB06A02910192FDF778
:10EFA0005EFFB06AFDF76BFF039B019A02998DF833
:10EFB00018B0ADF81A7008958DF828208DF82B1030
:10EFC0008DF82CA08DF81C90099306AF0FCF354615
:10EFD0000FC597E80F0085E80F0098E8030030623E
:10EFE000B184E37A03F0FD03003B18BF012386F8E8
:10EFF0004F30E3683365238AA6F8543000200FB001
:10F00000BDE8F08F00252B46C0E74FF40043C384D2
:10F0100043881D2B08BF00214174704790F91200EE
:10F020007047408800F0010070478078C0F34000CE
:10F0300070478078C0F3C000704790F84830816115
:10F0400081F8B330D0F84930C1F8B430B0F84D3061
:10F05000A1F8B83070477047F6F7D8BD80F868104F
:10F0600070478278034612F0010002D0D978C907B0
:10F0700010D5900702D5D97889070AD512F0040077
:10F0800008D0D878C0F3800080F001008000C0B2C2
:10F09000704702207047C0F34002C0F3800313445E
:10F0A00000F0010018447047022808B507D0042872
:10F0B00007D0012807D039212E20F2F76BFF262038
:10F0C00008BD2720FCE72520FAE70023C0F802301E
:10F0D00001234370037070478170704710B5427010
:10F0E000017080781446FFF7D6FF10FB01F010FB8B
:10F0F00004F2FE2A03DD5C212E20F2F74BFF10BD47
:10F100000023C37043710371704710B50446FFF7C5
:10F11000A8FF637962780133DBB29A4263710FD141
:10F12000E378A1780343DBB29942E37008BF237907
:10F130004FF0000208BF0133627104BFE270237117
:10F14000BDE81040FFF7B0BF38B501468078FFF743
:10F15000A2FF0446C8784D78FFF79DFF0A790B7827
:10F160009B1A13FB05F34A7913FB04F39B1A00FB6C
:10F170001530C0B238BD08B501468078FFF78BFF67
:10F180004B780A7813FB02F313FB00F0C0B208BD02
:10F1900040F2EF20704740F25A335843704738B579
:10F1A00013680E3814460D469A7B09283ED8DFE8CE
:10F1B00000F0053D3D3D0F3D183D3D27042A05D19A
:10F1C0002046FFF7FBF82046F5F732FE002038BD59
:10F1D0000E2AFBD1002220461146BDE83840FFF739
:10F1E00099BA202AF2D12046FFF7E8F8002DEDD099
:10F1F000226892F8623023F0200382F86230E5E75B
:10F20000DA7B262AE2D10025DD732046FFF7E8F8F5
:10F21000236893F82C31012B03D129462046F4F7BB
:10F22000E1FC2368002283F82C21CFE740F2622121
:10F230003120F2F7AFFE08B50368DA7B172A04D055
:10F2400040F27E513120F2F7A5FE1D22DA7308BD8F
:10F2500008B590F89E30FE2B04D040F66F11312097
:10F26000F2F798FE002380F89E1080F89F3012B9C4
:10F27000A0F84E2008BDA0F84630012380F84A309F
:10F28000F8E708B50368DA7B342A05D10022DA737F
:10F29000BDE80840FFF7A4B8172A02D11D22DA738F
:10F2A00008BD40F293513120F2F774FE08B50368AF
:10F2B0009A7B082A0AD193F8991093F8A0209142DA
:10F2C00004D100229A7383F84A2008BD1A681107F6
:10F2D00006D522F008021A60BDE80840FFF780B8A2
:10F2E0004FF4AF613120F2F755FE037D63B9C37B64
:10F2F000A3F10F02032A07D990F8520028B11F2B5F
:10F300008CBF002001207047012070470246006832
:10F310004978837B202B13D00AD8042B12D00E2BD4
:10F3200012D0C37B262B0CBF1720FE20F7F75CBB47
:10F330002A2B03D02C2B09D0242BF2D11620F5E751
:10F340001420F3E70E20F1E71220EFE72320EDE78A
:10F35000024600680B4690F8621041F0040180F804
:10F36000621099785878F7F73FBB38B50C460546D8
:10F37000D1E92F01F3F7EAF9637B3BB104F502749D
:10F380002046F9F741FF2046F9F752FF28460221AF
:10F39000BDE83840F3F740B90020704708B5F5F7ED
:10F3A0008DFABDE80840F5F73BBC0022C2818274AB
:10F3B00090F84C3013B10221F6F7F0BA0321FBE7C5
:10F3C00038B504460846E37B03F0FD0394F8682251
:10F3D00012B10C25284638BD152BFAD194F8843289
:10F3E00003F0FF05002BF4D191B194F8D63123B985
:10F3F00040F66C313120F2F7CDFD052304F1800297
:10F4000004F5E371FBF7EAFE012384F86832E1E7D3
:10F410000223FAE7F5F7C6BA08B5F8F7F3FAF8F7F2
:10F42000DFF8F8F737F8BDE80840F8F7F9BE10B58F
:10F43000C824F8F78FF8022808D1013C14F0FF0423
:10F44000F7D10620F5F790F9204610BD431E58422B
:10F450005841FAE74FF08053D3F8A00000F00100C4
:10F4600070474FF08053D3F8A420D3F8A830511C34
:10F470009BB203D14FF6FF718B4203D002608380B1
:10F4800001207047002070474FF0805330B5D3F80B
:10F490009050D3F89440D3F89810D3F89C2005EA04
:10F4A00004030B40134001331FBF056044608160BB
:10F4B000C2600CBF0020012030BD4FF0805330B53A
:10F4C000D3F88050D3F88440D3F88810D3F88C2038
:10F4D00005EA04030B40134001331FBF056044607D
:10F4E0008160C2600CBF0020012030BD10B5F8F76C
:10F4F000C3FA0446F9F71EFF201841F1000110BDC0
:10F5000038B504461546F8F7F9F82A46014620466C
:10F51000BDE83840F8F7D6BB10B504460846F8F702
:10F520001BFE4FF47A73B0FBF3F0201A10BD10B538
:10F5300004460846F8F710FE023C00F2E7334FF4A9
:10F540007A72B3FBF2F3E01A10BD08B5FBF7F8FED0
:10F55000BDE80840F9F724B9801A00F3070038B570
:10F5600040B20D4659B21446F9F70AF90023287043
:10F570006B70204440B238BD002303607047704771
:10F58000002070474FF0FF3070474FF0FF3070475A
:10F5900070474FF0FF3070470020704700207047E1
:10F5A0000023037070479DF800300022FFF7D4BF9E
:10F5B0004FF0FF307047002070474FF0FF3070472A
:10F5C0004FF0FF3070477047C0B208B520B94FF018
:10F5D000804301221A6008BD4D21B520FBF7B6FC1F
:10F5E0000020F9F735B94FF08043D3F8080400F054
:10F5F000010070474FF08043D3F8140400F001007D
:10F6000070474FF08043D3F81C0400F003007047AC
:10F610004FF08042D2F81834D2F81824C3F30043D4
:10F6200002F00302824214BF002003F00100704781
:10F630000020F9F783B90020F9F7AEB90020F9F7F7
:10F6400007B970B5FBF70EFC002405462646E0B26C
:10F65000854200D870BDFBF70BFC0134068580F8AD
:10F660002A60F4E7F8B5037904461BB11B219D20FD
:10F67000FBF76CFC4679017126B9012343712179AE
:10F6800009B96171F8BD276826712046B84702287C
:10F690000546F4D103212046B84708B12F21E6E7FB
:10F6A00023682946204698470028E8D03021DEE725
:10F6B0000346006800B970478842F9D102681A60B1
:10F6C00070470346002018707047EFF3108272B63F
:10F6D00003780121DBB2017002B962B6012B0CBFC5
:10F6E0006FF0220000207047EFF3108372B6002203
:10F6F000027003B962B600207047FBF7FBBDFBF751
:10F7000043BEFBF741BE00280CBF6FF01500002080
:10F7100070470020704707230370002070470020C7
:10F7200070470020704710F8012B11F8013B012AA7
:10F7300028BF9A42F7D0D01A7047034613F8012B1E
:10F74000002AFBD1181A0138704710B50021044671
:10F75000FCF756FE20B92046BDE81040FCF7E0BE9D
:10F7600004F10040FCF7DCFE404261EB410110BDBA
:10F770002DE9F0478C468E46089E154604461946EC
:10F78000002B40F0D080724547D9B2FA82F74FB1D2
:10F79000C7F120030EFA07FC20FA03F3BD4043EA49
:10F7A0000C0CBC404FEA154EA8B2BCFBFEF8230C73
:10F7B0000EFB18CC08FB00F943EA0C43994528D905
:10F7C000EB1808F1FF3204D2994502D9A8F10202E0
:10F7D0002B44A3EB0903A4B2B3FBFEFC0EFB1C33CA
:10F7E0000CFB00F044EA0344A04214D92C190CF19C
:10F7F000FF3304D2A04202D9ACF102032C44241AF4
:10F8000043EA02401EB1FC40002334607360BDE84F
:10F81000F0874246DDE76346F1E7002A79D0B2FA85
:10F8200082F3002B3FD01946C1F1200302FA01F503
:10F830002EFA03F20EFA01FE20FA03F343EA0E0356
:10F840004FEA154E00FA01F4B2FBFEFCAFB20EFB1C
:10F850001C201A0C0CFB07F842EA004290455AD9CA
:10F86000AA180CF1FF3004D2904502D9ACF1020085
:10F870002A44A2EB08029BB2B2FBFEFC0EFB1C2248
:10F880000CFB07F743EA02439F4246D9EB180CF101
:10F89000FF3204D29F4202D9ACF102022B44DB1B9F
:10F8A00042EA004202E0AEEB020301224FEA154EAB
:10F8B000AFB2B3FBFEFC200C0EFB1C330CFB07F8B5
:10F8C00040EA034398452AD9EB180CF1FF3004D2E3
:10F8D000984502D9ACF102002B44A3EB0803A4B273
:10F8E000B3FBFEFC0EFB1C330CFB07F744EA03449E
:10F8F000A74216D92C190CF1FF3304D2A74202D922
:10F90000ACF102032C44E41B43EA00400F461146CD
:10F9100078E71F2188E76046ABE76246BFE76046AD
:10F92000DBE76346EFE7734506D916B900210846C1
:10F930006DE7C6E9000EF9E7B3FA83F787B97345B7
:10F9400001D3824207D8841A6EEB030301209C4640
:10F950001EB900215BE73846FAE7C6E9004CF8E734
:10F96000C7F1200CBB4022FA0CF51D4320FA0CF124
:10F970002EFA0CF30EFA07FE41EA0E014FEA154982
:10F9800000FA07F4B3FBF9F81FFA85FE09FB1830FB
:10F990000B0C08FB0EFA43EA00439A4502FA07F201
:10F9A00040D9EB1808F1FF3004D29A4502D9A8F1EA
:10F9B00002002B44A3EB0A0389B2B3FBF9F809FB5D
:10F9C000183308FB0EFE41EA03418E452CD9691815
:10F9D00008F1FF3304D28E4502D9A8F1020329446D
:10F9E00043EA0040A0FB0298A1EB0E014145CE4640
:10F9F000434602D306D14C4504D2B9EB020E68EB64
:10FA000005030138002EA4D0B4EB0E0261EB030114
:10FA100001FA0CFC22FA07F34CEA0303F940C6E9A9
:10FA2000003196E74046C5E74346D9E700000000AD
:10FA3000F7B50022114640F6034004F089FE044663
:10FA4000002853D104F0ACFD214601AA41F2030085
:10FA500004F07EFE0446002848D1019A254DD16865
:10FA6000D1F80100D1F8051005F1780303C3104661
:10FA700002F0CEFC214601AA41F2010004F068FE2A
:10FA8000044698BB0198C3685A7885F870205A8854
:10FA9000A5F872201A7985F87120B3F80720A5F827
:10FAA0007420B3F80530A5F8763002F0B1FC214699
:10FAB00001AA41F2020004F04BFE0446B0B9019FD6
:10FAC000FA6805F18006531C4132186859683446BB
:10FAD00003C4083393422646F7D1384602F098FC17
:10FAE00095F87C305F0607D46FF01204204603B00F
:10FAF000F0BD00BF8001002001AA002142F20300F6
:10FB000004F026FE04460028F0D1019BBA4EDA68C4
:10FB1000D2F80100D2F8051003C6184602F078FCAE
:10FB2000214601AA42F2020004F012FE0446002817
:10FB3000DCD1019CE368B3F8012091B249B1D978D6
:10FB400039B1A5F8FC20DA78114606F120001EF044
:10FB500004FD204602F05CFC95F87C601F2316F043
:10FB60002006A5F8103119D14FF0FF304FF0FF31CA
:10FB700004F03EFD0446002800F0378102210C30DD
:10FB800002F068FD0123037046702146324640F6BC
:10FB90006D4004F0DDFD04460028A7D195F89C30A7
:10FBA0001E0712D501AA002142F21C0004F0D0FD6C
:10FBB000044600289AD10198C368D3F80120D3F8ED
:10FBC0000530C5E9382302F023FC95F8D8309C06AF
:10FBD00025D50DF1020168461AF054FF04460028AD
:10FBE00084D14FF0FF304FF0FF3104F001FD0646A5
:10FBF000002800F0FA8004210C3002F02BFDBDF843
:10FC000000300380BDF8023043802246314642F284
:10FC1000240004F09DFD044600287FF467AF95F8AA
:10FC2000D830580610D501AA002142F22A0004F06B
:10FC30008FFD044600287FF459AF0198C3685B78B4
:10FC400085F8123102F0E4FB4FF0FF304FF0FF3146
:10FC500004F0CEFC0646002800F0C78008210C30D6
:10FC600002F0F8FC95F8D84014F0400F40F202235F
:10FC700008BF0323A10795F8D9104CBF43F02C030C
:10FC800043F00C03A70648BF43F0400311F0090FEF
:10FC900018BF43F4006304F001040246002143EA64
:10FCA00004101AF0C8FD0022314642F2010004F0AF
:10FCB0004FFD044600287FF419AF95F87C30B5F865
:10FCC000FC10980679D4C9B901AA41F2050004F0E4
:10FCD0003FFD044600287FF409AFB5F8FC30019CD5
:10FCE0004BB9E368B3F80120A5F8FC209A88434893
:10FCF00011461EF032FC204602F08AFB4FF0FF3026
:10FD00004FF0FF3104F074FC044600286DD0082148
:10FD10000C3002F09FFC95F8D830D907024651D438
:10FD200037484FF000511AF086FD2146002240F678
:10FD3000014004F00DFD044600287FF4D7AE0146D3
:10FD400001AA4FF6014004F003FD044620BB0198D0
:10FD500002F05EFB214601AA4FF6024004F0F8FCD7
:10FD60000446C8B90198C368B3F80130A5F8C1309A
:10FD700002F04EFB95F8C1305A070DD501AA214675
:10FD80004FF6034004F0E4FC30B90198C3685B7897
:10FD900085F8C03002F03CFBEB79BBB905F0B8FA4E
:10FDA000044600287FF4A2AE06F07CFF044600283B
:10FDB0007FF49CAE04F056FC98E600299ED16FF0CB
:10FDC000040493E60AA1D1E90001ACE72E78002EE5
:10FDD000E4D195F8C1309B0628D54FF0FF304FF0A5
:10FDE000FF3104F005FC044660B96FF068047DE65D
:10FDF000908800020080002058020020800200202D
:10FE00001088000206210C3002F024FCD5F80130E5
:10FE10000360084B9B888380214632464FF606409C
:10FE200004F096FC04460028B8D05FE66FF0850425
:10FE30005CE600BF8101002070B514460646084606
:10FE4000FCF7ECF82146FCF73DF9FFF77EFC0E4D80
:10FE500080FB05450AA3D3E9002320462946FCF789
:10FE6000F7FA0A4A3060002320462946FCF7F0FAE8
:10FE7000064A0023FCF7ECFA726070BDAFF3008015
:10FE80000010A5D4E80000003AA3950040420F00FE
:10FE900070B5144606460846FCF7C0F82146FCF744
:10FEA00011F91349134DFCF7C1F9FFF74EFC80FB24
:10FEB00005450BA3D3E9002320462946FCF7C8FAE1
:10FEC00009A3D3E90023306029462046FCF7C0FA95
:10FED000094A0023FCF7BCFA726070BDAFF30080E2
:10FEE00000209BF35E10000080A8120100000000BB
:10FEF00000002041D8EF2F0040420F00000000001A
:10FF0000032970B504460D4604D007294DD06FF083
:10FF1000850025E0B2B3072AF9D158681A68564B14
:10FF2000C117C2FB0301012871F100033ADB534BF7
:10FF3000C01841F100014CA3D3E90023FCF788FA73
:10FF4000022826690DD010280DD004280DD00828CD
:10FF500028D1294620461DF0BDFD40B16FF00400B8
:10FF600070BD0025F5E70125F3E70225F1E7444BD5
:10FF700033F815103D2081FB0001FCF765F8F060B7
:10FF80000020EDE719883F4B33F8020B814206D180
:10FF9000D1B220460CF0FCFE0028F1D0DEE70132A1
:10FFA0000C2AF1D16FF01500DAE7002A4BD0072AAE
:10FFB000ADD15A681D683048D11713460A46C5FBB3
:10FFC0000032B425A3FB0501012B05FB021172F1E0
:10FFD000000228DB2C4BC01825A3D3E9002341F1F4
:10FFE0000001FCF735FAFA28266924D0B0F5FA7F2B
:10FFF00023D0B0F57A7F22D0B0F5FA6F21D07D28DA
:020000021000EC
:10000000D0D10425294620461DF074FD0028A5D135
:100010001E4B33F8151041F2171081FB0001FCF75D
:1000200013F8F061ACE71A4BC01861F1000110A39E
:10003000D3E90023D5E70025E4E70125E2E702251F
:10004000E0E70325DEE719880E4B33F8020B814207
:1000500004D1D1B220460CF083FE9DE701320C2A78
:10006000F3D19FE7AFF300803AA3950000000000B2
:10007000D8EF2F000000000040420F009DD14A0041
:100080005007030058070300ECF71700460703006A
:100090001408E8FF0C4B0D4870B500241C700C4B85
:1000A0000C4D1C700C4B1C6018F09DFF286810B1A3
:1000B00005F08AFF2C60BDE8704008484FF480428C
:1000C000002312F08DBA00BFCD3E00207007030060
:1000D000CC3E0020202C0020242C0020800000207A
:1000E00030B50D4D0FCD89B003AC0FC42B68236024
:1000F00001230A4900930222094B03A805F056F98F
:10010000014620B1074818F06EFF09B030BD06481F
:1001100018F069FFF9E700BFD0FB0200B8FE02004B
:10012000B0FE02008D070300AD07030038B504469A
:1001300021B1BDE838400C4818F055BF0B4D286878
:1001400008B105F041FF204605F00EFF084B28607E
:1001500001221A70074A084800231370074A1360E7
:10016000BDE8384018F03FBFC4070300202C002032
:10017000CD3E0020CC3E0020E5070300242C0020CB
:100180002DE9F04F9F4DDFF880920FCDE7B015AF0E
:100190003C460FC42B689D48236018F024FF9C4CFC
:1001A0000025012654F8060C1EF043F938B9994889
:1001B000294618F018FF002067B0BDE8F08F54F80A
:1001C000063C4B4502D094482946F2E714F8013C1E
:1001D00063B1D9F8083021461B6848469847021E8B
:1001E00007DA8E48294618F0FEFEE4E76FF0850234
:1001F000F7E714F8023C7A6806FA03F30135134373
:10020000062D7B6004F11404CCD1854818F0EBFE78
:1002100000246823CDE92634824E30461EF009F9C9
:1002200018B9814818F0DFFEC5E7B568D5F8008039
:10023000B8F1000F08D0032126AB22463046C04754
:10024000011E04DA7948B4E76FF05701FAE72D6828
:1002500045B1072126AB22463046A847011E04DAE5
:100260007348A6E76FF05701FAE76821714818F064
:10027000BAFE002004F000FC011E01DA6E4898E787
:100280006E4818F0B0FE002000F048FF011E01DAB1
:100290006B488EE76B4D0FCD26AC0FC42B682360E7
:1002A0000123694900930222684B26A805F07EF8D5
:1002B000011E01DA66487CE76649674818F093FE3C
:1002C0004FF48030002118F0E6FC1EF034FA4FF4B1
:1002D0007A72A0FB020302FB0133C00B40EA4343E6
:1002E000DFF8788113931EF026FA04468A46D9F87F
:1002F000083045485B6839469847011E03DA58487C
:1003000018F071FE77E0D6F808B04648DBF80C30FC
:100310004C219847011E01DA5248F1E71AAD03213A
:10032000DBF810303F482A469847011E01DA4E4854
:10033000E6E7072120AADBF810303A489847011E6B
:1003400020AA01DA4948DBE74FF47A73A4FB0341A2
:1003500003FB0A11E30B5469106943EA4143444922
:100360004FEAE47CC0FB014CCDE9104CD4689068A6
:100370004FEAE47CC0FB014CCDE90E4C506812689A
:10038000C417C2FB0104CDE90C0468692A69C417CB
:10039000C2FB0104CDE90A04E868AA68C417C2FBDD
:1003A0000104CDE908046A682C68D017C4FB012059
:1003B000CDE906202F4AB2F90A100591B2F90810CA
:1003C0000491B2F906100391B2F904100291B2F946
:1003D00002100191B2F900200092139A4FF480713B
:1003E0009B1A26A8244A18F0D9F9FF28044647D9B1
:1003F000224818F0F8FD4FF4A470002118F04BFCCF
:1004000071E700BFE4FB0200A4F70200F407030059
:100410003EFE02001A080300420803006E080300B3
:100420009C080300F8F70200BA080300D308030091
:10043000FB0803001F090300390903005E090300DC
:1004400075090300D0FB0200B8FE0200B0FE0200F6
:10045000A4090300C5090300D4090300A803002070
:10046000E70903000B0A0300370A0300650A0300CB
:1004700040420F009C3E00208F0A0300C30A030085
:10048000D8F80030B3F5FA7F06D31F491F4818F09B
:10049000AAFD0023C8F800301C4826A918F0A3FDC7
:1004A000D8F800300133C8F80030194B1B78002B06
:1004B000A1D0184D286800289DD0DFF85CA09AF8DC
:1004C000003023B1154B1B68B3F5FA7F0DD30E49ED
:1004D0002E2200F02FFE011E01DA114810E7012341
:1004E0008AF800300D4B00221A6026A92868A2B2B3
:1004F00000F020FE011E01DA0A4801E7074A1368EE
:100500000133136077E700BF94430300F80A030048
:10051000CD3E0020202C0020CC3E0020242C0020AA
:10052000FB0A0300130B03002DE9F04714464A426F
:1005300002EA010931EA020203461AD04A46042AB5
:100540004F4628BF0422A1EB090909F1FF3A1AEA34
:10055000090F18D03549364A364840F2E91318F0E9
:1005600058FD354818F055FD314840F2E91118F0B2
:1005700047FD042904D82146BDE8F04718F001BD25
:1005800000270422E1E71CB900252846BDE8F087D2
:100590001E68A9EB020204F0070302F007010B3307
:1005A0000B44E10801EBD20101EBD301B36899429E
:1005B00028BF1946304618F008FC80460028E3D0D2
:1005C0003D1D05EBC00535445544B5FBF9F509FB68
:1005D00005F5ED1B2C442B1F07349B1B24F007044F
:1005E000A41BB0EBD30F4FEAD3074FEAE40408D2C1
:1005F00001463A46304618F03DFC4146304618F078
:100600008EFB3946304618F04DFBA04207D93046E4
:10061000224618F02FFC2146304618F080FB06EBEE
:10062000C706738843F001037380AEE74B0B0300EA
:10063000280B0300660B0300830B0300B2F5802F29
:100640002DE9F8430ED33E493E4A3F484FF43773F5
:1006500018F0DFFC3D4818F0DCFC4FF437713948E6
:1006600018F0CEFC042A0CD83949364A364840F2F4
:10067000E32318F0CEFC374818F0CBFC40F2E3211E
:10068000EDE7043ACD1D114425F0070521F00706DA
:10069000A6EB0508B8F1170F4FEAD8070CD82E497A
:1006A000284A29484FF43B7318F0B3FC294818F046
:1006B000B0FC4FF43B71D2E7B7FA87F4C4F12002E3
:1006C000C4F12404A4000734E408631C4FF00009BB
:1006D000BB420560AF60C5F80C900CD91F49194AA0
:1006E000194840F2023318F094FC1A4818F091FCB3
:1006F00040F20231B3E74946920005F110001EF0C6
:10070000AAFEA2B2530043F001036B803B1B9BB2D5
:1007100005EBC4015800A5F80090488025F8342066
:10072000A6F8029025F8083005EBC70321465A8841
:1007300042F001025A802846BDE8F84318F0EFBAAB
:10074000A00B0300280B0300660B0300B60B03008D
:10075000CD0B0300EE0B0300070C0300300C03006D
:10076000014B1B68184700BFAC030020014B186009
:10077000704700BFAC03002030B5044685B00D467D
:100780001022002168461EF066FE02238DF802301A
:100790002A46044B01932146684618F029F805B013
:1007A00030BD00BF6107010080B505460E46174603
:1007B000984613F0B7F9034601F046FADFF83C908B
:1007C000044649F80030424639463046A8470C4BAB
:1007D0001B7873B90B490C4A0C4840F2463318F0A9
:1007E00018FC0B4818F015FC074840F2463118F089
:1007F00007FC54F8090001F0C7F900BF0800000029
:1008000013420020860C03005B0C0300660B030000
:10081000990C03002DE9F84F05460846AB8B1907E4
:10082000904616D501280CBF43F0100343F0200377
:10083000AB831435284613F071FC002840F0B181D9
:10084000AE49AF4AAF484FF4997318F0E2FB29461E
:100850009DE0022803F0070140F07D81284618F052
:1008600000FC052800F2FA8001A353F820F000BF35
:1008700033080100570B01005D0A01000109010066
:100880009B090100FB09010002F00702531F012B25
:100890001AD80023062A2E68A4B2C5E9003309D16C
:1008A000334603E0EA8B0132EA831B68002BF9D15F
:1008B00044F00204AC83284618F0D3FB002800F073
:1008C0005A8144F0200455E1042A0DD1A4B2AC832E
:1008D000284618F0C6FB0646002800F04C8144F07C
:1008E0002004AC83002646E18749884A854840F2C7
:1008F0001B1318F08EFB40F21B11844818F080FB8C
:1009000049B18349814A7F484FF4AB7318F081FBAA
:100910004FF4AB71F1E72B684BB97E497B4A7948BC
:1009200040F2571318F075FB40F25711E5E72B69B9
:100930001F684FB97849754A72484FF4AD7318F083
:1009400068FB4FF4AD71D8E7AC8B24F0070444F09A
:100950000604A4B2AC830E468A464FF00609AB6883
:10096000002B00F00F814FF0010B44F00804AC8322
:1009700005F11404204613F0D1FB002878D15F491B
:100980005F4A60484FF4997318F043FB214663486F
:1009900018F03FFB4FF499718EE0022909D06049AD
:1009A0005A4A584840F25D1318F033FB40F25D118B
:1009B000A3E7EE8B4EB15B49544A52484FF4AF73F4
:1009C00018F027FB4FF4AF7197E72B695F684FB9B9
:1009D00051494E4A4B4840F2611318F01AFB40F25D
:1009E00061118AE7AC8B24F0070444F00404A4B23C
:1009F000AC83B2464FF00409B1E7012909D04A4956
:100A0000424A40484FF4B27318F003FB4FF4B271FE
:100A100073E72B684BB93F493C4A3A4840F26513AB
:100A200018F0F7FA40F2651167E72B699F684FB934
:100A30003949364A33484FF4B47318F0EAFA4FF4A0
:100A4000B4715AE7AC8B24F0070444F00504A4B257
:100A50000026AC83B2464FF0050980E72A492B4AAD
:100A6000284840F26B1318F0D4FA40F26B1144E7B7
:100A700088F31188BFF36F8FBBF1000F1ED1002EDA
:100A800033D117B129492846B847EFF311884023DD
:100A900083F31288BFF36F8F204613F031FB0028D9
:100AA0004AD1174A22491748842318F0B2FA21463E
:100AB000204818F0AEFA842111481FE7A9680029E0
:100AC000DDD0D1F800800029D9D0D1F804B0534648
:100AD0004A462846D847B8F1000F04D0D8F800306D
:100AE00041469846EFE74346FAE7314653464A46C1
:100AF0002846366818F0E1FAC1E700BF8E0D030002
:100B0000610D0300660B03003D370300BB0C0300BF
:100B1000E00C0300EC0C03000F0D0300A50D030017
:100B2000260D03003C0D03004B0D0300B10B01002B
:100B3000BA0D0300CF0D0300204613F005FBAC8B6C
:100B400024F00804A4B2AC83E20621D524F01003FB
:100B5000AB8304F00701D5F818A0AA8BBAF1000FF7
:100B600022F00704BFF690AE00232E68C5E90033DB
:100B700044F00104AC8304F0070989454FF00007F5
:100B80007FF4EDAE0EB9002FDED04FF0000BECE697
:100B9000A3067FF54EAE24F02003AB8304F00701DB
:100BA0005CE688F31188BFF36F8FBDE8F88F00BF54
:100BB000F8B504460D4600F11406EFF31187402303
:100BC00083F31288BFF36F8F304613F099FA68B938
:100BD0000C4A0D490D48842318F01BFA0C48314685
:100BE00018F017FA0748842118F00AFA304613F073
:100BF000ABFAA5613A4620460121BDE8F840FFF76F
:100C000009BE00BF610D0300BA0D0300660B0300AF
:100C1000CF0D03002DE9F04704460E4618F03DFACB
:100C2000051E66DB04F11409EFF3118A402383F3F8
:100C30001288BFF36F8F484613F062FA804660B99E
:100C4000374A38493848842318F0E3F94946374889
:100C500018F0DFF98421324843E0484613F074FA73
:100C6000E38BA78B4FF6FF72934207F0070743D041
:100C7000062F2CD8DFE807F01F43092B1F041F00A5
:100C80006FF085054FF0000802E00133E383022591
:100C9000484613F043FA002834D1214A2449224817
:100CA0004FF4997318F0B5F94946224818F0B1F994
:100CB0004FF49971CFE700233360636823B9C4E927
:100CC000006687B13D46DDE71E606660F9E71A49B8
:100CD00015481A4A4FF4E47318F09BF917484FF47B
:100CE000E47118F08DF9524602212046FFF792FD7B
:100CF0003D462846BDE8F0876FF00A05C2E76FF071
:100D00000405BFE78AF31188BFF36F8FB8F1000FB6
:100D1000EFD000233A463146204618F0CEF9E8E7F6
:100D2000610D0300BA0D0300660B0300CF0D030035
:100D30008E0D0300A50D03004B0D0300BB0C03003B
:100D4000F8B5054600F11406EFF31187402383F34D
:100D50001288BFF36F8F304613F0D2F960B9264A7C
:100D600026492748842318F054F93146254818F0BD
:100D700050F9842120482BE0304613F0E5F9AC8B84
:100D800004F00704022C17D0012C0CBF6FF00404F0
:100D90006FF08504304613F0C1F938BB164A1A4982
:100DA00017484FF4997318F034F93146174818F082
:100DB00030F94FF49971DDE7EB8B5BB914491048BA
:100DC000144A40F2EF1318F024F9124840F2EF11E0
:100DD00018F016F9013B9BB2EB83002BDAD13A46AF
:100DE00021462846FFF716FD2046F8BD87F31188F7
:100DF000BFF36F8FF8E700BF610D0300BA0D03006A
:100E0000660B0300CF0D03008E0D0300A50D03003C
:100E1000E50D0300BB0C03002DE9F0410F4605462C
:100E2000002850D000294ED000F11406EFF31188AD
:100E3000402383F31288BFF36F8F304613F060F9BD
:100E400060B9224A22492348842318F0E2F8314647
:100E5000214818F0DEF884211C4817E0304613F0D2
:100E600073F939462846AC8B18F0E0F880B104F0ED
:100E70000704231F022B0DD918491648184A40F2BF
:100E80002D2318F0C6F8164840F22D2118F0B8F8B6
:100E90006FF07704304613F041F968B90B4A1149F5
:100EA0000C484FF4997318F0B4F831460E4818F016
:100EB000B0F84FF49971CFE788F31188BFF36F8FC3
:100EC0002046BDE8F0816FF01504F9E7610D0300DD
:100ED000BA0D0300660B0300CF0D0300F30D0300F2
:100EE000BB0C03008E0D0300A50D030008B542687E
:100EF000816002F00302032A03460AD06AB9084956
:100F00000848094A452318F084F80748452118F095
:100F100077F8006800225A6008BD0020FAE700BF99
:100F20003D370300660B03006A0E03002DE9F34111
:100F300006460F4615464FF000082A4601A93046DE
:100F400018F00DF9044640B10246394601981EF0EA
:100F50005BFA2D1BA0442744EFD14246311D304699
:100F600018F01BF948B107490748084A482318F008
:100F700050F80648482118F043F8404602B0BDE852
:100F8000F08100BF97260300660B0300900E03005C
:100F90002DE9F34107460E4615464FF000082A4654
:100FA00001A9384618F0EAF8044648B12EB10246C5
:100FB000019930461EF028FA26442D1BA044EED19C
:100FC000424607F10A01384618F0E7F848B10749E8
:100FD0000748084A632318F01CF80648632118F0F4
:100FE0000FF8404602B0BDE8F08100BF972603002D
:100FF000660B0300900E0300014B03600020704756
:10100000C8FE020007B51B491B4818F0A7FA70BBC1
:101010001A49194818F0A2FA48BB1949164818F09D
:101020009DFA20BB1749144818F098FAF8B9014600
:10103000154A114818F079FDC8B9024613490E48FF
:10104000012318F043FE90B90123009301460223C7
:101050000948EF2218F08BF948B9074818F0B1F9A0
:1010600028B9054803B05DF804EB18F0DAB903B00D
:101070005DF804FB240400209C0C00200C040020DC
:10108000F4030020DC030020B0030020BB0E0300AB
:1010900010B5DFF824C086B04FF42814CDE904C49D
:1010A0000824029404AC0194BDF8204000941BF085
:1010B000BBF806B010BD00BF1800280008B50548F1
:1010C00017F091FF044817F08EFF044817F08BFFCC
:1010D000002008BDD40E0300080F03003B0F0300DF
:1010E000034B9B681BB1481E18BF0120184770476F
:1010F000282C002010B51C46034B1B6811460BB171
:1011000022469847204610BD282C0020024B5B68E1
:1011100003B11847704700BF282C002030B1044BA2
:1011200002681A6042685A6082689A6000207047BC
:10113000282C002070B586B00E46154600210446C6
:10114000182268461EF087F90B490C4BADF80C507D
:10115000CDE9011604932CB96946204607F0B2FD8B
:1011600006B070BD0122204607F014FB0028F3D121
:101170006FF01500F4E700BF7CFF02000D110100C5
:10118000014815F0E3BC00BFCCFF020038B50446AF
:1011900018B90F4B0F485B6898476168B1F5683F15
:1011A00010D0B1F5680F0DD00B4DA9420AD011F443
:1011B0006861206807D0014608480FF0CDFD002384
:1011C0002360656038BD14221EF045F9F9E700BFC1
:1011D0003C080020680F03002C5F5CA9343100201C
:1011E00008B520B34368B3F5683F10D10122036806
:1011F000BFF35B8F53E8001F002903D143E80020B1
:101200000028F7D1BFF35B8F0DD1002008BD094A3C
:1012100093420AD000684FF0FF324FF0FF3310F0D6
:101220006DF80028F1D00448F0E70448EEE76FF4C9
:10123000E040EBE72C5F5CA9E98FFFFFEA8FFFFF3F
:1012400008B5D8B14368B3F5683F10D100220368F0
:10125000BFF35B8F53E8001F012903D143E800204F
:101260000028F7D1BFF35B8F0BD1002008BD074AE0
:10127000934208D0006810F009F9F6E76FF4E040F7
:10128000F4E70348F2E70348F0E700BF2C5F5CA9EE
:10129000E98FFFFFEA8FFFFF10B5044618B91D4B19
:1012A0001D485B6898476368B3F5683F2FD0B3F576
:1012B000680F2CD0194A934219D1236803BB1848F0
:1012C0004FF0FF324FF0FF3321460FF0B9FC08B961
:1012D00023681BB90F4B13485B689847206814229A
:1012E00000211EF0B8F84FF46863636008E0B3F5BE
:1012F000680F0DD83A2B03D040F6BA629342DED184
:1013000020681DF0F5F8636843F03A03636010BD90
:10131000054AF3E73C080020680F03002C5F5CA936
:10132000343100208E0F03003A00003A08B5064918
:101330000648402314221DF0BEF8BDE808400449C9
:10134000044815F093BE00BF342C00203431002037
:10135000D4FF0200E8FF020008B50348034A002159
:10136000121A17F069FF08BD380D0020184200203E
:101370000748084A084908B5121A17F05FFF0748DE
:10138000074A0849BDE80840121A17F057BF00BFC6
:1013900000000020340D0020AC45030000000020B8
:1013A00000000020AC45030038B505460C4699B155
:1013B000D1E901230F48096817F015FED4E9042389
:1013C000E1680D4817F00FFEE1690C4817F00BFEBD
:1013D000A1690B4817F007FE012D05D1EFF3058138
:1013E0000848103917F0FFFD21462846BDE838406F
:1013F0000FF032B9BB0F0300EB0F03001B1003000B
:101400002B1003005A10030030BFFFF7FDBF00BFD1
:101410002DE9F0410B4EDFF8308006EB0807CC1BBE
:1014200005463246094920461DF0EEFFA019424606
:101430000021083C1EF00FF8C5F8AC4007F1080089
:10144000BDE8F0810000000008000000C4FB0200BD
:1014500010B51D4C1D4817F0C6FDA36A990130D583
:101460001B4817F0C0FD1E20A36ADA0103D51948F6
:1014700017F0B9FD1F20144CA36A1B0303D51648AF
:1014800017F0B1FD2120A36A590303D5134817F0C3
:10149000AAFD22200C4CA36A9A0303D5104817F02A
:1014A000A2FD2320A36ADB0303D50E4817F09BFDA2
:1014B0002420054A936A6FEA03436FEA1343936259
:1014C00010BD1D20D0E700BF00ED00E06E1003004E
:1014D000871003009B100300B6100300D510030013
:1014E000FB1003001611030070B5244C0646244877
:1014F0000D4617F078FDA36AD90435D5214817F0B9
:1015000072FD1720A36A1A0503D51F4817F06BFD5B
:1015100018201A4CA36A9B050FD51C4817F063FDD1
:10152000A16BA36A180407D5194817F05CFD1EB11A
:10153000A36A23F40043A3621920104CA36A59053F
:1015400003D5144817F04FFD1A20A36ADA050DD50C
:10155000114817F048FD1B20084A936A43F47F4363
:10156000936200232B7070BD1620CBE7A36A9B0407
:10157000F2D50A4817F037FD1C20EDE700ED00E03A
:1015800042110300591103006B1103007F11030086
:1015900099110300AF110300CB110300E411030004
:1015A00070B5304C064630480D4617F01CFDA36A56
:1015B000D90646D52D4817F016FD1120A36A1A0743
:1015C00003D52B4817F00FFD1220264CA36A9B076A
:1015D0000FD5284817F007FD616BA36A180607D5D9
:1015E000254817F000FD1EB1A36A23F08003A36213
:1015F00013201C4CA36ADA0703D5204817F0F3FC2C
:101600001420A36A9B0603D51D4817F0ECFC152097
:10161000144B9A6AD60602D49A6A940713D59B6A29
:10162000D90610D51749184A184840F22D1317F05B
:10163000F0FC174817F0EDFC134840F22D1117F09D
:10164000DFFC1020BAE7074B9A6A920642BF5A6A3B
:1016500022F400525A629A6A42F0FF029A62002310
:101660002B7070BD00ED00E0141203002B1203007C
:101670006B1103005F120300781203008F12030046
:10168000E4110300E1120300AF120300660B030034
:101690002B130300F0B5704B044658688BB0C0F3B1
:1016A0000803002585F31188BFF36F8F02F07F4692
:1016B000B6F17F4F06D102F00C06082E11D1674813
:1016C00017F091FC6649674A674840F21B4317F0E0
:1016D000A0FC664817F09DFC40F21B41614817F0E2
:1016E0008FFC16074CBF0C460125002CEAD00026C3
:1016F000DA1E8DF80760092A00F29F80DFE802F009
:10170000059397769D9D9D9D9D9B594817F06BFC79
:101710008DF80760504EF36A9A0704D5554817F0C4
:1017200062FC00232AE0F36A002B01DA5248F6E754
:10173000F36A5B006AD5514817F055FC7369A269DA
:1017400043F480737361BFF34F8FBFF36F8F32F831
:10175000023C726922F480727261BFF34F8FBFF353
:101760006F8F03F47F42B2F55F4F26D1DBB2022BBD
:1017700023D12168424817F036FC23689DF80720E2
:10178000CAB902AE04F1200720686168324603C27C
:101790000834BC421646F7D1099A002D59D0C2F33D
:1017A000080121B96FEA52226FEA4222099202A986
:1017B0001846FFF7F9FD0BB0F0BD274B9A6AD2B27D
:1017C00032B10DF107010120FFF7EAFE0346D5E72C
:1017D0009A6A12F47F4F05D00DF107010120FFF73F
:1017E00083FEF3E79B6AB3F5803F02D3FFF730FE39
:1017F000ECE724491B4A1C4840F2ED2317F009FC92
:10180000214817F006FC40F2ED2167E71D49154A13
:1018100015484FF43C7317F0FCFB1C4817F0F9FB1C
:101820004FF43C715AE70DF107010020CCE70DF1B0
:1018300007010020D3E7164871E7A3F11002154B0A
:10184000154910F4F87F08BF1946144817F0CBFB70
:1018500067E76FF30802A9E700ED00E0BD1303009E
:10186000E9130300AF120300660B0300FC1303002F
:101870003A14030052140300741403008314030089
:10188000A31403003D370300C0140300E414030055
:10189000141503008F130300A4130300391503006C
:1018A000044B5A6942F010025A615A6922F0080248
:1018B0005A61704700ED00E0EFF30880EFF3098113
:1018C00001B57246FFF7E6FE01BD00BF002080F3C0
:1018D0001488BFF36F8F114880F3088800201049E7
:1018E00008700CF0D7FE00200E490860BFF34F8F40
:1018F00000F02EF8402080F311880B484FF400616F
:10190000401880F30988EFF314800221084380F324
:101910001488BFF36F8F00F0D3F80000086E00202A
:101920001342002094ED00E0C85C00200749D1F884
:1019300090200023C2F307221846934200DB704731
:10194000C1F89830C1F8A0000133F6E700ED00E0DF
:1019500008B572B6002383F31388FFF7E7FF144B33
:101960004FF0FF32C3F88020C3F88420C3F88820EA
:10197000C3F88C20C3F89020C3F89420C3F89820B3
:10198000C3F89C20C3F88021C3F88421C3F88821C0
:10199000C3F88C21C3F89021C3F89421C3F898218F
:1019A000C3F89C2162B6BFF34F8FBFF36F8F08BDA2
:1019B00000E100E01EF0040F0CBFEFF30880EFF32E
:1019C0000980816911F8021C0229FFD001B5724615
:1019D00017F036FC01BD00BF40B2002807DB044A07
:1019E0004109012300F01F00834042F82130704775
:1019F00000E100E040B200280CDB4309064900F09A
:101A00001F0020330122824041F82320BFF34F8F73
:101A1000BFF36F8F704700BF00E100E0054B420944
:101A200000F01F0053F82220012303FA00F01040B9
:101A3000704700BF00E100E038B5D30704460D460B
:101A400012D48B1C072B10D9114A124912486B2350
:101A500017F0DFFA114829460623224617F0D9FA73
:101A60000B486B2117F0CCFA002360B20028ACBF02
:101A700000F160400A4A4FEA4313B8BF00F00F007C
:101A8000DBB2AABF00F56140135480F8003338BDC3
:101A90004D15030084150300660B03009F1503001A
:101AA00014ED00E0044B054A23F07F039360BFF37D
:101AB0004F8FBFF36F8F70470010000000ED00E004
:101AC00008B5FFF7EFFF074AD2F8883023F4700318
:101AD000C2F88830FFF740FCFFF74AFC00F096F8A8
:101AE0000EF0BCFE00ED00E042F8203C009B42F806
:101AF0001C3C0A49019B42F8183C029B42F8143CEA
:101B000021F001014FF0807342F8043C42F8081CB8
:101B10000023203A0265C0F8B0307047A9070100E1
:101B200000B50C4B98600C4B1546D0F8AC201A60F1
:101B30000E462C4686F309880020044B9847204621
:101B4000002100220023024C204700006592020081
:101B5000A9070100F837002054310020014B102262
:101B60001A61704700ED00E0054B5A699B689A4284
:101B70001FBF044A536843F080535360704700BF4F
:101B8000F837002000ED00E0084B9B6883420BD142
:101B9000EFF3058343B1064B5A6842F080525A6016
:101BA0005A6A22F400425A6211F0C2BFF83700208C
:101BB00000ED00E012498A684FF030001044EFF366
:101BC000098C80E8F01F402080F31288BFF36F8FEC
:101BD0000C4F4FF000664A698A603E60D2F8AC0054
:101BE000094C2060D2F8B0000023C2F8B03080F376
:101BF000118802F1300090E8F01F8CF309887047DB
:101C0000F837002004ED00E05431002004480023A0
:101C10004021C2180133302B82F80013F9D17047EC
:101C200000E100E008B5EFF30583064A103B02EB44
:101C3000C30152F8330049688847BDE80840FFF700
:101C400093BF00BF4CF802000148006870470000D5
:101C500054310020024B034A0348012100F066B8CA
:101C60000000042000000020F8FF0200084AC2F82B
:101C700098000B6823F01F03034343F01003C2F8DE
:101C80009C308B6843F00103C2F8A030704700BF5E
:101C900000ED00E02DE9F043DFF8608085B00E46EE
:101CA0001F4604464FF00009B14523DA6068D8B1F9
:101CB0003FB1411E08421BD11F2819D92368194280
:101CC00016D12368019317F0F0FAA3680343039336
:101CD000D8F89050C5F30725D0B2013DA84207D8E7
:101CE00001A9FFF7C3FF421C09F101090C34DBE72E
:101CF0006FF01502104605B0BDE8F08300ED00E07E
:101D0000044B0522C3F89420BFF34F8FBFF36F8FAE
:101D1000704700BF00ED00E0BFF35F8F024B002271
:101D2000C3F89420704700BF00ED00E038B50D4DBA
:101D300001232A780C46FFF7ADFF287016300FD12B
:101D4000094A0A490A4840F2891317F062F909481A
:101D5000214617F05EF9044840F2891117F050F956
:101D600038BD00BFCE3E0020DF1503003D37030025
:101D7000660B03000E1603002DE9F04F7F4E804DD9
:101D8000D6F890302C68C3F307239C4285B013D952
:101D90007C4A7D497D4840F2022317F03AF9D6F893
:101DA00090207B482146C2F3072217F032F940F217
:101DB0000221744817F024F9FFF7AEFF00200C262B
:101DC00084422DD1734EDFF8B49134706846FFF72A
:101DD00013F9714C714D80460027B84527D13378EF
:101DE00066490020D1F89020C2F307229342C0F246
:101DF000BA80FFF785FFD1F8903003F47F43B3F545
:101E0000006F00F0B68066495E4A604840F27D236C
:101E100017F0FFF8634817F0FCF840F27D21C8E79F
:101E2000696806FB0011FFF721FF0130C8E7009A3F
:101E300002EB07133901D3F80CA00AEA0400B0F54D
:101E4000000F69D00AD8B0F5001F3DD0B0F5800F63
:101E500055D0B0F5801F15D00137BEE7B0F1007F37
:101E600065D0B0F1805F6DD0B0F1807FF4D198681B
:101E7000D3F804A0525817F018FACDE901A240F0A7
:101E800088700BE09868D3F804A0525817F00DFA48
:101E9000CDE901A240F0885040F430200390D9F8F9
:101EA00090303078C3F30723013B984254D9364928
:101EB000344A364840F2352317F0ABF83A4817F069
:101EC000A8F840F2352174E79868D3F804B0525866
:101ED00017F0EBF940F0885040F400201AF0010FA1
:101EE000CDE901B20390DAD03049264A274884234D
:101EF00017F08FF82E4817F08CF8842159E798686E
:101F0000D3F804A0525817F0D0F940F0C060CDE9E2
:101F100001A240F40030C1E79868D3F804A05258F9
:101F200017F0C3F9CDE901A240F08270B6E79868D6
:101F3000D3F804A0525817F0B8F9CDE901A240F443
:101F40008020ABE79868D3F804A0525817F0ADF999
:101F5000CDE901A22843A1E701A9FFF787FE337865
:101F60000133337078E7C1F89830C1F8A00001332D
:101F700038E7002005B0BDE8F08F00BF00ED00E0BD
:101F800004000300DF1503003D370300660B030068
:101F90003A160300CE3E00200000F0FF00000211C0
:101FA000ED1603003D170300C31603006E16030071
:101FB0009416030008B5024816F0D0FBFEE700BFF8
:101FC0006D17030008B5024B1B689847002008BD39
:101FD00058310020034B044A1860937843F0020301
:101FE0009370704758310020C804002008B5064996
:101FF000064821F00701C1F1005202F58022FEF7E8
:102000001DFB002008BD00BFBB9800205C310020F4
:1020100070B54169867A0B4D044659B1437ADB07A6
:1020200006D42C2303FB06535B6A1B689B68984706
:10203000002363612C20214600FB0650BDE8704060
:102040001CF07DBA3C0B0020024B2C2202FB00301E
:10205000704700BF3C0B0020827A064B2C2101FB0D
:1020600002339A6A1B7F1B33801A23F00303B0FBF1
:10207000F3F070473C0B002038B5074B827A2C24D4
:1020800004FB02335B6AD3E901240C601568FFF797
:10209000E3FF04FB005038BD3C0B002008B543684B
:1020A0004BB107490748084A5A2316F0B2FF0648C1
:1020B0005A2116F0A5FF03824369C36008BD00BF23
:1020C00097170300660B0300721703002DE9FF4703
:1020D00005466846039117461C461CF02EFBDDE9B9
:1020E000008955B95C495D4A5D4840F2011316F01C
:1020F00090FF40F20111594818E005F11406EFF382
:10210000118A402383F31288BFF36F8F304611F09A
:10211000F7FF68B9534A54495148842316F079FFB0
:102120003146524816F075FF84214E4816F068FF7C
:10213000304612F009F86B8B002B5AD02A8B9A424A
:1021400039D90022002328460FF050FB044600280E
:1021500031D0304611F0E2FF68B9424A4449404864
:102160004FF4997316F055FF3146424816F051FF6F
:102170004FF49971D9E78AF31188BFF36F8F039DEC
:10218000002D59D042464B4668461CF0FBFAA27A15
:10219000394B2C2101FB023320465B6A1B6803A9E3
:1021A0001E68DDE90023B0476061002837D1204672
:1021B000FFF72EFF2EE06C8B631E6B83304611F011
:1021C000ADFF0028C9D08AF31188BFF36F8F2B7F32
:1021D0002A8B1B33121BAC6A23F0030302FB03445C
:1021E000254B264AEB1A9B105343A3722B7FE372B5
:1021F000C5E7304611F092FF0028AED08AF311886F
:10220000BFF36F8F23463A4628460FF0EFFA044695
:102210000028B4D10024204604B0BDE8F087039B19
:102220009D420BD916490D4A0D484FF4AB7316F079
:10223000F0FE4FF4AB715EE765612B460021012291
:1022400022816160E27A638204F118001DF003F9D3
:102250002046FFF723FFDEE7052503007217030082
:10226000660B0300610D0300BA0D0300CF0D0300E0
:102270008E0D0300A50D03003C0B0020A38B2EBA8E
:10228000B117030070B50C46054658B92849294ACC
:10229000294840F29D1316F0BCFE40F29D112548DE
:1022A00016F0AEFE49B92549224A23484FF4CF73B0
:1022B00016F0AFFE4FF4CF71F1E7EFF31186402334
:1022C00083F31288BFF36F8F1D4811F019FF60B9B7
:1022D0001C4A1D491848842316F09BFE18491B48C8
:1022E00016F097FE84211748DAE7154811F02CFF05
:1022F000002323606B689BB9C5E90044104811F0C6
:102300000DFF80B90F4A12490B484FF4997316F02C
:1023100080FE0B490F4816F07CFE4FF49971E2E7FE
:102320001C606C60EAE786F31188BFF36F8F70BDA5
:10233000C217030072170300660B0300531E03004D
:1023400068310020610D0300BA0D0300CF0D0300BA
:102350008E0D0300A50D030070B5044658B923493E
:102360002348244A4FF4D57316F053FE21484FF406
:10237000D57116F045FEEFF31186402383F31288E2
:10238000BFF36F8F1C4811F0BBFE60B91B4A1C499C
:102390001748842316F03DFE17491A4816F039FEF7
:1023A00084211648E5E7144811F0CEFE25682DB1CA
:1023B00062682B682360954208BF63600E4811F085
:1023C000ADFE68B90D4A104909484FF4997316F0EB
:1023D00020FE09490D4816F01CFE4FF49971E0E704
:1023E00086F31188BFF36F8F284670BDC2170300B4
:1023F000660B03007217030068310020610D0300B3
:10240000BA0D0300CF0D03008E0D0300A50D0300D0
:10241000F8B5054698B1194E2C272C466D68237ADD
:10242000CBB9174A1749184840F2C11316F0F1FD0D
:102430002146164816F0EDFD40F2C11108E014499E
:102440000F4A114840F2BB1316F0E3FD40F2BB11F6
:102450000B4816F0D5FD013BDBB2237253B9E360A4
:102460006360A37A07FB036320461B6A1BB198478E
:10247000002DD2D1F8BDFFF7CBFDF9E73C0B0020D2
:1024800072170300C7170300660B0300D017030081
:10249000531E030008B558B907490848084A4FF4C5
:1024A000F37316F0B6FD06484FF4F37116F0A8FD6D
:1024B000027A0132027208BD531E0300660B03004C
:1024C0007217030008B5034658B908490848094A75
:1024D00040F2312316F09DFD064840F2312116F0FE
:1024E0008FFD18465B68002BFBD108BD531E03000F
:1024F000660B03007217030070B50D46044658B909
:102500000F49104A10484FF40F7316F082FD4FF434
:102510000F710C4816F074FD49B90C49094A0A4874
:1025200040F23D2316F075FD40F23D21F1E746688B
:102530001EB10846FFF7C6FF4660656070BD00BF6C
:10254000851D030072170300660B030004180300C7
:1025500038B505460C4659B90C490D480D4A4FF49B
:10256000127316F056FD0B484FF4127116F048FD29
:1025700020B9BDE838400846FFF78CBFFFF7A2FF3F
:102580002146FFF7B9FF284638BD00BF04180300F5
:10259000660B030072170300034610B5084659B9CD
:1025A0001649174A174840F25D2316F032FD40F2F3
:1025B0005D21134816F024FDCBB15A684AB912497F
:1025C0000F4A10484FF4187316F023FD4FF418719A
:1025D000EFE78A4209D00D49094A0A4840F26123CF
:1025E00016F017FD40F26121E3E74A685A6044683B
:1025F00000234360FFF70CFF204610BD04180300C2
:1026000072170300660B0300E5170300F3170300BE
:1026100008B548B90B490C4A0C482B2316F0F9FCB5
:102620002B21094816F0ECFC83883BB10849064A87
:1026300006482C2316F0EDFC2C21F2E783680B44AE
:10264000036008BD531E030009180300660B030056
:102650003518030070B5034605688288DC889E68DB
:10266000A818A41AAD1B641BA14209D90649074842
:10267000074A3E2316F0CDFC05483E2116F0C0FC6B
:102680000A449A8070BD00BF44180300660B030023
:102690000918030008B583888B4209D20749084806
:1026A000084AB02316F0B5FC0648B02116F0A8FC85
:1026B0005B1A9BB283800068184408BD6818030049
:1026C000660B03000918030008B5034600689A6802
:1026D000821A91420BD9094909480A4A40F2551316
:1026E00016F097FC074840F2551116F089FC9A88BD
:1026F000401A11441860998008BD00BF7818030083
:10270000660B03000918030008B582888A42034655
:102710000BD2094909480A4A40F2C31316F079FC62
:10272000074840F2C31116F06BFC521A8280006811
:102730000844186008BD00BF68180300660B03005A
:102740000918030008B5034600689A888A420BD22C
:1027500008490948094A40F2CF1316F05AFC0748C5
:1027600040F2CF1116F04CFC521A01449A801960C5
:1027700008BD00BF68180300660B030009180300BA
:10278000044A0123C2F840354FF080420020C2F8CD
:102790007835704700E0014048B1054B054A1B6899
:1027A000B3FBF2F35843044B43F00103184770475F
:1027B0002008002040420F0030FE020008B5064904
:1027C000064A0748322316F024FC064816F021FC7E
:1027D0000248322116F014FC3D3703009C18030018
:1027E000660B0300D41803002DE9F04190F82C305B
:1027F00003F01F03012B04460F4600F12C062FD0D7
:10280000022B18D08BB394F82D10204616F04CFEF6
:10281000024678B3304616F031FF1D4D002834D102
:1028200013693BB33A463146204698470346FFF7C3
:102830000BFA2B5024E0018EC9B217F00DFA0546B1
:102840000028E0D0304616F019FF02466868836819
:10285000CAB99B6873B13A463146BDE8F0411847A2
:10286000018EC9B217F0E8F9E9E790F82D1017F0DA
:1028700016FAE4E7FFF7E8F9054B6FF085021A5006
:102880000020BDE8F081DB68E4E7D368C9E700BF5A
:102890000C0000002DE9F04F044693B016460D469B
:1028A00059B9A349A348A44A40F2073316F0B1FB33
:1028B000A14840F2073116F0A3FB0B7E33F08008ED
:1028C00040F0AC847AB10846FFF7A2FD6B7EDF07CB
:1028D00003D49E0711D52B7E7BB9204613B0BDE8EB
:1028E000F04F16F0F7BE4A7E00F12C09900708D58C
:1028F000802B0CD12846FFF78BFD404613B0BDE876
:10290000F08F910700F04E84002B40F04B84D207EB
:102910002FD52B8A082B40F01B84EA681368E362EA
:102920005368C9F8043029460020FFF735FE0546F4
:1029300010B1FFF76DFDF0E0484616F09FFE628E85
:1029400070B9B2B12946A0691AF09FFD014600286E
:1029500000F05484204613B0BDE8F04F00F0C8BE2C
:102960003AB11146204617F01EFB0546002800F03C
:102970004584FFF769F994F82C80704F002318F014
:10298000600FC351C8F3411307D0032B40F0C68139
:10299000FFF75AF96FF0850338E0484616F06EFEEF
:1029A00094F82D30002840F05681013B0A2BEFD8D7
:1029B00001A252F823F000BF412B01009129010030
:1029C000CD2B010091290100E52901009129010089
:1029D0009129010091290100552A01009129010046
:1029E000B72A0100E18D7F29D2D8238E002BCFD1C9
:1029F000638E002BCCD118F01F0FC9D194F834305E
:102A0000022B05D1FFF720F94FF0FF333B5076E062
:102A1000A069036993F880301B0707D5C9B216F087
:102A20008FFE804628B1002D6CD166E7012384F823
:102A30003D3094F83430012B0AD1E38D43B984F84A
:102A40003430FFF701F93B58002B00F08E8056E040
:102A50000123F4E7204616F085FCE28DFF2A0146AB
:102A600096D8638E002B93D194F82C30D8068FD152
:102A700094F83430002BC5D02AB1D2B2204617F0DA
:102A800001F80028BED0E18D94F83C308B42D8D0BC
:102A9000C9B2204616F0FDFF80460028C3D1E28D62
:102AA000002A14BF0223012384F834300521204674
:102AB00017F0CFFAC5E708F01F08B8F1010F7FF44F
:102AC00067AF638E002B7FF463AFE28DFF2A3FF682
:102AD0005FAF218EFF293FF65BAF94F83430022BB5
:102AE00090D1D2B2C9B2204617F0E0F910F1020F2E
:102AF000804640F01881FFF7A7F847F8008065B1DD
:102B00004FF000082846FFF783FCB8F1000F7FF470
:102B1000F4AEFFF799F83B583BB3484616F0AEFDCC
:102B20000346A069002B00F06C83802172E300BF94
:102B3000531E0300660B0300EA1803000C0000009C
:102B4000638E002B7FF424AF94F83430002B3FF4D5
:102B500059AF012B218E02D100297FF453AF18F019
:102B60001F080CD0B8F1020F16D0638E002B40F076
:102B7000E282204616F098FD0028CED1ADE600296D
:102B80007FF440AFE38D012BEFD194F8703061F307
:102B9000C30384F87030E8E7B4F82EA0BAF1000F50
:102BA000E3D15FFA81F84146204617F038FA034630
:102BB000FFF74AF83B50013302D14FF0FF3832E7BC
:102BC00052464146204616F05FFD3AE7638E002BE1
:102BD0007FF4DEAEE28D238E022A5FFA83FA11D1F2
:102BE00008F01F085AEA08087FF4D2AEA069012253
:102BF000190A16F082FD00287FF4CAAE012384F87A
:102C00003D301EE794F8341000293FF4FBAE012953
:102C100002D1002B7FF4F6AE18F01F0811D0B8F1E6
:102C2000020FA2D1002AA0D15146204617F0E2F9A6
:102C30000346FFF709F83B500133BED0012251464D
:102C4000C0E7002B7FF4DEAE012A8ED194F87030FD
:102C500043F008039DE70A2B3FF69AAE01A252F813
:102C600023F000BF912C010091290100912901005E
:102C70009129010091290100912901000B2D0100EA
:102C800091290100B330010091290100DD300100DC
:102C9000638E022B7FF47CAE94F83430002B3FF42B
:102CA000B1AE012B218E02D100297FF4ABAE18F01A
:102CB0001F0811D0B8F1020F1CD04FF0000805F129
:102CC0000C0A504616F0D2FC638E984218D2FEF7DA
:102CD000BBFF6FF00B0399E600297FF493AE94F8E5
:102CE00070304FEA930808F00208C3F3001348EA73
:102CF0000308E4E7C9B2204617F0A0F98046DEE7F2
:102D00004146504616F005FB9BE6B4F82EA018F09D
:102D10001F0F4FEA1A235FFA8AFA09D02946204684
:102D2000FFF762FD8046B8F1000F7FF47CAE88E6C5
:102D3000013B0E2B3FF62CAE01A252F823F000BF50
:102D40007D2D0100BD2D0100672E0100912901009C
:102D5000912901005F2E01005F2E010091290100E1
:102D60009129010091290100912901009129010077
:102D70009129010091290100C12F010005F10C08E2
:102D8000404616F073FC83462046B4F832A016F095
:102D9000E9FA20B101287FF4FBADA16F00E0616F7B
:102DA000002900F03F820A78DA4528BFDA4652450A
:102DB00028BF5246404616F099FA42E6204616F0E1
:102DC000D1FA0AF1010201900146D2B2204616F072
:102DD00033FE804600283FF4DBAD05F10C0AD0F845
:102DE00004B0504616F042FC9BF80020824228BFF7
:102DF00002465946504616F079FAD8F80CB0BBF1A5
:102E0000000F09D1298A638E99427FF61AAEC91A3A
:102E10005046FFF73FFC14E6DBF8040083681B6BA9
:102E200013B9DBF800B0EAE7019998470028F8D019
:102E3000A0F1040858F8041F0029F2D00A78002AEB
:102E4000EFD05046CDE9022116F010FC029A03990A
:102E5000904238BF82B2504616F048FAEAE7204660
:102E600016F080FA94E552460321204616F05CFBEA
:102E7000834600283FF48CAD16F0F3FBB4F83280A3
:102E80009BF81530C8B99BF814A08DF828A08DF8D0
:102E90002930DBF8103005F10C0B1B88ADF82A3017
:102EA000584616F0E3FBD045424628BF52468242C0
:102EB00028BF02460AA958467DE7DBF808208DF8AE
:102EC0001530B04B1340B04A4FF0000A93428DF8D2
:102ED00014A051D1102106A81AF0A5FC031EFFF67C
:102EE00057AD0AAA102BDFF8A4C206A8934628BF44
:102EF0001023534502F102022DD89B000233DAB2AF
:102F00008DF8142005F10C0A5046019216F0AEFB24
:102F1000019A424528BF4246904228BF10460228E7
:102F20000246804628BF022205A95046019216F0AB
:102F3000DDF9019AA8EB02084FEA580200239342F8
:102F400021D118F0010F3FF47CAD1BF8031050465F
:102F500016F0D8F975E510F8011B4FEA111E01F0C3
:102F60000F011CF80EE01CF8011002F802EC02F848
:102F7000011C0AF1010ABCE79BF814208DF814200B
:102F8000DBF810B0BEE71BF80310A1F120005E28AB
:102F90000DD97F497F4A804840F24D2316F039F819
:102FA0007E4816F036F87B4840F24D2183E45046C7
:102FB000CDE9013216F0ADF9019B029A0133BEE76B
:102FC000204616F0CFF938B101282CD0FEF73CFE90
:102FD0006FF085033B5034E5636F002B00F02281D6
:102FE0005B88B3F5007FF1D96D4B0A9300238DF810
:102FF0002C30236D04F1500B9B4508BF0023BDF816
:103000002A10A3B15A7D0F2A08D11A7D0A44ADF8BF
:103010002A209DF82C2001328DF82C20626D9342DD
:1030200003D01B68EBE7A36FD7E7BDF82A10019127
:1030300005F10C0A504616F019FBB4F832800199DC
:10304000884528BF8846804528BF80464246052AD5
:1030500028BF05220AA95046019216F047F9019AA5
:10306000B8EB02083FF4EDAC236D5B453FF4E9ACEF
:10307000002B3FF4E6AC5A7D0F2A14D11A7D196952
:103080000193424528BF4246504616F02FF9019B56
:103090001A7D424594BFA8EB0208A8EB0808B8F1D6
:1030A000000F3FF4CEAC626D93423FF4CAAC1B6894
:1030B000DEE794F83430002B3FF4A4AC638E012B90
:1030C0007FF466AC05F10C08404616F0CFFA0028F4
:1030D0003FF4FDAD94F83C10404639E708F01F0876
:1030E000B8F1010F7FF48EAC204616F0B9FC002831
:1030F0003FF488ACB4F830A0BAF1FF0F3FF648AC0B
:1031000043681B795345FFF443AC5FFA8AF30F2BF6
:103110003FF63EAC638E012B7FF43AAC05F10C0810
:10312000404616F0A3FA00283FF4D1AD04EB0A03A1
:1031300093F83E10D0E7484616F0A0FA18B9284692
:10314000FFF766F915E52946204600F0D1FA10B1DF
:103150002846FFF7EEBBA069036993F8801011F0D1
:1031600004017FF4BAAB1AF0A4F9054600283FF435
:10317000D4AC0146204600F0BBFA00283FF4ADABCA
:10318000E6E700BF00FF0200000302004F44030017
:10319000531903001E190300660B03008019030076
:1031A000050F050052077FF5B8AC002B3FF4A2AB2A
:1031B0002846FFF72DF994F83D30002B3FF49DABE6
:1031C00094F82D30052B05D1E18DA069C9B216F018
:1031D000B7FA064694F82D30032B09D1E38D022B64
:1031E00006D1218EA0690022090A16F086FA064649
:1031F000002384F83D30B046FFF77FBB6FF00B062D
:103200008BE4638E002B3FF490AC16F10C0118BFD9
:103210000121C9011AF04FF8FFF75FBB6FF00408F6
:10322000FFF76BBB6FF01508FFF7FDBB2DE9F04111
:103230000B78062B0C4640D10369D3F89C6006F14D
:103240002805EFF31187402383F31288BFF36F8FB4
:10325000284610F055FF68B91C4A1D491D488423B3
:1032600015F0D7FE29461C4815F0D3FE84211748D7
:1032700015F0C6FE284610F067FF636800221A604A
:10328000726A9AB9C6E90833284610F047FF80B938
:103290000E4A12490F484FF4997315F0BAFE2946A9
:1032A0000F4815F0B6FE4FF49971E0E713607362B2
:1032B000EAE787F31188BFF36F8F0A48214600229F
:1032C000BDE8F04100231BF004B900BF610D03000D
:1032D000BA0D0300660B0300CF0D03008E0D030033
:1032E000A50D0300C40A00202DE9FF4140264FF040
:1032F000FF337B484FF0FF3201A90DF015FF039B10
:103300001B69D3F89C40FCB194F87030DF071BD5E3
:1033100004F12807236A002B45D0EFF3118886F3C8
:103320001288BFF36F8F384610F0EAFEC8B96D4AB5
:103330006D496E48842315F06CFE39466C4815F0D3
:1033400068FE842167480AE06A496B4A6748DE23C1
:1033500015F05FFE694815F05CFE6748DE2115F048
:103360004FFE384610F0F0FE256A2DB1626A2B68D8
:103370002362954208BF6362384610F0CFFE68B9F9
:10338000584A5F4959484FF4997315F042FE39463F
:103390005C4815F03EFE4FF49971D3E788F311882D
:1033A000BFF36F8FC5B99DF80430062B9FD0072B54
:1033B0009DD801A252F823F00D3401000134010020
:1033C0002D34010013340100513401004734010051
:1033D000EF320100DB3401002B7ED5F81E20294698
:1033E0005D06204609D1FFF755FA0246002891D024
:1033F0000721204616F02DFE8CE700F045F9F4E792
:1034000000220121204616F024FE70E7002211461A
:10341000F8E794F8703043F0040301A984F87030A1
:10342000204616F0B5F900220321EBE794F870303E
:1034300023F0040301A984F87030204616F0A8F99F
:1034400000220221DEE701A9204616F0A1F94EE78D
:1034500094F87030A76923F0040384F87030D7F82B
:1034600008803B69BFF35B8FD3F8A030BFF35B8F5D
:103470009A072FD5D8F83C3038469847D8F82430EA
:10348000002138469847D8F84030054638469847D6
:10349000ADB92946204616F0FCFA054678B9A06970
:1034A0001AF026F8831E5842584194F8703084F878
:1034B000345023F0680343EA401384F8703000224C
:1034C0000421204616F0C5FD002D3FF410AF2A461A
:1034D000072197E74FF0FF35F1E7029A062191E7C0
:1034E000C40A0020610D0300BA0D0300660B03003F
:1034F000CF0D0300001A0300CA190300371A030096
:103500008E0D0300A50D030030B589B00022002305
:10351000CDE9062300246FF00703CDE90334CDE99C
:103520000144294B294900944FF4806228480FF048
:10353000A1FB284926480FF0CFFA274B27498B4299
:103540001CD92749274A284840F2271315F061FD66
:10355000264815F05EFD40F22711224815F050FD77
:1035600003F11402BFF35B8F52E8000F42E80045FD
:10357000002DF9D1BFF35B8F1833E0E7F0D31C4B7C
:103580001C4900208B421AD91B49164A164840F2A2
:103590002B1315F03EFD154815F03BFD40F22B11A5
:1035A000DBE703F11402BFF35B8F52E8004F42E800
:1035B0000005002DF9D1BFF35B8F1833E2E7F0D39C
:1035C000002009B030BD00BFE932010018420020E0
:1035D00038190020571A03001C0D0020340D00205C
:1035E0005C1A0300CA190300660B03007C1A03006F
:1035F000340D0020340D00209B1A030038B502461C
:1036000009490546806919F0D9FF044648B985F88B
:103610003C00284616F013F9044610B1A8691AF0C8
:1036200000F8204638BD00BF2D32010070B50546B8
:1036300011B10024204670BD0D4C0E4E08E0F8D2AA
:10364000636828461968FCF76EF80028F2D0183431
:10365000B442F4D90849094A0948D42315F0D9FCE1
:10366000084815F0D6FC0548D42115F0C9FC00BF68
:103670001C0D0020340D00205C1A0300BB1A03004F
:10368000660B03007C1A030010B559B90B490C48AE
:103690000C4A40F2073315F0BCFC0A4840F20731EF
:1036A00015F0AEFCD1F81A0083681B6913B1BDE8B0
:1036B000104018476FF0850010BD00BF531E030077
:1036C000660B0300EA18030008B506490648074AD6
:1036D00040F2073315F09DFC044840F2073115F025
:1036E0008FFC00BF531E0300660B0300EA180300A3
:1036F0002DE9F04105460C4609B9FFF7E5FF0B7EC1
:103700005A063BD193B315F057FE00283AD128460C
:10371000D5F87480268A6F8E15F024FE70B10128CA
:103720002AD01A491A4A1B484A2315F072FC1A4833
:1037300015F06FFC16484A2115F062FC98F8072036
:10374000238A9BB1BE42698E334628BF3B469942CD
:103750000CD9B3FBF2F102FB11333BB994F91830E9
:10376000002BBEBF637E43F008036376A869214641
:10377000BDE8F04119F0F9BD4022E1E76FF0150016
:10378000BDE8F0814FF0FF30FAE700BF3D3703009E
:10379000F21A0300660B03002C1B03002DE9F04115
:1037A0000646EFF31188402484F31288BFF36F8F2D
:1037B0003C4810F0A5FC68B93B4A3C493C4884238E
:1037C00015F027FC37493B4815F023FC8421364887
:1037D00015F016FC3348384D10F0B6FC31482F6810
:1037E00010F09CFC68B9304A344931484FF4997361
:1037F00015F00FFC2B49324815F00BFC4FF4997172
:10380000E5E788F31188BFF36F8F5FB92D492E4A22
:103810002748422315F0FDFB2C4815F0FAFB2A48F7
:103820004221D5E77B6893F87030DB0706D4304639
:103830002122BDE8F04100230EF05ABFEFF31187BB
:1038400084F31288BFF36F8F164810F059FC0028DC
:10385000B2D0144810F078FC2C682CB16A68236848
:103860002B60944208BF6B600E4810F057FC002894
:10387000B9D087F31188BFF36F8F44B1606804F14A
:103880000801C3699847124821460DF065FA2B6874
:1038900033B130460022BDE8F04100230EF0A0BE57
:1038A000BDE8F08174310020610D0300BA0D030002
:1038B000660B0300CF0D03006C3100208E0D03005A
:1038C000A50D0300981B0300631B0300AC1B030042
:1038D000C00900207FB50646CDE90012304800221D
:1038E000002303A90DF0ACF90446002855D1039B31
:1038F000DDE900015E60083383E80300EFF3118522
:10390000402383F31288BFF36F8F264810F0F8FB33
:1039100068B9254A25492648842315F07AFB2149B0
:10392000244815F076FB84211F4815F069FB1D48DB
:1039300010F00AFC039B204A1C60516899B9C2E947
:103940000033184810F0EAFB80B9174A1B491848A1
:103950004FF4997315F05DFB1249194815F059FBA6
:103960004FF49971E0E70B605360EAE785F3118843
:10397000BFF36F8F1348002200230EF031FE0028A2
:103980000BDA1149114A0A48332315F042FB10485B
:1039900015F03FFB0D483321C7E704B070BD00BFF1
:1039A000C009002074310020610D0300BA0D03002E
:1039B000660B0300CF0D03006C3100208E0D030059
:1039C000A50D0300B00000203D370300631B03007A
:1039D000C81B03002DE9F04106690D46174606F1A4
:1039E0009C04EFF31188402383F31288BFF36F8F99
:1039F000204610F085FB68B9194A1A491A488423F1
:103A000015F007FB2146194815F003FB84211448E3
:103A100015F0F6FA204610F097FB2946F06B3A466F
:103A2000FDF784FA0546204610F078FB68B90C4A89
:103A30000F490D484FF4997315F0EBFA21460D48E4
:103A400015F0E7FA4FF49971E1E788F31188BFF3B5
:103A50006F8F15B1012386F841302846BDE8F0810B
:103A6000610D0300BA0D0300660B0300CF0D0300C8
:103A70008E0D0300A50D030038B54B780469456829
:103A80002069202B08D0222B19D0FEF7DDF8114B2E
:103A90006FF085021A5010E0CB88072BF5D1D36860
:103AA0001A6842609A8802819B79837216F0F2FA52
:103AB00022460821284616F0DAFA002038BD4B8845
:103AC0008381C3F3400203F001030276437622466A
:103AD0000921EFE70C00000008B513464A78212AB7
:103AE00014D133B9FEF7B0F80B4B6FF00B021A503C
:103AF0000AE0CA8801690969072A28BF0722043138
:103B000003F10C0015F0F2FB002008BDFEF79CF855
:103B1000014B6FF08502EAE70C0000002DE9F3414C
:103B200005698DF8071005F19C044027EFF3118813
:103B300087F31288BFF36F8F204610F0E1FA68B95F
:103B4000284A29492948842315F063FA2146284840
:103B500015F05FFA8421234815F052FA204610F040
:103B6000F3FAE86B01220DF10701FDF7DFF90646D4
:103B7000204610F0D3FA68B91A4A1E491B484FF480
:103B8000997315F046FA21461B4815F042FA4FF496
:103B90009971E0E788F31188BFF36F8F012E10D081
:103BA0001AF04CFDB0B1154BBFF35B8F012253E807
:103BB000001F002903D143E800200028F7D1BFF3FC
:103BC0005B8F2122002305F148000EF009FD02B0B1
:103BD000BDE8F081AB7E002BE5D0002121200FF065
:103BE00017FFA3E7610D0300BA0D0300660B030086
:103BF000CF0D03008E0D0300A50D030078310020CA
:103C000038B505690E49EB6B0024C3E90144DC605B
:103C10006B6B05F14800C3E90144DC600EF030FC39
:103C200005F1780007490EF0E5F9074905F1240090
:103C30000EF0E0F9284616F02DFA204638BD00BFF8
:103C400015A20200DBA2020067A30200F8B5064637
:103C5000476800690D46046959B93D493D483E4AE7
:103C600040F2073315F0D5F93B4840F2073115F023
:103C7000C7F90B7E4168896891F83D102AB39942D3
:103C800004D1042104F1880016F099FA33692A7EE0
:103C90005B689B6893F836309A4204D1052104F1A1
:103CA000880016F08CFA33692A7E5B689B6893F86B
:103CB00026309A4203D104F18C000DF019FF2946F9
:103CC0003846BDE8F84016F092B9994214D12A8AD4
:103CD000E968606BFDF72AF928B1E3691BB104F1CB
:103CE00024000EF0AFFA04F18800042116F067FA00
:103CF00004F178000EF0A6FA33692A7E5B689B68AF
:103D000093F836309A4215D1E3691BB104F12400CF
:103D10000EF098FA052104F1880016F050FAE36BD2
:103D20005A89DB889A4205D00022002304F148001A
:103D30000EF056FC33692A7E5B689B6893F8263048
:103D40009A42BCD104F18C000DF0DAFDB7E700BF58
:103D5000531E0300660B0300EA18030010B586B07B
:103D6000094B0A4803930024CDE904440EF0FEFAFF
:103D700003AB0093064905480A234FF4E1620EF0B5
:103D80000FFB204606B010BDF51B0300F019002004
:103D900018460020014601480EF09EBBF019002095
:103DA000014601481AF03ABCF0190020884208B5D3
:103DB00001F1100310D9984213D20E490E4A0F4850
:103DC00040F2B32315F025F90D4815F022F90A4801
:103DD00040F2B32115F014F9EFD000F11002914236
:103DE000EAE7013813F8012D00F8012F8B42F9D1D1
:103DF00008BD00BF301C0300FE1B0300660B030060
:103E0000871C030030B4034608461A78012A11D0F3
:103E1000022A20D062B9124A02F1100452F8045B5F
:103E200041F8045BA242F9D15B881A0A8270C37020
:103E300030BC70470A4A02F1100452F8045B41F8A2
:103E4000045BA242F9D15B681A0C190E4270017032
:103E5000C3F30722EAE730BC591CFFF7A7BF00BF36
:103E60007A44030010B516F004FC1AF0E7FB044690
:103E700008B90FF081FBBFF35B8F064B1B68BFF3E4
:103E80005B8F0BB10A2098471CB9BDE810400FF0BA
:103E9000E5BB10BD7C310020811EC9B21E2938B59A
:103EA000044604D81A4820FA01F1C9070CD419496C
:103EB000194A1A487A2315F0ACF8194815F0A9F8F0
:103EC00015487A2115F09CF8164815F004FA0546B5
:103ED000D0B1082C1AD00CD8022C10D0042C15D03C
:103EE00011490E48114A522315F093F80F485221F8
:103EF000E8E7102C01D0202CF2D1052100E00421AC
:103F000005F10C0015F0FEF9284638BD0221F7E74F
:103F100041000040E81C0300B91C0300660B0300CD
:103F20002D1D0300180C00203D3703004D1D03001C
:103F3000054BBFF35B8F53E8002F43E800010029D6
:103F4000F9D1BFF35B8F70477C3100200F2810B58B
:103F50000CD80D280CD90A4815F0BDF9044618B143
:103F600004210C3015F0CEF9204610BD1328F2D0F4
:103F700009B10448F0E7BDE810400220FFF78CBF0C
:103F8000440C0020940B002038B50B6805460C4605
:103F90004BB90E490E480F4AFA2315F03AF80D486E
:103FA000FA2115F02DF84A68DA600B684A895A82BE
:103FB0000868FEF72DFA2046102200211BF04BFA6C
:103FC0002846BDE8384016F054BB00BF7F1D0300F3
:103FD000660B0300B91C03002DE9F84305460C46A7
:103FE0001F4616464AB92649264A2748D62315F0C1
:103FF00010F8D621234815F003F838B92349214A8F
:104000002148D72315F005F8D721F3E74A69CB6893
:104010009A4207D11E491B4A1B48DB2314F0F9FFC3
:10402000DB21E7E7084616F03CFB804638B119492A
:10403000144A1548DD2314F0ECFFDD21DAE701F125
:104040000C09484605F10C0115F049F9E36862696D
:104050002E829B1A13FA86F36B8201236B72314610
:104060004846FEF751FBE3687B60638AC4F80C8026
:104070007B81A4F812803C602846BDE8F88300BF2D
:1040800098180300B91C0300660B03008C1D030085
:10409000911D0300AE1D030038B5C5682B7893B998
:1040A000B5F801400F21204602F0C6F8EB7805462E
:1040B00050B90A4A118831B96FEA04506FEA1050BA
:1040C0001080074A137038BD0373012102F00EF807
:1040D0002846BDE8384001F077BF00BFA83E002069
:1040E000CF3E002010B586B0084B039303AB0024ED
:1040F0000093074907484FF0FF334FF44072CDE972
:1041000004440EF04DF9204606B010BDC71D030053
:10411000204D0020C81A002010B5084C0146062288
:1041200094F86F0002F0D8FC38B994F86F00044995
:10413000BDE81040052202F0CFBC10BD8001002078
:104140006044030010B5012104460C30FEF7FAFA72
:104150002146034A0078BDE81040002316F033BB27
:104160003401030010B5012104460C30FEF7EAFAD1
:104170002146034A0078BDE81040082316F023BB0F
:10418000F400030070B53148FEF7E6F80446002855
:104190005AD000F10C05284615F0CBF8022805D0BE
:1041A00004282FD02046FEF733F921E0238A032B81
:1041B000F8D904212846FEF7C5FAFF22438806886D
:1041C0002276228AC6F30B009A426083EAD10F213D
:1041D00002F032F805460028E4D002F049F8320B2C
:1041E00020762146284616F053FF284601F0ECFEC3
:1041F000174BD3F834313BB3BDE87040154916482E
:104200001AF00CBA28460221FEF79CFA05460078FF
:104210003E2812D016F067FA10F002060DD10F4AB0
:104220000F49104840F69A4314F0F3FE86F31188C4
:10423000BFF36F8F0323184602DF0B4A287806234B
:10424000214616F0C0FAADE770BD00BFB4020020F1
:104250008001002014060020A01B0020D71D0300B1
:104260000B1E0300660B0300C400030010B5012100
:1042700004460C30FEF766FA2146034A0078BDE892
:104280001040022316F09FBAB40003002DE9F04756
:104290000C460FF071F9E5682B78022B67D0042BE0
:1042A00005D02046FEF7B4F86FF0150408E0B4F826
:1042B0001080B8F1020F08D82046FEF7A9F80024B4
:1042C0000FF0CCF92046BDE8F08768783E2809D188
:1042D000B8F1030FF0D0EB78012B01D00A2B46D1B7
:1042E000032704E016F0FFF90746F8073FD504F16D
:1042F0000C0601213046D4F814A0FEF705FA02217D
:104300003046FEF71FFA814600783E2807D1E36861
:104310001B78012B01D00A2B06D1032614E016F0DE
:10432000E2F9C10706460FD4174A1849184841F266
:10433000681314F06EFE002383F31188BFF36F8FB0
:104340000323184602DF0226124A99F800000623CA
:10435000214616F038FAB20712D56369A4F8108026
:10436000A5EB0A0513FA85F5E560BB07A7D521463D
:104370000948FDF787FF094909481AF04FF99EE7F8
:104380002046FEF745F8F0E7D71D0300391E03006D
:10439000660B030084000300B40200201406002012
:1043A000A01B00202DE9F8430F4616468146002841
:1043B00075D0BFF35B8FDFF8EC80002358E8004F27
:1043C00048E80032002AF9D1BFF35B8F002C66D099
:1043D0002046FDF741FE344D0C2303FB005043887B
:1043E0004B4517D0BFF35B8F58E8003F48E80042C9
:1043F000002AF9D1BFF35B8F002B50D02B492C48FA
:104400002C4A40F6EE1314F004FE2A4840F6EE1152
:1044100014F0F6FDA64208D02046FDF73FFE328A92
:10442000F16804F10C0014F061FF2046FDF714FE62
:104430000C2606FB005043689BB197B92046FDF758
:104440000BFE06FB005001214268536803F01F0079
:10445000814010685B0900EB8300137ADBB116F032
:1044600081F92046FDF7F8FD0C2606FB0050836815
:1044700063B12046FDF7F0FD70432F542046FDF751
:10448000EBFD06FB0055A8680DF03AFA2046BDE8A2
:10449000F843FDF7BDBFC94316F0ACF9E1E7BDE84D
:1044A000F88300BFB002002080310020521E0300BC
:1044B000660B0300D71D03002DE9F047D0F80C80F0
:1044C000028A98F800309B00013393425DD9BDE821
:1044D000F08708EB86030F21B3F80100B3F80370EF
:1044E00001F0AAFE044628B100F1C00947B92046F0
:1044F00001F06AFD013698F800309E42E9DBE6E7FC
:1045000065695DB92249234A234840F2872314F0A4
:1045100080FD40F287211F4814F072FDA2692B68CC
:104520006361954208BFA361204601F0A5FC0DF030
:10453000E7F9C5F800A0236AA3B9C4E90755BFF39A
:104540005B8FD9F80030BFF35B8F013FBFB263B917
:104550001249104A10484FF4247314F05AFD4FF4D6
:104560002471D8E71D602562E9E7BFF35B8F59E846
:10457000003F013B49E80032002AF8D1BFF35B8FCE
:104580000021204601F084FCB0E70026B246B2E7E5
:104590003D370300D71D0300660B0300571E0300C1
:1045A000094BBFF35B8F1A68BFF35B8F02F00B02FE
:1045B000BFF35B8F53E8001F43E800200028F9D1C8
:1045C000BFF35B8F704700BF5402002010B5C1E9F4
:1045D00000239DF808300B720C46FDF73DFD034BA0
:1045E0000C2202FB00335C6010BD00BF8031002054
:1045F000F8B502460B46104814F06DFE0446C0B1F3
:1046000004210C30FEF704F82046FDF725FD0B4D84
:104610000C2707FB0050002646802046FDF71CFDB6
:1046200007FB005086602046FDF716FD07FB00558E
:104630006E602046F8BD00BFEC0B002080310020EA
:1046400029289ABF014B185C092070479444030045
:10465000034B0146D3F8500182689268104700BFAF
:10466000800100200148042116F07CB8540200208B
:1046700000487047C509030010B50B490B4819F0F5
:10468000CDFF041E0FDA0A4A0A490B4841F25F4384
:1046900014F0BFFC0948214614F0BBFC044841F269
:1046A0005F4114F0ADFC10BD04060020C81A0020C4
:1046B000D71D0300701E0300660B0300791E030064
:1046C00070B505460C4639B1CB684A699B1A032B75
:1046D0000ED86FF0150509E04FF0FF304FF0FF31B5
:1046E000FFF786FF044618B96FF06805284670BDCD
:1046F0002046FDF7B1FC144B0C2202FB0033A61838
:10470000032130465D80FDF7DFFF0580238A033BF0
:1047100083700121304614F005FE40F635439D427A
:1047200009D12046FFF794FF05460028DED0204639
:10473000FDF76EFEDAE70548214619F0F5FE002583
:10474000FFF79AFFD2E700BF80310020BC020020B3
:104750002DE9F043064685B017460C4669B94FF07F
:10476000FF304FF0FF31FFF743FF0446B8B96FF059
:104770006805284605B0BDE8F083887AFDF764FC3B
:104780002F4B83420BD02F492F48304A4FF4D77319
:1047900014F03FFC2D484FF4D77114F031FC012286
:1047A0000021684619F0D9FE2046FDF755FCDFF8D8
:1047B000A0900C2303FB0090C0F808D02046FDF722
:1047C00069FE01463046FFF77BFF054618B12046DB
:1047D000FDF71EFECDE74FF4A022002368460DF042
:1047E0000DF9804690B14FF4F173184A19491648F3
:1047F00014F00FFC18484246314614F00AFC85F3C9
:104800001188BFF36F8F0323184602DF2046FDF7A0
:1048100023FC0C23584319F800604EB1093E204692
:10482000F6B2FDF7F5FD092E06D80C4B9D57A0E713
:10483000002FCCD03C609CE76FF0040599E700BFE7
:10484000EC0B00203D370300660B0300D71D03006F
:1048500080310020972603007E1E03008A44030057
:104860002DE9F04390F8009085B00546B9F1000FAE
:104870000BD055495548564A40F2815314F0C9FBB4
:10488000534840F2815114F0BBFB524BB0F8018009
:10489000198848F47042914205BFA3F800904E4B2E
:1048A0004F461F7800F0AEFAEB78012B08BF4B4B58
:1048B00005F10404204608BF93F86F9015F0D5FE6B
:1048C00002AE2146B0B1304615F0C4FED5F8113025
:1048D000CDF80130B5F81530ADF805304FF00109CD
:1048E000EB78012B1BD01321404616F0E3F805B0FE
:1048F000BDE8F083484616F0B9FA03460068029016
:104900009A889B796868B280B371A288A37995F878
:1049100004900090ADF804208DF80630E0E73046B2
:10492000FFF7FAFB04460028DDD00346B5F8012066
:1049300023F8702B0298B279B18820679A71998018
:10494000B5F8173040F2E2425343C4F88830B5F866
:104950001930A4F89030B5F81B30A4F89230EB78F9
:10496000E3700022012B22731CD18DF80090BDF85A
:1049700004209DF806300098A4F87B2084F87D3050
:10498000C4F8770000F00EFD237A1449C3EBC3038B
:104990005A18CB58C4F87E309388A4F882309379A3
:1049A00084F884300721204601F0A0FB27B127734B
:1049B0000121204601F09AFB204601F0CDFC204663
:1049C00001F002FB93E700BFC31E0300660B030068
:1049D000D71D0300A83E0020CF3E0020800100200C
:1049E00000B5C3681A7889B032B13C2A32D109B017
:1049F0005DF804EB15F094BF8DF80020B3F80120AA
:104A0000ADF80120DA788DF80320B3F80B20ADF86B
:104A10001720B3F80D20ADF81920B3F80F20ADF82A
:104A20001B205A7C8DF81D20586801901A899B7AAA
:104A30008DF80A30094BADF8082068461A689B8843
:104A4000CDF80B20ADF80F30CDF81120ADF81530B2
:104A5000FFF706FF09B05DF804FB00BF74440300D4
:104A600010B5FAF7E5FF034B1B6813B1BDE8104022
:104A7000184710BDA431002073B5254D0646D5F862
:104A8000500119F0D6FC00283BD06FF0020105F16F
:104A9000D40015F0AFFE012115F064FE10EA010408
:104AA00032D11C4B1E600A4605F5907019F055FD79
:104AB00005F59E7019F02FFD17480DF057FC1749AA
:104AC000154800946FF007034FF4C0620DF068FCC6
:104AD000134911480EF000F8D5F8500111498368C8
:104AE0001B689847044648B926B902B0BDE8704033
:104AF000FAF79EBF05F1C4000DF0A4FB204602B0FA
:104B000070BD6FF01204F9E76FF07704F6E700BFAD
:104B100080010020A4310020A01B00202050002094
:104B2000D71E03008D42010038B5032104460C3026
:104B3000FDF708FE0346B0F8010040F6354290420A
:104B40000DD01D78E36822461978FFF72BFC35B1AC
:104B500003480CF0D5FEBDE83840FFF78DBD38BDE9
:104B6000A002002038B50EF007FD284DD5F83C31E5
:104B7000002B48D00022002305F590700CF03EFF7A
:104B8000002840D10022002305F59E700CF02EFE77
:104B9000044668B91E4A1F491F4840F6AA4314F04C
:104BA00038FA84F31188BFF36F8F0323184602DFAE
:104BB000D5F8300120B1FDF72BFC0023C5F83031CA
:104BC0002046FDF767FCC5F830012046FFF740FDA1
:104BD00098B112480CF094FE2046FDF73DFA104BB8
:104BE0000C2202FB00301F2140882246FFF7DAFB2F
:104BF0002046FDF70DFCFFF73FFDFFF73DFDBDE84B
:104C000038400EF02BBD01F0F3FBF8E780010020E7
:104C1000D71D0300531E0300660B0300A0020020F3
:104C20008031002038B5042104460C30FDF78AFDA0
:104C30004578017840882246FFF7B4FB35B1044837
:104C40000CF05EFEBDE83840FFF716BD38BD00BF72
:104C5000A0020020F8B50A4DEF7906460024E3B221
:104C60009F4202D86FF0010007E02946304616F057
:104C70003CF80735631C08B12046F8BD1C46EEE73A
:104C80008001002037B504460D4671B1124928460F
:104C900016F02BF848B91148C4EBC4042946204447
:104CA00016F02BF8002003B030BD684615F0C4FCA8
:104CB0000028F8D16846FFF7CDFF0028F5DA074B4A
:104CC000C4EBC4001844694616F017F8002DE9D06B
:104CD00001462846E4E700BF674403008001002046
:104CE00070B5144E0622314604461AF0C3FBE0B1FB
:104CF0004FF0FF304FF0FF31FFF77AFC0546A8B1C7
:104D0000062221460C3014F0F1FA0022294642F224
:104D10000500FFF71DFD40B93346226843F86929B5
:104D2000A288B280012283F8682070BD6FF068000D
:104D3000FBE700BFE901002038B505460C4659B92C
:104D40002049214A214840F2DD3314F062F940F253
:104D5000DD311D4814F054F9086848B91C491A4A55
:104D60001A4840F2DE3314F054F940F2DE31F0E735
:104D70004DB91849144A154840F2DF3314F049F987
:104D800040F2DF31E5E7037A5A0709D512490E4AA6
:104D90000E4840F2E13314F03CF940F2E131D8E73B
:104DA0004B686BB90B7A13B92B7A5B0708D52A7855
:104DB00003789A4204D0294616F019F800B16560CC
:104DC00038BD00BF0E1F0300E01E0300660B03008A
:104DD000261F0300491F0300611F0300084BBFF398
:104DE0005B8F53E800CF4CF4806C43E800C2002A8C
:104DF000F7D1BFF35B8F037A19430172704700BF8D
:104E0000540200200A4BBFF35B8F53E8002F22F4BB
:104E1000806143E800100028F7D1BFF35B8F530592
:104E200004D504490022022005F012B8704700BFE3
:104E300054020020CBAE02001FB50023CDE902339F
:104E400001908DF80C1001AA0349022005F000F82A
:104E5000029805B05DF804FB394D0100F7B5044632
:104E600070B1404D95F8122195F813310AB19A426C
:104E700008D2013385F81331237A43F004032372F7
:104E800003B0F0BD00210222084601F025FE0646CF
:104E900048B120460121FFF7A1FF304603B0BDE82D
:104EA000F04001F091B801462F4800F075FA95F8EE
:104EB0001331B3B995F8132195F812319A421CD1E8
:104EC0000022114642F22900FFF742FC70B995F822
:104ED0001331013385F81331237A43F0040323722D
:104EE00004E0304615F053FF0028E3D01F480021AE
:104EF00003B0BDE8F04000F04FBA2246671C12F83C
:104F00002E0B394615F006FF064630BB95F81331D7
:104F1000013385F81331237A43F00403237295F8A3
:104F2000A7305B0719D53946684615F0E6FE012320
:104F30004FF0FF304FF0FF318DF80730FFF758FB8F
:104F4000044650B1082269460C3014F0CFF93246BD
:104F5000214642F24E00FFF7FBFB012015F017FF40
:104F6000C4E700BF8001002035AE0200C1AD0200E1
:104F70002DE9F041044660B33C4D95F8122195F8B7
:104F8000133192B1013293421CDC00210222084607
:104F900001F0A2FD0646F0B120460221FFF71EFFF8
:104FA0003046BDE8F04101F00FB85BB930493148F7
:104FB000314A40F2E54314F02CF82F4840F2E54125
:104FC00014F01EF8013B85F81331237A23F0040313
:104FD0002372BDE8F0810146284800F0DDF9304633
:104FE00015F0D5FE074688B995F8133195F81221CA
:104FF0009A4217D2013B85F81331237A204923F0D6
:10500000040302462372022004F022FF95F81331B4
:1050100013B1012015F0BBFEBDE8F0411948002195
:1050200000F0BAB94FF0FF304FF0FF31FFF7E0FA70
:1050300004F1010806460028E8D007210C30FDF7EE
:1050400009FB414615F059FE3A46314642F2280026
:10505000FFF77EFB0028D9D195F81331013B85F885
:105060001331237A23F004032372CFE78001002059
:10507000961F0300660B0300E01E030035AE02001E
:1050800079AD0200C1AD020070B5044611B16FF0F8
:10509000150070BDD8B1214915F027FEB8B92046DA
:1050A000FFF7D8FD002832DA23784BB91C48C279C3
:1050B0006ABB214615F021FE0123C3711046E8E7C3
:1050C000012BE4D1A37903F0C003C02BDFD1144D31
:1050D000EB79012B1ED005F1D40015F015FEC307A6
:1050E00007D4002CD3D00D49204615F0FEFD002832
:1050F000CDD1EE792146731C3046EB71FFF7C2FD2E
:1051000008B93046C5E7EB79013BEB71C1E76FF0B9
:105110007700BEE76FF00B00BBE700BF67440300FA
:10512000800100202DE9F3410446D8B101AA0021F5
:1051300041F20900FFF70CFB054698B9019E1249A0
:10514000D6F80C8008F10107062238461AF092F9C9
:1051500028B10E49062238461AF08CF930B930468B
:10516000FDF756F9002002B0BDE8F081D8F8013013
:10517000C4F80130BB88A4F8053030462570FDF72F
:1051800047F90120EFE700BF744403006E440300B9
:1051900007B56846FFF7C6FF044BD87118B16946DA
:1051A0000020FFF76FFD03B05DF804FB80010020D5
:1051B000F0B5294DEE7989B0002E46D195F8C23070
:1051C000DB0722D56A4631464FF60940FFF7C0FAA1
:1051D000D8B9DDF800C0DCF80C406378012B1E461E
:1051E00028BF012673B1A31C02AA1234186859689B
:1051F000174603C70833A3423A46F7D11868386008
:105200009B88BB806046FDF703F9EE7100241626EB
:105210000127EB79E0B2984202D3B3B1002012E04B
:1052200008AB06FB0033694653F8182C33F8143CDE
:10523000CDF80120ADF805308DF80070FFF722FDA4
:1052400001340028E5D009B0F0BD0021084609B0BE
:10525000BDE8F040FFF718BF800100202DE9F041C4
:105260001D460E4617460346002849D0002D47D05C
:105270000A0307D54C0743D415F00CFE10BB0123DD
:105280002B701FE0B10704781ED020492FB1B20661
:1052900003D591F8D820500635D5C4EBC40411F8D5
:1052A0000480B8F1010F08D101342144184615F0EB
:1052B000E9FD38B985F8008002E0B8F1000FF9D0B7
:1052C000A7B90020BDE8F081720716D50F49C4EBDD
:1052D000C4040F5D012F07D10134214415F0D2FD24
:1052E0000028EFD12F7001E0002FFBD0B306E8D5E6
:1052F0002B7843F002032B70E3E715F0CBFDBEE7FC
:105300006FF01500DEE76FF08500DBE7800100201D
:1053100010B50A4CE3790BB1002010BDFFF738FF40
:105320000028FAD1E379002BF6D1FFF741FF0028DE
:10533000F3D1601CBDE81040FFF7D2BC8001002013
:10534000F7B5CDE90001694642F208009DF82070EA
:1053500016461D4615F0CFFD044668B97FB9BFF368
:105360005B8F0C4B53E8001F41F0040143E800122F
:10537000002AF7D1BFF35B8F204603B0F0BD69462A
:1053800042F20900CDE9006515F0B5FD0028E6D030
:105390000446F1E7A801002003460148184700BF72
:1053A0009801002000487047980100202DE9F04F37
:1053B000D0F8109089B0B9F1000405469F480291D9
:1053C00018BF0124039315F090FD4607924640F163
:1053D00090816E6870050CD56FF01504029B002259
:1053E00040F20110924540F08D81204609B0BDE8A1
:1053F000F08FD5F81080B8F1000F01D0B107EBD0D5
:105400008F4F2878FB798342E6D9C0EBC0008D49E5
:10541000072238441AF02EF80028DDD0B20706D152
:1054200097F87030082B02D8AB689F2BD4D916F0B0
:10543000300F7ED0B8F1000FCED0F3067CD406F446
:105440006036B6F5603FC7D0284615F03AFD804675
:105450000028C1D07C487C4E15F047FD10F4807FB9
:1054600040F04A8106F1AC0015F03FFD10F4806F6A
:1054700006F1AC0B01D0FFF7C5FC6A680023CDE94B
:105480000533CDF81B30AB68ADF8103012F4004F87
:10549000EB68ADF8123014BF06230723D00348BFD2
:1054A00003F00503910348BF03F0FB038DF81D30A3
:1054B000BFF35B8F5BE8003F23F480734BE800325F
:1054C000002AF7D1BFF35B8F2B783B7687F86F30DC
:1054D000224669685D480DF11503FFF7BFFE0446DB
:1054E00000287FF47BAF5A4BB9F1000F31D02A6905
:1054F00011684BF8B31C9188998092799A716B6806
:105500009A0728D0B9F1000F2CD013F0100F0CBF60
:10551000012304238DF814302B691A68CDF8162066
:105520009A88ADF81A209B798DF81C304FF000084E
:105530001BE0B8F1000F82D1D5E902239A423FF671
:105540004BAF1F2A7FF648AFB3F5804F7FF677AF9A
:1055500042E73C4ACCE79B0502D4039B002B37D0A3
:10556000022300E04B468DF814304FF0FF304FF02F
:10557000FF31FFF73DF80446002800F0C0800F22FD
:1055800004A90C3013F0B2FE2146002242F20600BC
:10559000FFF7DEF8044600287FF420AFB9F1000FD2
:1055A0001AD0686810F0030022D10746274801216D
:1055B00015F0FBFC044600284ED0002F3FF40EAF40
:1055C0003846002100F092FD384600F0FDFC05E76A
:1055D00003238DF81430A9E7129B039A0298CDF8A3
:1055E00000805146FFF7ACFE04460028D9D0F5E60E
:1055F0003C7E1449164887F86F40072219F03AFF9D
:1056000060B91449204601F021FA074610B96FF03D
:105610000B04E3E6052100F069FDC7E70C492046CD
:1056200015F0F8FD00287FF4D7AE387E084901F068
:105630000DFA07460028EAD00621ECE754020020C4
:105640008001002067440300A80100209801002089
:10565000A10100206044030017B1384600F0B4FCFB
:105660006B68BFF35B8F9F0728D056E8003F43F479
:10567000007346E80032002AF7D1BFF35B8FBFF317
:105680005B8FB8F1000F22D056E8003F43F48063EF
:1056900046E80032002AF7D1BFF35B8F6B68BFF397
:1056A0005B8F58071CD556E8003F43F4805346E80B
:1056B0000032002AF7D1BFF35B8F8FE656E8003F38
:1056C00023F4007346E80032002AD6D0F6E756E805
:1056D000003F23F4806346E80032002ADCD0F6E77E
:1056E00056E8003F23F4805346E80032002AE2D017
:1056F000F6E76FF00A0471E66FF077046EE66FF07C
:1057000068046BE61988814204D1596811B109789F
:10571000C90702D40132083364E6054905480CF094
:10572000AFFE4FF47022002302480CF0E1FF5CE66C
:1057300001B00200B001002010B5184815F05DFC62
:10574000174815F0D2FB0346DA05C0F3002023D535
:10575000134815F0CAFB830515D5124912480722D4
:1057600019F088FE11490346087E93B910490522B5
:1057700001F0B2F9044630B10021017300F0B6FC2B
:10578000204600F021FCBDE810400448002115F03F
:105790000CBC06222131EBE710BD00BF98010020B0
:1057A000A801002067440300A1010020800100201F
:1057B00060440300884208B501F1200310D99842E3
:1057C00013D20E490E4A0F4840F2B32313F021FCC6
:1057D0000D4813F01EFC0A4840F2B32113F010FCF0
:1057E000EFD000F120029142EAE7013813F8012DD1
:1057F00000F8012F8B42F9D108BD00BF301C030017
:10580000FE1B0300660B0300871C030070B59AB0F3
:105810001822002103A819F01EFE47F21213ADF85A
:1058200008304FF48073ADF80A30354B44F2010272
:10583000694602A8CDE9042310F05AF810B31F25D9
:10584000304BBFF35B8F53E8001F21F0010143E8A9
:105850000012002AF7D1BFF35B8F2B4E0DF08CFEA8
:10586000346804B1043C002D284D18BF0025002CDD
:105870003FD023680BB1284698476468002C38D085
:10588000043CF6E7009801AB412209A919F09FF901
:105890000028D4D11E4A0DF125030DF1650153F8FE
:1058A000040B42F8040B8B42F9D11A49009801AB62
:1058B000202219F037F90028C1D100980FF00EFF0F
:1058C00005460028BBD112491048FFF773FF124963
:1058D0001248FFF76FFFBFF35B8F114B53E8001FB8
:1058E00041F0100143E80012002AF7D1BFF35B8FAB
:1058F000A6E70023C6E900330DF0B0FE1AB070BD74
:1059000000000209A8310020B0310020303F002003
:10591000F03E0020D03E0020103F0020503F0020ED
:105920005402002030B5A7B01822002107A819F0B2
:1059300092FD04233D22002116A8159319F08BFD3A
:1059400047F21213ADF818304FF48073ADF81A30E7
:10595000264B274944F20102CDE9082306A804ABEF
:1059600020220FF0F9FED8B16FF004040DF004FE10
:10597000204B1D6885B1002018601F4BBFF35B8F63
:1059800053E8001F21F0020143E80012002AF7D17A
:10599000BFF35B8F24B3A8470DF060FE27B030BD86
:1059A000164B0DF1550203F14000194653F8044B14
:1059B00042F8044B8342F9D105AB02932023CDE991
:1059C00000130A480499412315AA19F0CFF90028B9
:1059D000CAD104980FF082FE04460028C6D0C3E75F
:1059E0000DA80649FFF7E6FE0DA8D4E7000002095E
:1059F000D03E0020AC310020A8310020F03E002035
:105A000008B50449402219F035FDB0FA80F040098C
:105A100008BD00BFBE44030010B59AB0044618226A
:105A2000002103A819F017FD44F21213ADF8083055
:105A30004FF48073ADF80A30124B4FF48042CDE939
:105A40000423214604230DF125008DF82430FFF7AF
:105A5000B1FE04F120010DF14500FFF7ABFE01ABF3
:105A6000412209A902A80FF077FE044602A819F006
:105A7000C9F92CB901980FF031FE01201AB010BD00
:105A80000020FBE70000020910B5002837D0204AAB
:105A9000136823B1043B834234D05B68F9E71D4BA4
:105AA000BFF35B8F1968BFF35B8F89072DD4146830
:105AB0004460011D5068116000B95160BFF35B8FF5
:105AC00053E8002F42F0010143E800100028F7D10D
:105AD000BFF35B8FD30701D5002010BD0E4BBFF382
:105AE0005B8F53E8001F21F0100143E80012002AE9
:105AF000F7D1BFF35B8F0948FEF752F9ECE76FF07F
:105B00001500EAE76FF07700E7E76FF00F00E4E7D2
:105B1000B0310020A83100205402002034060020BB
:105B2000054BBFF35B8F1B68BFF35B8F13F0100F48
:105B3000024808BF0020704754020020303F002078
:105B400070B505461E4803688B4232D0BFF35B8FA9
:105B50001C4B1B68BFF35B8FDA062DD5036813B1AE
:105B60006FF00F0070BD184ABFF35B8F1368BFF36F
:105B70005B8FDB07F4D4BFF35B8F52E8003F43F049
:105B8000020442E80046002EF7D1BFF35B8F13F00A
:105B90000204E5D101600D482946FFF70BFE0C48D1
:105BA00005F12001FFF706FE0A48FEF7F9F8204646
:105BB000D8E76FF07700D5E76FF07C00D2E700BF41
:105BC000AC31002054020020A8310020F03E00201B
:105BD000103F00202406002010B50446FCF73CFAD4
:105BE000044901EB00112046FEF7CEF9BDE8104054
:105BF000FEF742BDB831002070B5144B1C68054655
:105C000044B154F81C3C1C3C13B1297B28469847EE
:105C1000E469F5E70E4C0F4EB44215D90E490F4A10
:105C20000F4840F2B67313F0F4F90E4813F0F1F98F
:105C30000A4840F2B67113F0E3F9236813B1297BE7
:105C4000284698472034E7E7F7D370BDEC310020B1
:105C500048FB020068FB0200DF1F0300AF1F0300C8
:105C6000660B03007C1A030008B50B4B1B7873B955
:105C70000A490B4A0B4840F2463313F0CAF90A4866
:105C800013F0C7F9064840F2463113F0B9F9FBF7B3
:105C9000DBFF064B185808BD13420020860C03009A
:105CA0005B0C0300660B0300990C03000800000066
:105CB00010B50C46817801290BD00C490C480D4ACF
:105CC00040F2EE3313F0A5F90A4840F2EE3113F03A
:105CD00097F9A1691160E2691A60E27A04F118008B
:105CE0000021BDE8104019F0B6BB00BFFA1F030049
:105CF000660B0300AF1F030013B5437B072B04465D
:105D00002DD14FF48061043015F08CF9400526D474
:105D1000BFF35B8F6368BFF35B8FD90307D4114B6D
:105D200093F8D8301A0702D5204614F0E9FE637BB9
:105D3000072B14D10B4B93F8D8309B060FD514F0DA
:105D400007FE60B10DF1060101A814F09BFE30B909
:105D5000BDF80620BDF80410204614F0ECFE02B099
:105D600010BD00BF8001002070B505461748002215
:105D700000230BF043FE38BB154B1C6834B154F8BC
:105D8000143C1C3C03B19847E469F7E7114C124EF0
:105D9000B44213D91149124A124840F27C6313F0FD
:105DA00038F9114813F035F90D4840F27C6113F0D1
:105DB00027F9A36803B198472034E9E7F9D32846C7
:105DC000BDE870400CF03EBA70BD00BF000B002073
:105DD000EC31002048FB020068FB0200DF1F0300DB
:105DE000AF1F0300660B03007C1A03002DE9F0418E
:105DF0000446FFF739FF1B4BD3F8B830834223D159
:105E000040270025EFF3118287F31288BFF36F8FCD
:105E1000E16929B1206A0B68E361814208BF23620E
:105E200082F31188BFF36F8FD1B1D1E901680E48B9
:105E3000C1E9015518F078FB1EB100224146204609
:105E4000B047FEF719FCDDE708490948094A4FF455
:105E5000937313F0DEF807484FF4937113F0D0F802
:105E6000BDE8F081382A0020200B00200C20030020
:105E7000660B0300AF1F03000448B0F8FC30002B92
:105E800000F5807008BF0020704700BF800100202F
:105E900070B588B004460E46FFF7E6FE144BD3F803
:105EA000B820824205D1204608B0BDE87040FFF717
:105EB0009DBF24342146184618F0B0FB051E0FDAAA
:105EC0000C4A0D490D484FF4AF7313F0A2F80C487B
:105ED000294613F09EF807484FF4AF7113F090F87D
:105EE0001EB1694620460CF0B3F908B070BD00BF82
:105EF000382A0020AF1F0300701E0300660B03004A
:105F00005220030038B5002204468A4202D1002400
:105F1000204638BD04F1C8030120BFF35B8F53E86E
:105F2000005F002D04D143E8000CBCF1000FF6D156
:105F3000BFF35B8F02D0D0340244E6E7002CE6D0FA
:105F4000C8220021204619F086FA04F140000449D5
:105F50000CF096FA034904F124000CF04BF8D7E753
:105F6000896B010043B0020010B558B913491448B9
:105F7000144A40F2B55313F04CF8124840F2B551B0
:105F800013F03EF800F1C802BFF35B8FD0F8C830C1
:105F9000BFF35B8F7BB1BFF35B8F591C52E8004F9F
:105FA0009C4204D142E8001CBCF1000FF6D1BFF3C3
:105FB0005B8FE7D110BD1846FCE700BFBB22030092
:105FC000660B0300AF1F030038B5044670B92A49B9
:105FD0002A4A2B4840F2DF5313F01BF8294813F0EC
:105FE00018F840F2DF51254813F00AF824300CF07D
:105FF00077F8BFF35B8F04F1C80353E8002F511EFD
:1060000043E80015002DF8D1BFF35B8F002A0CDCAC
:106010001D491A4A1A484FF4BE6312F0FAFF1B4892
:1060200012F0F7FF4FF4BE61DDE7012A23D160B122
:106030001749124A124840F2F95312F0EAFF154884
:1060400012F0E7FF40F2F951CDE7134B9C4212D317
:1060500003F1D00294420ED2E41AD023B4FBF3F23F
:1060600003FB12443CB90D480BF04AFCBDE8384034
:106070000B480CF0E7B838BDBB220300AF1F03008C
:10608000660B03006D2003008C20030094200300A6
:10609000B2200300C6200300781C0020000B002063
:1060A0005406002010B50446FFF75EFF0DF064FAB9
:1060B0000C4BD3F8143104F1BC0143B90A4814F075
:1060C000A1FF0DF0CBFABDE81040FEF7D5BA99421A
:1060D00001D01B68F1E70DF0C1FA2046FFF774FF0D
:1060E000F1E700BF80010020940200202DE9F0417B
:1060F000457B8D42044613D041730DB9FFF734FF41
:10610000637B012B09D13A4D05F580776169002940
:1061100051D1BDE8F041FEF7AFBA072B02D0B3B1C1
:10612000BDE8F0810023C4E90D33E378012BF7D1FA
:10613000A378012B04BF032384F8983004F14000B6
:106140004FF42032BDE8F04100230CF049BA082D8D
:10615000E6D801A353F825F0216101007D6101001B
:10616000A3610100AD610100AD610100AD610100FD
:10617000A3610100216101002161010004F14005DA
:1061800028460CF0BBFA20460121FFF781FE20468D
:1061900014F075FF28460022BDE8F04100230CF002
:1061A000A7BA237B13B12046FFF726FD2046BDE8A2
:1061B000F041FFF709BFA2690B686361914208BF14
:1061C000A361D1E901680023C1E90133094818F04E
:1061D000ABF926B16FF06D0241462046B047B5F8E5
:1061E000FC30002B14BF384600200BF089FB8DE7F4
:1061F00080010020200B0020F8B5074609480D4615
:106200001646FFF7B1FE044650B183781F4203D112
:10621000BDE8F840FFF7D8BE3146A8472046F7E76B
:10622000F8BD00BF781C0020024900220120FFF7C2
:10623000E3BF00BFF95C010038B505460B480C46CA
:10624000FFF792FE034670B1427B012A02D0073A63
:10625000012A06D81A88AA4202D19A78144203D198
:106260001846FFF7B1FE0023184638BD781C002001
:1062700008B5114B98420AD303F1D002904206D2DE
:10628000C01AD022B0FBF2F302FB130373B10B4927
:106290000B4A0C4840F21B6312F0BBFE0A4812F096
:1062A000B8FE074840F21B6112F0AAFE074B00112E
:1062B0005843C0B208BD00BF781C0020FD20030079
:1062C000AF1F0300660B030074220300C54EECC42D
:1062D0002DE9F04780460F4692461E4614469946E1
:1062E00018F0ACF9054658B116491748174A40F25C
:1062F000376312F08EFE154840F2376112F080FECF
:1063000056EA0A061BD0FFF7AFFC114BD3F8B830A2
:10631000834204BF2C46A1460E4922464B46B8F1A3
:10632000000F14BF4046084612F0D5FF044618B1CE
:10633000791D0C30FCF76CF92046BDE8F087044667
:106340008146E9E78E220300660B0300AF1F0300BE
:10635000382A00203C0B002010B5044605480BF0FD
:1063600071FF204600F0BCFD2046BDE81040FFF75D
:1063700043BC00BF4406002010B5437B023B0446EB
:10638000062B29D8DFE803F00B042828281E090073
:10639000017300212046FFF7A9FE002010BD83787D
:1063A000012BFAD00E4A0F490F484FF4F46312F054
:1063B00030FEA1780D4812F02CFE09484FF4F4612C
:1063C00012F01EFE008814F075FB0028E6D1637BF6
:1063D000072BE2D10821DDE76FF07F00DEE700BF89
:1063E000AF1F03003D370300660B03009D2203002F
:1063F0002DE9F04F85B00023019303939A4B5A8BFC
:1064000032B19A4DD5F8144134B905B0BDE8F08FDA
:106410001B68002BF5D1F8E754F8BC3903B1BC3B3D
:106420009349002613E01346B5F8FC20002A00F03B
:10643000B881D5F80821C2B904F1BC06002BE4D01C
:10644000D3F8BC201C46002AEDD0A2F1BC03A34225
:10645000EAD18849884A894840F2B93312F0D9FD17
:1064600040F2B931844812F0CBFD0A68002AE3D02B
:10647000D4F8A820002ADFD0D4F8AC20002ADBD042
:10648000D4F8B020002AD7D0637B072B3DD120461B
:106490009047002839D0BFF35B8FD4F8C030BFF3EA
:1064A0005B8F022B31DC2046FFF75EFD044600289F
:1064B000ABD0637B072B40F07181D4F8A830B5F8DE
:1064C000FC1002AA204698470746002800F0548195
:1064D000B5F8FC20029B9A4206D30146D4F8AC6082
:1064E00003AB01AA2046B0473B8ADDF80C80DDE90A
:1064F000019A002B3BD162495F4A60484FF42473F4
:1065000012F087FD4FF42471ACE704F1BC03B342F1
:1065100009D15C49584A594840F2D63312F079FD06
:1065200040F2D6319EE7D4F8BC20C6B9D5F8181190
:10653000C5F814218B4201D1C5F818210023C4F8F5
:10654000BC302046D4F8B03098470028B1D0637BE7
:10655000072B40F023812046FFF7A4FDA9E7326016
:10656000D5F81821934208BFC5F81861E6E7384608
:1065700014F097F848B142493F4A404840F2972307
:1065800012F047FD40F297216CE7B5F8FC303E4829
:10659000002B08BF0020002200230BF02FFA60B16F
:1065A0003749354A354840F2A72312F032FD3748C3
:1065B00012F02FFD40F2A72154E72D4800220023BE
:1065C0000BF014F9064660B92D492B4A2B4840F2CE
:1065D000B22312F01EFD2E4812F01BFD40F2B22134
:1065E00040E7C0E90198B5F8FCB03B7ADA4503F121
:1065F000FF3398BF1FFA8AFB012B09D925491E4A90
:106600001E4840F2D22312F004FD40F2D22129E7C5
:10661000384614F046F8814638B11F49164A1748E3
:10662000AC2312F0F6FCAC211CE7014600220E4818
:106630000023FBF74BFD804658B1FBF70DFD174BD0
:10664000394603EB00135A464046FDF7C5FC0746A2
:1066500040BB1349084A094840F2DB2312F0D9FC39
:1066600040F2DB21FEE600BFC00B002080010020CD
:10667000200B0020B4220300AF1F0300660B0300B1
:106680003D370300C022030080020020DB2203000C
:10669000F02203000023030028230300B831002068
:1066A00042230300B5F8FC3094F8C4809A458CBFAF
:1066B0004FF0010908F1020884F8C49098BF5FFA0E
:1066C00088F804F1C009BFF35B8F59E8003F01333C
:1066D00049E80032002AF8D1BFF35B8F04F1140AB5
:1066E0003146504614F08EFCA378012B48D107F1B7
:1066F0000C0B04215846FBF7E7FF238808F0FD0840
:1067000043EA083303803B8A043B43800221584616
:1067100012F008FE3846FDF79BFF00283ED0BFF37D
:106720005B8F59E8003F013B49E80032002AF8D16D
:10673000BFF35B8F3146504614F086FC3846FBF7BA
:1067400067FED6E901780023C6E9013316483146D1
:1067500017F0EAFE27B16FF06D0241462046B847B8
:10676000B5F8FC301148002B08BF00200BF0C8F82A
:1067700013212046FFF700FE2046FFF725FC44E6E4
:106780000B4A0C490C4840F2FF2312F042FCA1785E
:106790000A4812F03EFC40F2FF2163E6FDF76CFF71
:1067A000EAE79368FFDE00BF200B00208002002094
:1067B000AF1F03003D370300660B030056230300A1
:1067C0002DE9F04140F2E243D0F88860B6FBF3F6E1
:1067D0000446B6B2031DBFF35B8F4268BFF35B8F05
:1067E000920417D5B0F88C20B24213D8B0F88E209E
:1067F000B2420FD3D0E9241291420BD1BFF35B8F89
:1068000053E8001F21F4005143E80012002AF7D199
:10681000BFF35B8F184B1D6865B155F80C7C1C3DB0
:1068200037B1B4F89230B4F8902031462046B847DA
:10683000ED69F1E7114DDFF84880454519D9114957
:10684000114A124840F2FC7312F0E3FB104812F0B8
:10685000E0FB0D4840F2FC7112F0D2FB2F6937B11A
:10686000B4F89230B4F8902031462046B84720352D
:10687000E3E7F3D3BDE8F081EC31002048FB0200F0
:1068800068FB0200DF1F0300AF1F0300660B03005D
:106890007C1A03002DE9F041074608460D4614F026
:1068A00059F8064618B900263046BDE8F0811C4B61
:1068B0001C6884B154F8103C1C3C0BB9E469F8E73F
:1068C0002946384698470028EDD0284614F042F86B
:1068D0000028F3D1E7E7134CDFF84C80444518D982
:1068E0001249134A134840F63D0312F092FB124836
:1068F00012F08FFB0E4840F63D0112F081FB294655
:10690000384698470028CED0284614F023F820B9FE
:10691000C9E7C9D2E368002BF1D12034DEE700BF1C
:10692000EC31002048FB020068FB0200DF1F03007F
:10693000AF1F0300660B03007C1A03002DE9F04132
:10694000C37804468BB900F17E06194B1D687DB1F2
:106950001C3D04F170076B691BB13A463146204675
:106960009847ED6925B11C3DF5E700F17706ECE7A6
:10697000104D114F04F17008BD4216D90F49104A4D
:10698000104840F6C51312F044FB0F4812F041FBCB
:106990000B4840F6C51112F033FB6B691BB1424640
:1069A0003146204698472035E6E7F6D3BDE8F0812A
:1069B000EC31002048FB020068FB0200DF1F0300EF
:1069C000AF1F0300660B03007C1A0300F8B5437A7F
:1069D00083720546164614F0CCFC154B1C684CB16E
:1069E00054F8043C1C3C1BB1697A3246284698474F
:1069F000E469F4E70F4C104FBC4216D90F49104A16
:106A0000104840F61E2312F004FB0F4812F001FB61
:106A10000B4840F61E2112F0F3FAA3691BB1697A04
:106A20003246284698472034E6E7F6D3F8BD00BF43
:106A3000EC31002048FB020068FB0200DF1F03006E
:106A4000AF1F0300660B03007C1A030038B5054630
:106A50000C460F480121FFF755FAC0B105722368B3
:106A60000367A388A0F87430A37980F876300123F7
:106A7000437283728370074BC0F8A830064BC0F88E
:106A8000AC30064BC0F8B030054BC0F88C3038BD88
:106A9000781C0020C96D0100B15C010019B0020032
:106AA0001800280070B505460A480E46FFF75CFA44
:106AB000044620B18378012B04D0FFF785FA002427
:106AC000204670BD3246294614F084FB0028F7D1D9
:106AD0002046F2E7781C0020F8B505460E480E4621
:106AE0001746FFF741FA044620B18378012B03D003
:106AF000FFF76AFA00240DE036B13246294614F059
:106B000069FB08B92046F3E7637BBB42FAD1237ADD
:106B1000AB42F7D12046F8BD781C002038B50446BA
:106B200008460D4613F016FF48B3164B93F8D830BD
:106B3000990707D4E37883B129462046BDE8384059
:106B400000F06ABA94F899309A07F3D5BFF35B8FD7
:106B50006368BFF35B8F5B04ECD42946204614F0D6
:106B600061FB58B92B88A4F88C306B88A4F88E3060
:106B7000AB88A4F89430EB88A4F8963038BD6FF059
:106B80001500FBE780010020F7B510F8333C044600
:106B9000A0F140068BBB304614F08EFB394B1D68CC
:106BA0004DB155F8183C1C3D1BB114F8341C30464F
:106BB0009847ED69F4E7344D344FBD4216D9344956
:106BC000344A354840F2C57312F023FA334812F0C4
:106BD00020FA304840F2C57112F012FA6B681BB10E
:106BE00014F8341C304698472035E6E7F6D3304693
:106BF00003B0BDE8F040FFF7E7B910F83E3C012BC9
:106C00003DD1BFF35B8FA0F13C0555E8003F23F475
:106C1000005245E800210029F7D1BFF35B8F9B04A8
:106C20001CD5E36C00936946636D01933046FFF712
:106C300075FF58B9BFF35B8F55E8003F23F48053CD
:106C400045E80032002AF7D1BFF35B8F4FF40061B3
:106C5000284603B0BDE8F04014F0E4B9104A1068CB
:106C600051686B4603C369463046FFF757FF00285B
:106C7000ECD14FF48051284614F0D4F9E6E703B084
:106C8000F0BD00BFEC31002048FB020068FB0200B1
:106C9000DF1F0300AF1F0300660B03007C1A030015
:106CA00070FD020010B50E4817F035FC0D490C4878
:106CB00017F03AFC0C490A4817F036FC0B49084813
:106CC00017F032FC15F07CF802F098F9044628B968
:106CD00003F072F8044608B914F012FC204610BD07
:106CE000200B0020C8310020D4310020E0310020EA
:106CF000044B186818B9044A5A600B6070476FF06B
:106D00000B007047003200207001030010B50268CC
:106D1000D2F8B4305BB90D490D480E4A4FF43C73BC
:106D200012F077F90B484FF43C7112F069F9D2F880
:106D3000B8401968C2F8B410A34200F1440008BF7B
:106D4000C2F8B8108342E6D110BD00BFA4230300EF
:106D5000660B03007323030070B5044652EA030078
:106D600007D10022134620460431BDE87040FFF7EA
:106D7000AFBA0E48007870B90D490E4A0E4840F27D
:106D8000463312F046F90D4812F043F9094840F233
:106D9000463112F035F9FAF757FF094D094ED5F88B
:106DA000B85030588542DED1DBE700BF13420020E7
:106DB000860C03005B0C0300660B0300990C0300B8
:106DC000382A0020080000002DE9F047D0F8B44030
:106DD00006460F4690463CB1443C236B53B92046CF
:106DE000FFF794FF646CF6E7FDF746FC002630469B
:106DF000BDE8F08704F13009484617F0AAFB0546C4
:106E00000028F1D0737B072B0BD03049304A314832
:106E100040F2D63312F0FDF840F2D6312C4812F091
:106E2000EFF813F03EFC0028E0D12846FBF732FBD8
:106E3000A56C06469DB9A38C058A403B9BB23F2BAF
:106E400003D8238D9D4228BF1D46042106F10C0066
:106E5000FBF73AFC0580A38C43800435A564BD4252
:106E60002BD8B6F810A0554512D100220023484671
:106E70000AF0BCFC864209D01749154A15484FF460
:106E8000816312F0C6F84FF48161C7E7FBF7C0FADF
:106E9000A38CA3F140023F2A07D8554514BF002216
:106EA0000E4AB26118BF1346F3612046FFF72EFF6A
:106EB000236B13B1204614F0DFF9A36CC8F800303F
:106EC0009F4234BFDF1B0027A76490E7BE23030067
:106ED00073230300660B0300DF23030027B40200C3
:106EE0002DE9F341424D434F04464FF00008BD42A7
:106EF00079D94149414A42484FF4D37312F089F895
:106F0000404812F086F84FF4D37110E029884B1EE8
:106F10003E2B0FD9394A3C49394840F2A91312F0A7
:106F200078F82988394812F074F840F2A9113348EA
:106F300012F066F8204614F06CFA0646019068B12B
:106F40002E4A33492E4840F2AD1312F062F82988D8
:106F5000304812F05EF840F2AD11E8E76B6801A925
:106F600020469847002839DB019B2A889A829A8418
:106F700003F11002BFF35B8F52E8001F42E800608C
:106F80000028F9D1BFF35B8F5E649E649E60A16BA5
:106F900003F1080221BBC4E90D221C60C3F80C8078
:106FA00003F1300017F0B7FA019843681B6803B18A
:106FB0009847019BBFF35B8F103353E8001F41F0EC
:106FC000010143E80012002AF7D1BFF35B8F01985B
:106FD0004368DB6913B100F110019847083586E773
:106FE0000A60A263D9E791D302B0BDE8F08100BF87
:106FF00030FB020048FB02008824030073230300D7
:10700000660B03007C1A0300EF2303001E24030019
:10701000492403005D24030070B5144A137801333A
:107020000C4613F0FF010CBF01230B4613700646FC
:1070300008BF19460822122014F0B3F9054688B19A
:1070400008210C30FBF706FB228802806288428010
:10705000A2888280E288C28029463046BDE870401E
:1070600014F0EEB96FF00B0070BD00BF703F002050
:1070700023281FD81A2804D8431E182B0ED90620FF
:107080007047A0F11B03082B1ED8DFE803F0051D95
:107090001B231D19251D0500032070470F4A0123DE
:1070A00083401A40C2B90E4A1A40002A0CBF06207B
:1070B0000120704700F07F03522B05D1002070475C
:1070C000012070470520704710F0400F14BF0020CA
:1070D000062070470420704702207047AAAA8A023F
:1070E0005455450138B50446EFF31185402383F329
:1070F0001288BFF36F8F21480DF002F868B9204A5B
:1071000020492148842311F084FF1C491F4811F0B5
:1071100080FF84211A4811F073FF18480DF014F80D
:10712000002323601A4B5A689AB9C3E900441348F4
:107130000CF0F4FF80B9124A164913484FF49973C2
:1071400011F067FF0D49144811F063FF4FF4997176
:10715000E0E714605C60EAE785F31188BFF36F8FA6
:107160000E480BF06FF8002807DA002383F311882C
:10717000BFF36F8F0323184602DF38BD543200205F
:10718000610D0300BA0D0300660B0300CF0D030071
:107190004C3200208E0D0300A50D03008C0600204C
:1071A000011F014809F0D8BD8009002008B50B4B2C
:1071B0001B7873B90A490B4A0B4840F2463311F069
:1071C00028FF0A4811F025FF064840F2463111F029
:1071D00017FFFAF739FD064B185808BD1342002077
:1071E000860C03005B0C0300660B0300990C030084
:1071F0000800000010B50446807AFAF725FF0B4B13
:1072000083420BD00A490B480B4A4FF4B57311F077
:1072100000FF09484FF4B57111F0F2FE2046FAF76D
:107220001BFF064B182202FB003010BD680B00202C
:10723000DE240300660B0300AF2403005832002055
:107240002DE9F84F834608460C46FFF7D3FFE36865
:10725000D0F808800646BFF35B8FDBF85020BFF301
:107260005B8FD20740D5228A5AB921492148224A48
:107270004FF4DA7311F0CDFE1F484FF4DA7111F0BC
:10728000BFFEE26812780271002202601B78D22BE6
:107290000DD1DBF800302146186815F0C0FB05461B
:1072A00028B12046FBF7B4F82846BDE8F88F002344
:1072B000E768D4F814A0B4F81090C6F808B01A46DD
:1072C00021460BF1040014F082F805460028EBD0AB
:1072D0006369A4F81090A7EB0A0713FA87F7E76031
:1072E000C6F808803060DFE76FF01505DCE700BF07
:1072F0000A250300660B0300AF24030070B50E4699
:10730000438D418B8B4202F1010228BF0B469A420A
:1073100005462CD83046FFF7ABFE6FF0140303414F
:1073200013F001030ED0FFF741FF124BD3F8B83032
:1073300098421AD0104B1B681A1A18BF4FF0FF3230
:10734000134601E04FF470220C480021FFF704FDC2
:10735000044640B1FFF74EFF0121856004F10C00A7
:10736000FBF778F90670204670BD0022E8E700249C
:10737000F9E700BF382A0020A0320020680B002067
:10738000F8B54FF47022074600230B480E4611F063
:10739000A2FF044670B100F10C0509212846FBF755
:1073A00037F92046FFF726FF012187602846FBF7C3
:1073B00051F906702046F8BD680B00207FB5CB68F8
:1073C0001D8804468DB15E8876B1AE420DD3102281
:1073D0000021684618F03FF805212046FFF7D0FF4E
:1073E000019058B9112007E0354601232A460421AF
:1073F000204614F016FA002004B070BD6B463146EA
:10740000084A0094284614F029FADDE9011323B94B
:107410000846FAF7FDFF0A23E8E7204614F0CBF907
:10742000E9E700BFB9B5020010B500F14C0304460E
:10743000BFF35B8F53E8001F41F0010143E80012E6
:10744000002AF7D1BFF35B8F201F14F011F904F16C
:107450006C0004490BF014F82068BDE8104001F0FE
:107460005BBD00BFC5BD0200F0B51D46036885B019
:1074700004460E4618680121174614F0B5FF38B9C6
:1074800004F1500014F00EFA50BB122005B0F0BD0C
:1074900065B310220021684617F0DDFF394620460B
:1074A000FFF76EFF029018B3BDF82830ADF8043036
:1074B00001238DF80C3029466B460E4A009428466D
:1074C00014F0CCF99DF80C3002995BB10846FAF73C
:1074D0009FFF9DF80C302A463146204614F0A1F952
:1074E0000020D3E7204614F066F9F9E70120CDE744
:1074F0001120CBE741BC02002DE9FF41036804469F
:107500000D461868012114F06FFF40B904F15000D6
:1075100014F0C8F9A0BB122004B0BDE8F08110221D
:107520000021684617F097FF0F212046FFF728FF3C
:10753000029038B3009405F10C074FF001082B8A34
:10754000012B04D80299204614F035F918E038468A
:1075500011F0F7FE6B460C4A8DF80C80014606468A
:1075600014F07CF99DF80C30002BE8D00298FAF763
:107570004FFF9DF80C3032460E21204614F051F991
:107580000020C9E71120C7E741BC02002DE9FF41F7
:10759000036804460D461868012114F025FF40B920
:1075A00004F1500014F07EF9A0BB122004B0BDE835
:1075B000F08110220021684617F04DFF212120465E
:1075C000FFF7DEFE029038B3009405F10C074FF090
:1075D00001082B8A012B04D80299204614F0EBF8FD
:1075E00018E0384611F0ADFE6B460C4A8DF80C8061
:1075F0000146064614F032F99DF80C30002BE8D015
:107600000298FAF705FF9DF80C30324620212046FB
:1076100014F007F90020C9E71120C7E7BDBB02003D
:107620002DE9F0430F4687B00446062107F10C0010
:10763000FBF788F80588EDB1B0F80280B8F1000FCB
:1076400017D0A84516D3002382888DF800308DF816
:10765000043001A94FF420536846D7F80C90ADF8D8
:107660000220ADF8063012F09AFF064660B10A23F8
:1076700001E0454601232A460621204614F0D1F8B0
:10768000002007B0BDE8F0830146142201A83F7C2A
:1076900017F0E1FE07212046FFF772FE0290D8B1F5
:1076A0000A238DF81530414601AB0C4A0194284657
:1076B000CDE903698DF8147014F0D0F89DF81530F9
:1076C00002992BB10846FAF7A3FE9DF81530D2E7D0
:1076D000204614F070F8D3E71120D2E771B9020008
:1076E0002DE9F0410E8A043EF6B2022E04468CB01B
:1076F000084601D0102E76D104210C30FBF722F879
:107700000DF1040805884788011D3246404612F0F5
:1077100073FF002869D085B377B3BD422DD8606868
:10772000012114F061FE064678BB8DF8000042F698
:10773000020369464046ADF8023012F030FF20B334
:1077400042F6030306A940468DF81860ADF81A30DA
:1077500012F025FFC8B1012D03D14FF6FF739F42F0
:1077600013D004F1500014F09DF8002814BF00203D
:1077700012200CB0BDE8F0813D4601232A460821C5
:10778000204614F04EF80020F3E7182200210DEBFC
:10779000020017F060FE09212046FFF7F1FD089076
:1077A000F8B101210C30CDE90648FAF753FF002368
:1077B000099003700A238DF82C30394606AB0C4A29
:1077C000284614F04BF89DF82C3008992BB1084648
:1077D000FAF71EFE9DF82C30D0E7204613F0EBFFA1
:1077E000D1E71120C5E70420C3E70E20C1E700BFA1
:1077F000F17A01002DE9F0410E8A043EF6B2022E24
:1078000004468CB0084601D0102E64D104210C30FF
:10781000FAF798FF0DF1080805884788011D3246E0
:10782000404612F0E9FE002857D0A5B300268FB3DA
:10783000BD4230D84FF4205301A940468DF8046072
:10784000ADF8063012F0ABFE48BB1422002107A8A9
:1078500017F001FE11212046FFF792FD0990002844
:1078600037D001210C30CDE90748FAF7F3FE0023A9
:107870000A90394603701A4A0B93284607AB13F057
:10788000EDFFDDE909131B78FBB90846FAF7C0FDE7
:107890000A2301E03D4601232A4610210EE042F66C
:1078A000010307A940468DF81C60ADF81E3012F0A8
:1078B00076FE0028C9D010232A461946204613F028
:1078C000B0FF00200CB0BDE8F081204613F073FF3C
:1078D000F7E71120F6E70420F4E70E20F2E700BFF7
:1078E000397A0100F0B51D4603680E46003987B0AD
:1078F000044618BF01211868174614F075FD40B9F9
:1079000004F1500013F0CEFF002844D0002007B04F
:10791000F0BD002D41D018220021684617F09BFDD4
:1079200047BB23681E4A1B6800930023ADF8123042
:107930000C9B0393BDF83430ADF8103001238DF863
:10794000143029466B4628468DF8086013F086FFF0
:107950009DF81430C3B1002FD8D00198FAF758FD24
:10796000002ED3D09DF814302A461221204613F061
:1079700058FFCBE7002213212046FFF7BFFC019000
:107980000028CED11120C2E701990029BED020469F
:1079900013F011FFBAE71220B9E70120B7E700BFE3
:1079A00047B502002DE9F0410B8A04460D46002B35
:1079B0003AD00668012105F10C00FAF7C3FE737B8B
:1079C000072B074630D154F8043C6BB30178194EAD
:1079D000043C002316F8330088424FEAC30806EB44
:1079E000C30211D1298A5378994220D3536829467A
:1079F0002046984703464644B278012A14D19BB1E9
:107A0000397889B100220CE001330C2BE2D1084611
:107A1000FFF72EFB2122C24012F0010204D119B15E
:107A20000623204613F0FDFE0020BDE8F08104236C
:107A3000E1E700BF980103002DE9FF4105460E462E
:107A40004FF000084FF42053006817688DF8088045
:107A500002A91446ADF80A3012F0A1FDA0B142F619
:107A6000010328688DF80C8003A9ADF80E3012F0E0
:107A700096FD48B123691BB15A88B24200D25E809C
:107A8000012004B0BDE8F0816168286812F087FD2C
:107A900010B100232361F3E7E368A0681A786AB1A4
:107AA000B7F82AC0798B038A8C4594BFC3EB0C03CB
:107AB000C3EB0103934201DA0020E2E704210C301A
:107AC000FAF7C8FD2061068023695E80074B0093AA
:107AD0000194A26800232946384613F0E6FF0028E7
:107AE000EADB2069003818BF0120CAE7D9B60200D6
:107AF0002DE9F34717680546894600685168D7F8AD
:107B000004A0144612F04BFD804600284BD195226C
:107B10002946504614F0F6FB0646207540B1E3684E
:107B20001B780BB184F81480002002B0BDE8F08708
:107B30002946504614F09EFC10B908232375F3E73C
:107B4000A0682675FAF7BEFC02210C30FAF782FD18
:107B5000164B2061A0F8009000930194A268334670
:107B60002946384613F0A1FF002807DA10F1FF0F6D
:107B700026BF4042C0B20E202075D5E72369002BF6
:107B8000D2D0A06813F0C7FC7B8B7A8D9A4294BF49
:107B9000C0EB0200C0EB0300E3681B78984294BF7F
:107BA00000200120C1E70120BFE700BF27B5020088
:107BB000F7B5002304460E462A480022694609F01C
:107BC0003FF80546C0B9FFF7F1FA274B2946186080
:107BD0002822009817F03FFC009B24481C60009C62
:107BE0000195C4E90155C4E908550022002301A903
:107BF00009F026F8054620B16FF00B05284603B0C2
:107C0000F0BD0146A822019817F025FC0198184BF9
:107C10008360583016F07FFC019BBFF35B8F5033BD
:107C200053E8002F43E800510029F9D1BFF35B8FDF
:107C3000019B1C60236A019F1BB904F10C0016F024
:107C40006AFC226AC7F8A020626A07F1A0032362D7
:107C500002B96362019B17225A855A830433336049
:107C6000CCE700BF60090020A0320020800900207E
:107C7000640600202DE9F74F0646EFF311874023F5
:107C800083F31288BFF36F8F5E480CF039FA68B93E
:107C90005D4A5E495E48842311F0BBF959495D484D
:107CA00011F0B7F98421584811F0AAF95A4D5548F6
:107CB0000CF04AFA284613F024FC2B680093044683
:107CC00050480CF02BFA68B94F4A544950484FF4C9
:107CD000997311F09EF94B49514811F09AF94FF4FC
:107CE0009971E0E787F31188BFF36F8F002C62D0A2
:107CF0002046FFF77FFA0021036901931822D0E99B
:107D00000257D0F800B090F80480B0F806A017F041
:107D1000A2FBA07AFAF798F96169814651B1627ABB
:107D2000D00705D4D9F824201268204692689047DD
:107D3000002262612146484616F001FCB8F1000FAE
:107D400029D045B32B6833B31B6823B3BBF1000FB5
:107D500021D1281D13F0A4FF4046FFF789F9012324
:107D600003FA00F010F0140415D110F0090F25D11A
:107D700010F0220F36D0BFF35B8F2B6DBFF35B8FFC
:107D8000DA0708D56B6D33B14FF47022002305F18B
:107D900070000AF0ADFC009B6BB13146002016F07C
:107DA0003DFC002807DA002383F31188BFF36F8FAF
:107DB0000323184602DF03B0BDE8F08F2B68D3F829
:107DC0000080BFF35B8F2B6DBFF35B8FDB07E2D5CA
:107DD000002FE0D0A3B25345DDD201994046B84709
:107DE0000134F7E70F4A1049094840F2163311F001
:107DF00010F90E48062111F00CF90A4840F216312C
:107E000052E700BF54320020610D0300BA0D030099
:107E1000660B0300CF0D03004C3200208E0D0300D3
:107E2000A50D0300AF2403003D37030030250300F8
:107E300037B50023019305460C46FFF7B7F90E4B03
:107E40001B68834204D00D4BD3F8B830834201D174
:107E500000252C4601A90A482A46234608F0F0FED0
:107E6000014630B901981C2217F0F5FA019803B0C9
:107E700030BD0020FBE700BFA0320020382A0020E0
:107E8000A009002010B50446806818B1FAF7C0FABE
:107E90000023A36021460248BDE8104008F05CBF03
:107EA000A00900202DE9F743044670300F469046A4
:107EB0001E460AF023FC606D48B9201D00F028F82A
:107EC0006068132103B0BDE8F043FEF755BA0F4BCD
:107ED00098424FF0000317D045684360606DD0F8BA
:107EE0001890FFF7CFFF00232068636513F033FC81
:107EF0003DB12068CDF80090006843463A463146CF
:107F0000A84703B0BDE8F0831D46ECE7A43200208B
:107F1000F7B550F8044C0546002C59D000F19C01EF
:107F200004F1200013F0A5FC2E1F05F154070022D8
:107F30000023384609F05AFC024678BB2B6D2BB162
:107F400001466FF067033046FFF7ACFF002345F8AA
:107F5000043C05F14C03BFF35B8F53E8001F21F095
:107F6000010143E80012002AF7D1BFF35B8F236AB7
:107F700073BB04F10C0600220023304609F036FCE6
:107F800078B9666886B913482660214608F0E4FE91
:107F9000286803B0BDE8F04001F00CB8FAF738FAF1
:107FA000C5E7FAF735FAE6E7A268336863609642F8
:107FB00008BFA36077683FB1B369009300232068CE
:107FC0001A466FF06701B8473046FFF75BFFD8E706
:107FD00003B0F0BD6009002070B50D4658B92249C4
:107FE000224A234840F6CA7311F013F840F6CA71CA
:107FF0001E4811F005F849B91E491C4A1C4840F6B4
:10800000CB7311F006F840F6CB71F1E713F07DFE6B
:10801000044628B92846FAF7FBF96FF07F0070BDD7
:1080200000F10C062946304616F07EFA246AC4B1E7
:1080300054F8A05905B1A03D0022104607E02246A1
:108040007DB1D5F8A03003B1A03B2C461D46831C62
:1080500001D1002AF4D13146204613F04AFC002811
:10806000EDD10020DBE700BFBB220300AF240300FB
:10807000660B0300531E030038B50C46054658B97D
:108080001849194A194840F6DF7310F0C2FF40F64C
:10809000DF71154810F0B4FF49B91549124A134869
:1080A0004FF47E6310F0B5FF4FF47E61F1E70BF003
:1080B00063FA284613F029FE20B90BF0CFFA6FF0CF
:1080C0007F0038BD0023236083683BB9C0E90144C9
:1080D00013F041FB0BF0C2FA0020F2E71C60846051
:1080E000F6E700BFBB220300AF240300660B0300CA
:1080F0004925030038B5054648B1154B13F8011C56
:108100001A465C1E13F066F858B1204606E0114985
:108110000F4813F0FAFE78B10D4B581E38BD002001
:10812000FCE7217C04F11102284613F053F80028E3
:10813000F5D004F11000F1E7054B064903F11000FA
:1081400013F0E3FE0028EAD0014B03F10F00E5E74E
:10815000D93200206744030070B50E4C2378834267
:1081600005460E4603D1601C13F0CFFE68B9237B91
:10817000AB420CD10848314613F0C7FE20B10120B4
:10818000404200F00C00204470BD0020F8E70020C1
:10819000FAE700BFAE3E0020BB3E002070B54A1C8F
:1081A0000C46054688B90E49104613F0AEFEA8B934
:1081B00004F10A0604F10B025DB1A17A284613F01E
:1081C00009F800B90026304670BD097813F002F8AE
:1081D000EDE70349104613F098FEF2E72646F2E772
:1081E00067440300024608B50849013013F0AAFEAF
:1081F000002313720C32BFF35B8F52E8001F42E87A
:1082000000300028F9D1BFF35B8F08BD674403003D
:108210002DE9F04180460F4616461D46FFF79CFFAC
:10822000044648B90E49FFF797FF044650B100F8DD
:10823000018B394613F086FE23892BB962892AB94E
:1082400026816581BDE8F0819E4204D36289AA42FD
:10825000F8D29E42F5D263892681AB42F2D2F0E792
:10826000674403002DE9F047284B164682689A427E
:1082700007462BD1C568AB8A43B36C1C05F11509C1
:108280004FF00008B4F807309BB114F8011C2246E7
:10829000304612F09FFFE0B914F8010C2146FEF7BA
:1082A00001FC30B1437B072B08BF48F00108FDF704
:1082B0008BFE0A344C45E5D1B8F1000F06D1AB690D
:1082C000A5F8148013B14146384698470120BDE80F
:1082D000F08706F1700A307A514612F0CAFB78B97D
:1082E0000B4B9D4202D1304613F0C4FE0949204693
:1082F00013F028FE002304F8013CA4F80730D8E767
:108300005146204613F01EFED3E700BF198301003B
:10831000B4060020674403002DE9F8431E46BDF86B
:108320002030D1F80C8081460F46002B3DD1731EC2
:10833000012B3DD8012E41460CBF15781588FFF75B
:108340002DFF044680B915B93046BDE8F883414693
:10835000FFF724FF044670B309F17001013013F0F8
:10836000F1FD99F808302370D8F81C308BB92581BD
:10837000B8F81430AB4203D04146384613F0E9FD5B
:10838000002DE1D10D49601C13F0DCFD2570258125
:10839000DAE72A463946484698470028D5DB0138AF
:1083A0000128E4D96FF00D00CFE76FF00600CCE7AD
:1083B0006FF00C00C9E76FF01000C6E767440300D8
:1083C00010B51449BFF35B8F044651E8003F23F01A
:1083D000020341E80032002AF7D1BFF35B8F084661
:1083E00013F09BFDC20705D500220023A1F1300048
:1083F0000AF07EF9204613F036FD50B12046FFF713
:1084000079FE30B1037ADB0703D5BDE8104013F0E5
:10841000ACBE10BDF81D002010B51E48012113F0A0
:1084200082FDC30735D402211A4813F07CFD0840B1
:108430001FD11949194A0B88194CA24216D900B10B
:108440000B801849184A194840F26B5310F0E1FDAF
:10845000174810F0DEFD144840F26B5110F0D0FDCB
:10846000506803449BB208320120E6E7F8D300B11C
:108470000B80104910480AF003F80F484FF4A4721B
:108480000023FBF787FCBDE810400C490C4809F0BD
:10849000F7BF10BDF8320020C63E002068FB020086
:1084A00080FB0200842503004D250300660B0300BA
:1084B0007C1A030055870100581D0020418B0100E4
:1084C000C81D00202DE9F041034698B3008A88BBFF
:1084D0001A49DFF86CE001244FF0140C714528D9DB
:1084E0001849194A194840F2E76310F092FD1848FC
:1084F00010F08FFD144840F2E76110F081FDD1E9E2
:108500000076BB4204D30CFB0672143A93420ED998
:108510003444A2B208311446E0E70CFB0578434529
:108520000AD001356219B54292B2F6D1F2E70025C0
:10853000F8E7E4D3BDE8F0811046FBE768FB0200F2
:1085400080FB02007D2503004D250300660B030020
:108550007C1A03002DE9F74FBDF830500091994681
:108560004FF6FF73002D08BF1D462B4B1B8883421F
:108570000746904632D203B0BDE8F08F8958019388
:10858000404612F00CF8019B90B101340AF1010A47
:10859000A4B2736853452CD9009B9C42EBD8BC42D3
:1085A000F3D331680BFB0AF28B18B8F1000FE5D159
:1085B000B9F1000F0BD1013DADB218460E9A0D9BDB
:1085C00021469847002DD6D00028DED1D3E7DA68BF
:1085D0009145DAD1EFE74FF0000ADAE70F4E0124B8
:1085E0004FF0140B06E0C6D273682344BB42F2D2AC
:1085F0009CB208360A4B9E42F5D90A490A4A0B48F2
:1086000040F2AF7310F005FD094810F002FD064876
:1086100040F2AF7110F0F4FCC63E002068FB02008F
:1086200080FB02007D2503004D250300660B03003F
:108630007C1A030030B5E5B01022002101A816F025
:108640000AFF182200210DEB020016F004FF4FF480
:108650001053ADF81430204D8023ADF816304FF490
:108660008063CDE9073501A962AB102205A80DF0A2
:1086700073F80CAC014660BB4FF4AC72204616F0A8
:10868000EAFE62992A46204616F021FB08BB134AEF
:1086900023464FF6FF71012013F029FE104905AB68
:1086A0001022204616F028FB054662980DF016F8B9
:1086B0007DB90B4B082203F11001187811F8014D18
:1086C00003F8014B013A0870F7D10648082113F06E
:1086D0002AFC65B030BD00BF0002C003C1C002006B
:1086E000481D0020F81D00202DE9F0411649BDF875
:1086F00018700446A1F1300015461E460AF05AF8DB
:10870000124813F00AFC010701D4FFF793FF20463B
:10871000FFF7F0FC68B1037ADA070AD500F10C0420
:10872000204613F0FAFBC30703D40221204613F0BE
:10873000FAFB102306933A4631462846044BBDE81F
:10874000F04113F02ABC00BF881D0020F81D002056
:10875000481D002008B5054813F0DFFB030703D4CC
:10876000BDE80840FFF766BF08BD00BFF81D002048
:1087700007B500230193FFF7A5FE411C89B2084607
:10878000034A01AB13F0B3FD019803B05DF804FB9D
:10879000CFBE02002DE9F0410C4686B015460646D4
:1087A00070B96449644A654840F60E5310F031FCD4
:1087B000634810F02EFC40F60E515F4810F020FC8C
:1087C00061B960495C4A5D4840F60F5310F021FCE6
:1087D0005B4810F01EFC40F60F51EEE7437B072B81
:1087E00040F0A48000238DF81430206842F6030383
:1087F00005A9ADF8163011F0D2FE18BB6768002F3E
:1088000000F094800090012304AA2146B847012873
:1088100040F08C809DF8103013F0300F00F086800F
:108820002046FFF7A5FF044660B94649424A43483F
:1088300040F62D5310F0EDFB434810F0EAFB40F6F4
:108840002D51BAE7002320688DF8143005A942F6AF
:108850000213ADF8163011F0A2FE88B12046FFF7E2
:1088600087FF044660B93749334A344840F63353EA
:1088700010F0CFFB344810F0CCFB40F633519CE7AE
:10888000002742F6021820688DF8087002A9ADF89A
:108890000A8011F084FEF8B9002320688DF81430A6
:1088A00005A942F60213ADF8163011F078FE002843
:1088B0003CD16768002F39D00090022305AA2146D9
:1088C0003046B847022831D1BDF8143005EA03001C
:1088D000003818BF01202AE020688DF80C7042F69D
:1088E000030303A9ADF80E3011F059FE0028D3D0D0
:1088F00020688DF810704FF4205304A9ADF81230A1
:1089000011F04DFE0028C7D020688DF8147042F693
:10891000010305A9ADF8163011F041FE0028BBD0C7
:108920002046FFF725FF04460028ACD1002006B002
:10893000BDE8F081BB2203004D250300660B030058
:10894000AC250300C1250300C62503002DE9F8432B
:108950001546894694226968064613F0D3FC804682
:10896000002842D1696802223046FFF713FF002831
:108970003ED04FF470200021AF8AFFF759FA02373A
:10898000044680B11C4B47611D214174C0F80C8026
:10899000436085613A46304613F0EDF9074638B931
:1089A0002046FFF76FFA6FF00B052846BDE8F88305
:1089B00001234246414613F07EFAA98A07F10C00D2
:1089C0000231F9F747FE20F8029BAA8A296916F0BE
:1089D0001BFDA76021463046FFF74EFB05460028E9
:1089E000E3D02046FFF74EFADFE74FF0FF35DCE734
:1089F0006FF01505D9E700BFD5BE020030B50546BA
:108A00008BB00C4671B94649464A474840F6B333E5
:108A100010F0FFFA454810F0FCFA40F6B331414837
:108A200010F0EEFA4B6873B90B6863B940493D4AE0
:108A30003D4840F6B43310F0ECFA3C4810F0E9FA47
:108A400040F6B431EBE73B4813F067FA420761D5D3
:108A500015B16B7B072B60D160680590FFF732FD85
:108A60002268ADF818003AB305A902913249019184
:108A70000121002300914FF6FF710593FFF76AFD76
:108A8000059B1BB96FF001000BB030BD6360059B07
:108A9000186800238DF8103004A942F60303ADF8DE
:108AA000123011F07CFD70B90598C3689B799B0664
:108AB00005D46FF01500E7E70028E8D1E2E713F0EE
:108AC000CFFBADF81800BDF818003DB101230146F9
:108AD000A37522462846FFF739FFD5E76FF07F03DD
:108AE00007930223ADF8203042F60213ADF812309E
:108AF00005ABA5750293114B01930123009304AAC2
:108B00002B464FF6FF7109948DF81050FFF722FDA8
:108B10000798B9E76FF00A00B6E76FF07F00B3E798
:108B2000DC2503004D250300660B0300E32503004D
:108B3000F92503005402002003BF0200018E01004A
:108B400037B500F130040346A0F12001204613F0B0
:108B5000E4F9C0F3400280070ED51C491C4A1D48A9
:108B600040F2BA4310F055FA1B4810F052FA184878
:108B700040F2BA4110F044FA53F8080C0190BFF3E8
:108B80005B8F54E8000F20F0010044E80005002D41
:108B9000F7D1BFF35B8F114843F81C0C104843F822
:108BA000180C01A843F8100C042023F80C0C23F82F
:108BB000082C23F8062C1046FFF720FF18B90221D5
:108BC000204613F0B0F903B030BD00BF16260300F5
:108BD0004D250300660B0300472603003402030003
:108BE000C18301002DE9F047304B174682689A4255
:108BF000064658D1D0F80C803C6808F1010508F110
:108C00001509B5F80730FBB115F8011C2A462046B6
:108C100012F0E0FAC0B14FF495723146204613F0DD
:108C200071FBA8B103280FD0052820460CBF4FF0D8
:108C3000030A4FF0020A12F0C7FA824508D93B79BD
:108C4000534501D287F804A00A354D452BD0D8E70B
:108C50004146304613F07DF9154B984523D1207AD3
:108C600004F17001FFF778FA0546E0B103890BB90A
:108C70004389C3B12046FDF7FBFA0E4B2A8923F83E
:108C8000202003EB80036A890B495A80182202FBDB
:108C900000110A4A4A600B61094A8A60042320468F
:108CA0008B82FFF7ABFE0120BDE8F087198301003E
:108CB000B4060020AA3E0020C03200203402030087
:108CC000F9C1020030B505468BB00C4671B9444974
:108CD000444A454840F6D22310F09BF9434810F02F
:108CE00098F940F6D2213F4810F08AF94B6873B9E1
:108CF0000B6863B93E493B4A3B4840F6D32310F02A
:108D000088F93A4810F085F940F6D321EBE7394865
:108D100013F003F942075DD515B16B7B072B5CD1CE
:108D200060680590FFF7CEFB2268ADF818003AB3F3
:108D300005A90291304901910121002300914FF6CC
:108D4000FF710593FFF706FC059B1BB96FF001004F
:108D50000BB030BD6360059B186800238DF81030A0
:108D600004A942F60303ADF8123011F018FC70B9F3
:108D70000598C3689B79DB0605D46FF01500E7E71B
:108D80000028E8D1E2E713F06BFAADF81800BDF85F
:108D900018002DB101462246284613F0EEFAD7E717
:108DA00042F60212ADF8122005AA6FF07F0302927C
:108DB000124A07930123CDE90032ADF8203004AA0E
:108DC0002B464FF6FF7109948DF81050FFF7C2FB48
:108DD0000798BDE76FF00A00BAE76FF07F00B7E7CA
:108DE000DC2503004D250300660B0300E32503008B
:108DF000F92503005402002003BF0200018E010088
:108E00002DE9F84F404B144682689A4280463AD189
:108E1000D0F80C903D4B99451DD13D4D00263D4964
:108E2000284613F072F878B915F8010C0722294684
:108E3000FDF752FE50BB236915F8010C1A6929464B
:108E400053881288FFF7E4F9731C022B05F10C0517
:108E50004FF00106E3D109F1010709F1150AB7F84E
:108E60000720A3899A420BD117F8010C3946FDF768
:108E700019FE064620B1437B072B0AD0FDF7A4F864
:108E80000A375745EBD14FF0010B2AE0FDF79CF86C
:108E9000DAE7D9F8203023B14146984708B930467F
:108EA000ECE794224146304613F02CFA8346002822
:108EB000F5D1A389022B17D1B7F807309A0720D52F
:108EC0002269A1883046FFF741FD054618B922699D
:108ED000937D013393753046FDF776F8002DA5603C
:108EE000CEDA5846BDE8F88F012B0AD1B7F8073023
:108EF000DB0706D52269A188304613F03EFA054605
:108F0000E9E75D46E7E700BF19830100B4060020EA
:108F1000AF3E00206744030013B50B4A00904FF6A4
:108F2000FF7104466B4601208DF8040013F0DFF951
:108F3000204612F049F99DF80410884202D22046DA
:108F400012F00DF902B010BDE58B01002DE9F041E2
:108F50000D4B1B6806460F46904623B153F8044953
:108F600004B1043C0BB9BDE8F0811B681BB142465B
:108F70003946304698472CB1656805B1043D234613
:108F80002C46EFE72546FAE7FC32002013B5084AE5
:108F9000009004466B4601204FF6FF718DF80400E7
:108FA00013F0A5F90021204613F01EFA02B010BDFF
:108FB000E58B010070B503460F4A04464FF6FF717A
:108FC000012013F094F92046FFF794F8054688B184
:108FD00004F17006207A314611F04BFD20B9284685
:108FE000BDE87040FFF7FEB83146681CBDE8704030
:108FF00012F0A8BF70BD00BF658201007FB54FF4BD
:109000002052ADF8162004AA02920B4A0023012038
:10901000CDE900324FF6FF7105AA04938DF81430A4
:10902000FFF798FA049B012B14BF6FF01500002086
:1090300007B05DF804FB00BF7DC40200064BD3F807
:10904000EC0028B9054AC3F8F020EC330B607047F8
:109050006FF00B00704700BF001E0020AC02030041
:1090600008B501460448044B13F026FA043B0028D7
:1090700014BF1846002008BD041E002010B50C4A7D
:1090800011680C4ABFF35B8F00F5B47353E8004FCF
:10909000944204D143E8001CBCF1000FF6D1BFF3A9
:1090A0005B8FBFF35B8FD0F86801BFF35B8F10BDA0
:1090B000FC310020001E002008B5FFF7DFFFB8B12B
:1090C000036843B1426832B1826812B90B4A127820
:1090D0003AB904200BE0094A127812B10BB1826848
:1090E00042B9426842B9002B14BF0020032008BDDA
:1090F0000320FCE70120FAE70220F8E7713F002097
:1091000038B5051D04460821284613F03BFA0649E8
:1091100004F15700FCF714FD20B12846082113F094
:1091200009FA082038BD00BFB3CA020038B5EC22E6
:109130000546002116F08FF9102105F1270005F0F2
:10914000BFF8044648B90521284613F01BFAFCF77E
:10915000E7FC034B1860204638BD0824FBE700BF3E
:109160000433002070B50E4686B00446FFF786FF34
:10917000F36804F137020546114603F1100053F875
:10918000046B41F8046B8342F9D1237A052B40D854
:10919000DFE803F0172323033F6502AB4549009343
:1091A000096804F1270304F1570001F009F880BBB6
:1091B0000A21201D13F0E6F9AB680299D4F8EC00FF
:1091C000984720460D2113F0DDF9201D102113F0E2
:1091D000D9F9204613F02EFA19E094F8DC10D4F8EF
:1091E000D83002ADCB403349009503F00103096844
:1091F00043F0800304F1570013F09FFD48B910229B
:10920000294604F1170016F035F920B1042006B004
:1092100070BD0820FBE70321204613F0B3F913F0DB
:1092200009FA0028F5D194F8DC300133DBB2142BB5
:1092300084F8DC3009D10D21204613F0A3F9102168
:10924000201D13F09FF90020E1E7102104F1270011
:1092500005F036F8003818BF0120C000D7E710210C
:1092600004F1270005F02CF80028D2D105B3EB68F3
:10927000F3B1114BE27A1B88ADF80830A37C12F0F1
:10928000010F08BF0320DB0703D5002814BF01200E
:1092900002200023C4E938338DF809000C21201D79
:1092A00013F070F9EB68D4F8EC0002A99847CAE70C
:1092B0000220ACE704330020ECFD020073B5047A11
:1092C000022C054623D844B190F8DC30D0F8D840C1
:1092D000DC4004F0010444F080040321284613F02C
:1092E0008AF90646A8B110210C30F9F7B3F90090BD
:1092F0000F482346006805F1270205F1570113F0D6
:109300001CFD044650B13046F9F782F801E0032C09
:1093100002D0082002B070BD0024DEE731462846A6
:1093200013F019F9281D214613F004F92046F1E73E
:1093300004330020F7B50446FFF7A0FE261D0546BE
:109340000E21304613F0B8F838B9474B202219687F
:1093500004F1570016F08EF890B30C21204613F05C
:109360004AF9074660B340210C30F9F773F93E4BD8
:109370001B680246014603F1200053F804CB41F874
:1093800004CB8342F9D1203203F1200153F8040BBE
:1093900042F8040B8B42F9D13946204613F0DBF832
:1093A000237A052B0CD8DFE803F0033D0E030B5A9C
:1093B0000421204613F0E6F8FFF780FF002840D094
:1093C000082003B0F0BD2046D4F8EC70FFF756FE3D
:1093D000042105464FF0FF330DEB0100019304F02B
:1093E0006FFF0028ECD1019B204AB3FBF2F102FB96
:1093F00011330193C4F8D83084F8DC0055B12B68E0
:1094000043B10B21304613F0BDF82B68D4F8D810C7
:10941000384698470321204613F0B4F80E2113F084
:10942000B1F80EE02046032113F0ACF80E2113F042
:10943000A9F830460A2113F0A5F86B68D4F8EC00BF
:1094400098473046072113F09DF80820FFF708FEE3
:1094500040B9204603B0BDE8F040FFF751BE0421FB
:109460002046DCE70020ACE70433002040420F0038
:1094700070B50E460546FFF701FEF36805F1570487
:10948000224603F1200153F8040B42F8040B8B42EF
:10949000F9D105F1770203F1200153F8040B42F8EA
:1094A000040B8B42F9D12046FCF7AAFA18B3281D09
:1094B0000E2113F067F8D5F8EC40D4F8A40080B979
:1094C000207A04F1700100F085FCC4F8A40040B9D2
:1094D000104B1C68B4B9281D062113F053F8204620
:1094E00008E0438A03F02403002BF1D0437C9B0760
:1094F000EED4032070BD2046FCF78EFA0028E7D199
:109500000B20F7E72846FFF715FF003818BF0120AA
:10951000C000EFE70433002038B512490446A0F13B
:10952000EC054C3008F0ACFF284613F0C4F9BFF34B
:109530005B8F0D4A04F17C0353E8001F43E80020D1
:109540000028F9D1BFF35B8FBFF35B8F80344FF0FE
:10955000FF3354E8002F44E800310029F9D1BFF36C
:109560005B8F38BDF1CB0200001E002038B5174BD1
:109570001B78054623B301F00F042846FFF79CFD36
:10958000134A03280CBF04F00B0444F0040405F54F
:10959000B6731278BFF35B8F53E8001F013103D11C
:1095A00043E800200028F7D1BFF35B8FBFF35B8F48
:1095B000D5F86C31BFF35B8F2BB144F0010038BD9F
:1095C00001F00704D9E704F0FE00F8E7713F00203E
:1095D0003C090020F8B50D46D0F8EC700446FFF7C2
:1095E0004DFDED68EB78102B01D00620F8BDD7F8C3
:1095F000A430002B73D0261D0F21304612F05CFFE3
:1096000020B92046FFF792FD002871D10123637233
:109610002B68C4F80A30AB88E38102232374A9784D
:109620002046FFF7A3FFE0742046FFF745FD102317
:10963000607423752B7903F0030363756B7903F072
:109640000103A375E37C1A0754D40521304612F0B8
:1096500033FF00285CD0574B1B78A374E37C98063B
:1096600006D5AB78990603D51421304612F08AFF4F
:10967000E37CDA074ED5AB78DB074BD50D213046BE
:1096800012F080FFA37D84F8E830637D84F8E93030
:109690000321304612F076FF237BE17C2D7803EA2C
:1096A0000102100704D5E27AA07C0243D20735D428
:1096B000042D35D80B4313F0040307D02046FFF7E1
:1096C000FBFC3D4B05EB85052B441B5C2372D7F857
:1096D000A410204612F0F9FE20BB032086E7387A5A
:1096E00007F1700100F076FBC7F8A400002882D1D2
:1096F00008207BE7AB781B07A7D50521304612F081
:1097000041FF637D03F0020363750023A3759CE7AB
:109710002A4BA1E700236375A375B3E70523D5E7BB
:109720000023D3E7D4F8EC309B7A032B33D022D834
:10973000013B012BDCD80521304612F0BDFE00288C
:10974000CBD00C21204612F01DFF022112F053FF56
:1097500005460028CCD006210C30F8F77BFFD4F862
:1097600011300360B4F8153083802946204612F08A
:10977000F2FE00203AE7042BBAD1237D627B9342AC
:1097800028BF1346102B7FF430AF0521304612F06E
:1097900093FE0028A1D0237A002B9ED005213046CD
:1097A00012F08AFE0028C6D1237A013B012BC2D8D1
:1097B00093E700BF733F00201E450300723F002067
:1097C0002DE9F041C778012F044604D06FF015044D
:1097D0002046BDE8F08112F068FE0546002800F042
:1097E000A980061D0421304612F066FE002840F0D4
:1097F000A4800321304612F05FFE10B16FF00F0419
:10980000E6E73946304612F057FE0028F6D12846E2
:10981000FFF734FCD5F8EC309B7A032B074640D099
:1098200030D8013B012B46D90F21201D12F044FEF8
:109830000028CBD1D4F8A40090B904F17007217AA4
:109840003A46202000F028FBC4F8A40040B9217A51
:109850003A46042000F020FBC4F8A4000028B5D04C
:10986000438A13F0240FB1D0A27A022A23D9417C73
:10987000C907ABD5032A1ED09B06A7D5037C102BA6
:10988000A4D118E0042BCFD12846FFF715FC0328FC
:1098900004D1002FC8D0FB68002BC5D0284B1B7803
:1098A00007E02846FFF708FC032804D1002FBBD0AF
:1098B000FB68002BB8D0D4F8A4303BB12846FFF7A2
:1098C00035FC044670B16FF0680481E7207A04F13A
:1098D000700100F07FFAC4F8A4000028EED16FF008
:1098E0000B0475E70B21284612F085FE0746002879
:1098F000E9D001210C30F8F7ADFE09218046284659
:10990000FFF734FE234688F800002246394605F169
:10991000EC0011F05CFD044618B13846F8F778FD0C
:1099200056E730460F2112F02DFE0121284612F095
:1099300029FE4DE76FF07F044AE76FF0040447E724
:10994000713F0020F8B5D0F8EC40D4F8A4300546BB
:10995000061D002B6DD049BB384B0D21304612F04F
:10996000ABFD1B68074623B153F80C6906B10C3EEA
:1099700073B9284612F09FFF637B072B5DD1627A93
:10998000A37A9A4259D02046BDE8F840FFF718BFA5
:109990001B6813B13946204698472EB1F26802B1D0
:1099A0000C3A33461646E3E73246FAE70139C9B2C4
:1099B0000E2998BF224A1B7C94BF575C0927002BB5
:1099C00030D1D4F8A40000F045FB0023C4F8A43043
:1099D0000221304612F070FD40B9072F96BF194B97
:1099E0001F21D95D3A462046FCF7F0FF032130469F
:1099F00012F062FD0028BCD0104B1B68002BB8D0C1
:109A000053F80C6906B10C3E002BB2D05B6813B161
:109A100039462046984776B1F26802B10C3A33468F
:109A20001646F1E70221304612F046FD0028C8D163
:109A3000CEE70927CCE73246F1E7F8BDF431002044
:109A40000F450300FE4403001D4B10B5044618608B
:109A50001C484FF0FF324FF0FF3307F04FFC58B176
:109A600019491A4A1A4841F23B330FF0D2FA41F22F
:109A70003B3116480FF0C4FA164808F04BFF114866
:109A800007F004FD48B11049104A11484FF49A53A9
:109A90000FF0BFFA4FF49A51EBE77CB10E4CBFF3D5
:109AA0005B8F2368BFF35B8F5B0607D5201FFFF733
:109AB00041FC18B10821201F12F0B4FF10BD00BFF7
:109AC00004330020D80600209726030062260300F6
:109AD000660B0300EC060020041E00202DE9F04177
:109AE0000B8A04460E46B3B3012106F10C00F8F7C9
:109AF00029FEA4F1EC05E83C07460421204612F0BB
:109B0000DBFC40BB39780E2925D8DFF8508058F8A7
:109B1000313023B90721284612F084FF1BE0284684
:109B200012F0B2FE30B90321204612F0C5FC90B10C
:109B30000821F0E73B78318A08EBC30212799142A1
:109B400001D00A21E7E7314658F8333028469847D4
:109B500001460028DFD10020BDE8F081D4020300D7
:109B60002DE9FF4190F8E930CF68D0F8EC6023F0A0
:109B7000020380F8E9303B7804462BB1BB7903F04F
:109B8000C003C02B40F0938006F1700807223946CD
:109B9000404615F06FFC88B1307A394600F0F8F98C
:109BA000054658B10146204612F08FFC18B908202E
:109BB00004B0BDE8F081284600F04CFA0D21201DCC
:109BC00012F07AFC002861D0317A4246022000F07F
:109BD0001DFA05460028EAD0F378002B3DD106F1A6
:109BE0007E031878012827D19A7902F0C002402A12
:109BF00022D1D3F80120C5F83E20B3F80530A5F8EE
:109C0000423096F87030BBB196F8763003F0C0035E
:109C1000C02B11D02849039501AACDE90187FCF793
:109C2000EBFA3B68C5F80130BB88A5F80530BB7975
:109C3000EB713046FCF782FE94F8E91011F0020156
:109C40000ED01E491E4A1F4841F228030FF0E1F9C9
:109C500041F228011A480FF0D3F906F17703C0E763
:109C60002846FBF7E9F8014618BB2846FBF7E4F85D
:109C700048B11549124A134841F24C030FF0C9F993
:109C800041F24C01E6E72846FBF7E8F894F8E930A2
:109C90005B0703D50A21204612F074FCB4F8E810E3
:109CA00009B1002084E72046FFF74CFEF9E70A20BF
:109CB0007EE703207CE700BFFDC80200A02603006A
:109CC00062260300660B0300BB2603002DE9F0416A
:109CD0000546A0F1E80604460F463046012155F836
:109CE000EC8912F0D1FD002859D0CFB103213046C4
:109CF00012F0E2FB002852D03846FAF7A1FC0138F6
:109D0000C0B208289ABF2B4B1C5C002402213046AD
:109D100012F038FC21462846BDE8F041FFF712BE9C
:109D200098F80B30002B3AD00321304612F0C4FBD8
:109D300020B92846BDE8F04112F0BDBD05213046EE
:109D400012F0BAFBB8B114F8043C1F0707D514F899
:109D5000033C180703D51121304612F013FC14F808
:109D6000043C23F0080304F8043C14F8033C23F0FB
:109D7000080304F8033C14F8033CD90711D5062165
:109D8000284612F0FFFB0221304612F0FBFB23684D
:109D9000D3F8A4301BB134F8041C0029BBD0BDE8B3
:109DA000F0819A0701D50821EAE75B07EBD50A2184
:109DB000E6E700BF0645030008B5044B044801224E
:109DC0001A70FBF761FE002008BD00BF713F002044
:109DD000F406002070B505460C4649B916491748E7
:109DE000174A71230FF015F9154871210FF008F982
:109DF00014480378AB424FF0010604D1072201302A
:109E000015F038FBA0B12EB10F491048072215F00C
:109E100031FB78B90B4A134603F8015B2168C2F89D
:109E20000110A1889980A179997140F21123D36022
:109E3000044870BD0020FCE70D270300660B0300FB
:109E4000DD260300083300206744030009330020A7
:109E5000F8B5054616460C4699B90B490B480C4A0D
:109E6000CD230FF0D6F80A48CD210FF0C9F83BB149
:109E700031463846A04701227B8A2B40002AF6D083
:109E8000F8BD044F0022F7E721270300660B03000B
:109E9000DD2603000833002070B50D46114642B19F
:109EA0000E4C638A227803404FF000060BD118460F
:109EB00070BD0B490B480C4ADA230FF0AAF80A4888
:109EC000DA210FF09DF8AA4204D10722601C15F098
:109ED000D1FA08B13046EBE72046E9E70833002025
:109EE0000D270300660B0300DD260300F8B50646C8
:109EF0000C4659B920492148214A40F203130FF07A
:109F000088F81F4840F203110FF07AF80B78012B04
:109F100001D00020F8BD8B7903F0C003402BF8D1AD
:109F2000184D6F8A2946BF0711F83E2B4FF00003EA
:109F300004F1010006D5B24204D1062215F09AFAC6
:109F4000B8B10023002BE4D16B8A9B07E1D52B78B5
:109F5000B342DED1661C0C48314610F00DFB0028E0
:109F6000D7D0D4F80130C5F83E30084BB4F80520FE
:109F70009A800448CEE700BF0D270300660B03005C
:109F8000DD2603000833002036330020463300204E
:109F900010B529B10D4C237883420DD0002010BD9F
:109FA0000B490C480C4A4FF49A730FF032F80A48E8
:109FB0004FF49A710FF024F80722601C15F05AFA3A
:109FC00000280CBF20460020E9E700BF083300202E
:109FD0000D270300660B0300DD26030008B558B902
:109FE00007490848084A4FF4A2730FF012F80648D0
:109FF0004FF4A2710FF004F8438A1943418208BD5F
:10A0000035270300660B0300DD260300F8B506467E
:10A010000F4615464AB90C490C480D4AEC230EF080
:10A02000F8FF0B48EC210EF0EBFFFFF735FF04467D
:10A0300040B929463846FFF7CDFE044610B13146F7
:10A04000FFF7CCFF2046F8BD0D270300660B030089
:10A05000DD26030010B5044658B90C490C480D4ADA
:10A060004FF4AA730EF0D5FF0A484FF4AA710EF010
:10A07000C7FF037A5B0701D5FAF77AFF204644222F
:10A08000BDE81040002115F0E6B900BF35270300F8
:10A09000660B0300DD260300884210B500EB0203C7
:10A0A00011D98C18A04211D20D490E4A0E4840F227
:10A0B000B3230EF0AEFF0D480EF0ABFF094840F29F
:10A0C000B3210EF09DFFEFD09942ECE7013A114425
:10A0D00011F8012900F8012B8342F9D110BD00BF0E
:10A0E000301C0300FE1B0300660B0300871C0300EB
:10A0F0002DE9F0439BB0304CDDE923871D468446B3
:10A10000894616460CAB04F1300E206861681A4689
:10A1100003C2083474451346F7D1206810602279D1
:10A120001A716146202204A8FFF7B6FF23486B4648
:10A13000202204A900F072F80446C0BB1022494650
:10A140000DF13500FFF7A8FF102231460DF1450053
:10A15000FFF7A2FF2946062211F8013B8DF8553082
:10A160000DF15600FFF798FF2299062211F8013BE6
:10A170008DF85C300DF15D00FFF78EFF4346352210
:10A180000CA9684600F04AF8044680B9404612F02F
:10A19000C6FD01238DF8303035223B460CA96846B8
:10A1A00000F03CF8044610B9384612F0B8FD2046DD
:10A1B0001BB0BDE8F08300BFEEFD02003745030091
:10A1C00070B598B00E4614460146202204A81D46DC
:10A1D000FFF762FF202231460CA8FFF75DFF102237
:10A1E000294614A8FFF758FF102221466846FFF7BA
:10A1F00053FF6B46502204A9684600F00FF840B99F
:10A20000039B054A1BBAB3FBF2F102FB11331C9A04
:10A21000136018B070BD00BF40420F002DE9F0413F
:10A220008EB007460C4615460021182208A81E4687
:10A2300015F011F94FF41053DFF85080ADF81C30D1
:10A240008023ADF81E304FF44063CDE90938102269
:10A2500005AB394607A80BF07FFA20B16FF0040078
:10A260000EB0BDE8F08106AB029310232246CDE983
:10A27000006341462B46059814F06BFD0446059893
:10A280000BF02CFA2043EBD0E8E700BF0002C0033C
:10A2900008B506490648074A40F207330EF0B9FEF2
:10A2A000044840F207310EF0ABFE00BF531E03001E
:10A2B000660B0300EA180300F8B587681446FB6BC9
:10A2C00005460E4698472146064800220023F7F728
:10A2D000FDFE044600B1067628463B6C98472046B2
:10A2E000F8BD00BF700C0020EFF31180402383F312
:10A2F0001288BFF36F8F0A4BD3F8001C032261B999
:10A3000049F27531C3F8001CC3F8142DC3F8001CC2
:10A3100080F31188BFF36F8F7047C3F8142DF7E7F0
:10A3200000E00640EFF31180402383F31288BFF36F
:10A330006F8F0A4BD3F8001C61B949F27532C3F82C
:10A34000002CC3F8141DC3F8002C80F31188BFF350
:10A350006F8F70470022C3F8142DF6E700E0064027
:10A3600008B50B7F0D4A13F07F0F03D1012353650E
:10A37000002008BD19070BD509490A480A4A40F2CE
:10A380006D430EF046FE084840F26D410EF038FE77
:10A3900043F48073C2F81835EAE700BF007002404A
:10A3A00076270300660B03004927030010B54468B5
:10A3B000206801F0CBFE0D4B18600D4B1B782BB1C4
:10A3C0000C4B00221868114612F008FE00220121F1
:10A3D0002720F7F731FB201D04F0FEFE04F10800F2
:10A3E00004F048FF13F047FF002010BD5C3300204D
:10A3F000783F0020B033002008B500F00F03082B91
:10A400000BD9094909480A4A4FF48B730EF001FE33
:10A4100007484FF48B710EF0F3FDC043C0F3C0103A
:10A4200003EB001008BD00BF89270300660B030083
:10A43000492703002DE9F0410446EFF3118640233C
:10A4400083F31288BFF36F8F410600F0080723D013
:10A4500017BBDFF8A080FFF7CFFFD8F8005025FA30
:10A4600000F3DA0718D50123834025EA030563B218
:10A47000DB4324F08002DB0F02F2DA321B0103EB34
:10A4800042031D4AC8F80050C2F80038D2F8043818
:10A4900043F00203C2F804382046FFF7ADFF174A25
:10A4A0000125136805FA00F023EA0003136067B979
:10A4B000134F2306D7F80080204614D4FFF79CFFE3
:10A4C00005FA00F028EA000038602046FFF794FF04
:10A4D000094A01238340C2F86C3486F31188BFF324
:10A4E0006F8FBDE8F081FFF787FF854045EA0805DB
:10A4F0003D60EAE7A433002000700240A83300204A
:10A50000AC330020F8B50446FFF776FFEFF3118275
:10A51000402383F31288BFF36F8F631E062B25D869
:10A52000314D324B2E681B683343C34013F0010397
:10A5300008D12F4F04F5947147F82130012383404F
:10A5400033432B602B490D6825FA00F3DB073DD51B
:10A55000294A2A492A4840F253430EF05AFD21461F
:10A5600028480EF056FD40F2534117E0882C18D1D0
:10A570001D4B1B68C340DF07E4D51C4B1B68C34061
:10A58000DE07DFD520491C4A1D4840F24A430EF041
:10A5900040FD1E480EF03DFD40F24A4116480EF0C7
:10A5A0002FFD2506CED5104B1B68C340D907C9D552
:10A5B000114A1749124840F24F430EF02AFD214636
:10A5C00014480EF026FD40F24F41E7E70123834097
:10A5D0002B430B60104B8021C3F8041182F31188C8
:10A5E000BFF36F8FF8BD00BFA4330020AC33002051
:10A5F00000700240A833002049270300942803007C
:10A60000660B0300BF280300E32703003028030084
:10A61000552803007A28030000E100E070B50646E3
:10A620000D4612F09AFC044612F0A0FC28BB20460E
:10A6300012F0BFFC08B3802D16D1437E9A0744BFA9
:10A640000E4A15705B070FD50D4B1B7813B90D4BD8
:10A6500001221A65204612F0A8FC0022014630466D
:10A66000BDE8704012F0C6BC2846FFF74BFF2046FD
:10A670000121BDE8704012F07DBC70BD763F002026
:10A680007B3F00200070024070B506460C4612F079
:10A6900064FC054612F06AFC20BB284612F089FCD7
:10A6A0000146F8B1ACB9437ED8071BD49A0704D54C
:10A6B0000D4B1C700D4B0122DA644B7E5B0708D5F5
:10A6C0000B4B1B7873B130460022BDE8704012F08E
:10A6D00091BC2046FFF716FF28460121BDE87040D7
:10A6E00012F048BC70BD00BF763F002000700240F1
:10A6F0007C3F002000F00F02082A08B541B209D9BA
:10A700000F491048104AE7230EF083FC0E48E7215A
:10A710000EF076FC10F0080F0C4B0AD100294FF018
:10A72000140101FB0233B4BFD3F80806D3F80807BD
:10A7300008BD0029B4BFD3F8A806D3F8A807F7E7E7
:10A7400089270300660B03004927030000700240BD
:10A75000F8B510F0080705460BD0194919481A4AF0
:10A7600040F285430EF055FC174840F285410EF04B
:10A7700047FC030620D400F00F04A40004F1804439
:10A7800004F51C34D4F84434B3B1EFF311864023FC
:10A7900083F31288BFF36F8FFFF72EFE0B49C4F8C7
:10A7A000A074012303FA00F20B6823EA02030B6092
:10A7B00086F31188BFF36F8F054BC3F81855F8BDAA
:10A7C00076270300660B030049270300AC33002003
:10A7D0000070024010B50B7F13F008040BD00C4939
:10A7E0000C480D4A40F28F430EF013FC0A4840F229
:10A7F0008F410EF005FC094AC2F80C3543F4807312
:10A80000C2F80C35087FFFF7A3FF204610BD00BF3C
:10A8100076270300660B03004927030000700240FF
:10A82000012810B5014619D0022809D0A8B90F4B4C
:10A830000246186812F0D2FB0D4B01221A700CE090
:10A840000C4B0D4C00221A700C4BC4F8003327201F
:10A85000F7F7C2F80123C4F8043510BD034B0022FA
:10A86000186812F0BBFB024B0022E7E7B033002070
:10A87000783F0020773F002000700240FDFFDF019D
:10A880000146014813F0CABF100B002008B5054B64
:10A890001970054B1B7813B10420FFF7F1FF00205E
:10A8A00008BD00BF793F00207A3F002010B5046941
:10A8B000087FFFF7A1FD0C4A012303FA00F013689B
:10A8C0000343136008F058FE4020FFF7D9FF4FF014
:10A8D000FF324FF0FF3304F18401044808F0AEF872
:10A8E00008F0BCFE002010BDA0330020340B002077
:10A8F0002DE9F047494B066988B00546186006F116
:10A90000840013F0F5FD00220023CDE90623002486
:10A910006FF00703CDE90334CDE90144404B4149D1
:10A9200000954FF40072404808F0A4F9DFF8FC806D
:10A930003F493D483F4F08F0CFF8D8F814203E4B30
:10A94000134043F4820343F04003C8F81430C14677
:10A950004FF0240A88F81C404146284612F00FFBAD
:10A96000002857D10134092C18D00AFB0491082C77
:10A970008A7D324B42F040028A7508D1D9F83421E1
:10A980002F4911402F4A0A43C9F8342103E04A698C
:10A990003A401A434A6108F12408DBE72A4C2B4B62
:10A9A0006269244F134043F4041343F0400363618E
:10A9B0008046A1464FF0240A68F07F0222772146A4
:10A9C000284612F0DCFA28BB08F10108B8F1090F9B
:10A9D00018D00AFB0891B8F1080F8A7D174B42F096
:10A9E00020028A7508D1D9F8342115491140154A39
:10A9F0000A43C9F8342103E04A693A401A434A61DC
:10AA00002434D9E796F8803023F0720343F07203C0
:10AA100086F8803008B0BDE8F08700BFB033002072
:10AA2000A5AB0100C8560020701F0020F83400209C
:10AA3000DB2803000000F9FF0000BEFF4000060015
:10AA40000000F7FFFF010800B43300200000DEFF24
:10AA500010B50C462046114612F0ADFA207FFFF7E4
:10AA6000CBFC0146034812F01CFE0120FFF708FF53
:10AA7000002010BD4036002010B559B91A491B48B6
:10AA80001B4A40F24D630EF0C4FA194840F24D6182
:10AA90000EF0B6FA0C7F4FF0FF324FF0FF3315483F
:10AAA00006F0ACFF2046FFF7C5FC04F00F020123BF
:10AAB0009340114A14F0800F14BFD2F81015D2F849
:10AAC00014156FEA030315BF0B400B40C2F8103595
:10AAD000C2F81435074806F013FF084B8022C3F86C
:10AAE0000421002010BD00BFE4280300660B030012
:10AAF00049270300F00A00200070024000E100E056
:10AB000010B559B92249234A234840F23A630EF05E
:10AB100080FA40F23A611F480EF072FA0A7F91F90A
:10AB20001C0002F00F02082A09D91C49194A1A48C8
:10AB300040F20E430EF06DFA40F20E41EBE7184B77
:10AB40000028B4BFD3F81045D3F81445012393402F
:10AB500023420DD1124A0028B5BFD2F81005D2F811
:10AB6000140503430343B4BFC2F81035C2F81435CB
:10AB70000B7F1A0709D40A4AC2F80C3543F48073D4
:10AB8000C2F80C35087FFFF7E3FD002010BD00BFC1
:10AB9000E428030049270300660B0300892703000C
:10ABA000007002402DE9F04FC14E87B004464FF0CF
:10ABB000FF3A4FF0FF3B0022CDE900AB4FF0FF31F1
:10ABC000BC4813F032FEBB484FF0FF3113F029FEB2
:10ABD00010F0080F80462FD0B74852465B4606F06B
:10ABE0000DFFEFF31181402383F31288BFF36F8FC2
:10ABF000B24B1B7883B1B24BD3F8002412F400722D
:10AC00000AD10120C3F82C05D3F82C05D3F8000491
:10AC1000800548BFC3F82C2581F31188BFF36F8FDF
:10AC2000A54806F06DFE0121204612F076F90022BB
:10AC30000321204612F0D2F918F0100F08D000219D
:10AC4000204612F06AF900220221204612F0C6F9CD
:10AC500018F0200F08D00021204612F05EF90022E3
:10AC60000221204612F0BAF918F0020F63D118F051
:10AC7000010F0FD0BFF35B8F924B002253E8007F90
:10AC800043E800210029F9D1BFF35B8F0125002F94
:10AC900040F0E18018F0040F34D0894B4FF0000CE5
:10ACA00086F800C0D3F88074FFB28DF81070D3F826
:10ACB0008404C0B28DF81100D3F88824D3F88C1422
:10ACC00042EA012292B2ADF81220D3F89014D3F8E0
:10ACD000945441EA0521ADF81410D3F89814D3F830
:10ACE0009C5441EA052189B2774DADF81610002F2A
:10ACF00040F0CB80052840F0C88001232B7000294C
:10AD000000F0CF8018F0400F3FF451AF206984303D
:10AD10004FF0FF324FF0FF3306F0F0FA6B4D296829
:10AD2000002940F0FE806A4807F0F4FD2069843075
:10AD300006F0ACFB3BE7674BBFF35B8F002253E8A9
:10AD4000009F43E800210029F9D1BFF35B8F5C4FDE
:10AD50004FF0010BB9F1000F89D099FAA9F3B3FABA
:10AD600083F30F2B1D46C6BFA3F11005EDB245F0CE
:10AD700080050BFA03F329EA03092B06294620462E
:10AD800053D512F0EAF8039012F00FF9824658B941
:10AD90005149524A524840F2DE430EF03AF940F22D
:10ADA000DE414E480EF02CF90398002112F0E2F833
:10ADB00000225146204612F01DF9802D30D19AF81C
:10ADC000193099070CD44749444A454840F2E643B4
:10ADD0000EF01FF944480EF01CF940F2E641E0E79E
:10ADE000002186F800B02046C7F850B012F0B5F840
:10ADF00012F0DBF8014698B1437E5A070CD43B4968
:10AE0000364A374840F2F3430EF003F938480EF063
:10AE100000F940F2F341C4E70022204612F0EAF8BC
:10AE200029462046FFF7FAFB94E712F096F882468F
:10AE300012F0BBF8039048B10021504612F09AF886
:10AE4000039B00221946204612F0D4F829462046DA
:10AE5000FFF71AFC7EE797FAA7F3B3FA83F30F2BF9
:10AE60001946C4BFA3F11001C9B205FA03F3D8BF54
:10AE700041F0800127EA03070B06204602D5FFF7C1
:10AE8000CDFB04E7FFF700FC01E71A4985F800C095
:10AE9000D3F870240978914230D1174B00221A70F0
:10AEA0003AE002F07F02ADF81220ADF81410F4E79A
:10AEB0007C3F0020100B0020F00A0020773F00208C
:10AEC00000700240403600207B3F0020A03300206D
:10AED000340B00203C3600203D3703004927030097
:10AEE000660B0300E8280300042903001C29030063
:10AEF0003A290300793F00207A3F002028490122A7
:10AF00000A702A704FF4A062ADF81020D3F87034A4
:10AF1000ADF81230CDF814C004A9204612F094F810
:10AF2000F0E691FAA1F7B7FA87F70F2F3946C6BFB7
:10AF3000A7F11001C9B241F08001204612F00DF8CE
:10AF4000804690F81C904FF0FF324FF0FF331548C9
:10AF500006F054FD4846FFF76DFA124806F0D0FCA3
:10AF6000114B8022C3F804214146204612F05DF8BF
:10AF70000021404611F0FEFFBFF35B8F0123BB4071
:10AF80000A4ADB4352E8000F184042E8000100295A
:10AF9000F8D1BFF35B8F2A6813402B60BFE600BF78
:10AFA0007A3F0020F00A002000E100E03C3600205B
:10AFB0004FF08053D3F83031082B02BF024B0022F0
:10AFC000C3F81C2C704700BF007002402DE9F0410F
:10AFD00005464FF0FF324FF0FF33384806F00EFDC4
:10AFE000374B8022C3F884212720F6F717FDA0B144
:10AFF000344F354B3C681B686FF30F041C434FF014
:10B0000001088CBB314E40F2FF133B602720C6F88D
:10B010000445F6F7EFFCC6F800432D4A13788BB1D0
:10B020002A4B0021C3F808110121C3F80026C3F8F8
:10B0300004165960D3F808110029FBD00021C3F889
:10B0400008111170214B0024C3F80045FFF7B0FF31
:10B050001A4806F055FC2146284612F0F1F8C0B116
:10B060006FF00400BDE8F08194FAA4F6B6FA86F613
:10B070000F2E3346C6BFA6F11003D8B243F08000AE
:10B08000030701D4FFF7D6F908FA06F624EA060406
:10B09000B7E78021284612F0D3F80028E0D10D4B05
:10B0A0000D491C682046F5F7B7FE10F1780F02D164
:10B0B0002046F5F745FE00EAE070D3E7F00A0020ED
:10B0C00000E100E0AC330020A83300200070024013
:10B0D000743F00205C3300204C3300202DE9F04FFA
:10B0E000934BDFF85082D3F85421934F85B00AB3C5
:10B0F0000022C3F85421D3F8042392021AD5D3F8BE
:10B10000C034002B14BF4FF001244FF480748B4BDC
:10B110009B683BB998F80000FFF76EF90123834064
:10B1200024EA03043B68864A23433B60136823F008
:10B13000012313607E4BD3F8604134B10022C3F881
:10B140006021D3F86C44C3F86C44D3F828214AB189
:10B150000022C3F828217B4B1878FFF74DF9012313
:10B1600083401C4398F8005098F9006005F00F02E6
:10B17000082A09D97449754A7548D4230DF049FF46
:10B18000D42172480DF03CFF2B0700F18880002E7F
:10B19000B4BF704B704B920013441A685AB300222C
:10B1A0001A602846FFF7A6FA6C4B1A7800F00100E7
:10B1B00050401870FFF7FCFE694B2846D3F800900A
:10B1C000FFF71AF929FA00F919F0010F014679D1B0
:10B1D000002E6BDA882D69D02846FFF70DF9584A02
:10B1E0000123116883400B431360812388F80030EA
:10B1F000524806F085FB84B13B68514ADFF864A1F0
:10B2000024F001210B433B60136823EA0103136020
:10B21000A4B24FF00109002C5AD1454BD3F80021BC
:10B220004AB10022C3F800214F4B1A704D4B042144
:10B23000186811F0D3FE3E4BD3F85821002A00F0D5
:10B24000A5800022C3F85821D3F80044C3F8004475
:10B25000E00505D5444B012208201A70FFF710FBCA
:10B26000A10505D5404B002210201A70FFF708FBFE
:10B27000620540F18B803C4A1378002B00F08680F9
:10B280002B4BD3F82C15002978D038492F4A304859
:10B290004FF405730DF0BDFE4FF4057171E7344BAB
:10B2A000344A33EA260328BF134676E7324812F0C1
:10B2B000F8F90220FFF7E4FA002E8DDB6B1E062B57
:10B2C0008AD992E7002DF7D1194B0122DA648CE775
:10B2D00094FAA4F5B5FA85F509FA05F345F0800569
:10B2E0002946DAF8000024EA030411F036FE11F0D2
:10B2F00060FE06462846FFF7FDF9014606F10C0000
:10B30000F7F702FA338A002B85D1304611F055FE4B
:10B3100018B1304611F059FE7DE72846FFF76CF86A
:10B320000146154812F0BDF90220FFF7A9FA72E7AD
:10B3300000700240753F0020AC330020F00A00206E
:10B34000A4330020763F002089270300492703000B
:10B35000660B03000871024030710240743F002008
:10B36000A8330020B0330020773F00205529030088
:10B37000507102402C7102403C36002011700122B5
:10B38000C3F8082520209A65FFF77AFA954BDFF875
:10B3900058A2D3F85C31F3B1944B9B681BB998F871
:10B3A00000305B0617D08F4B0022C3F85C21DAF81F
:10B3B00000308F4A23F00113CAF800303B6823F4B1
:10B3C000803343F001033B601368042023F0011332
:10B3D0001360FFF755FADAF800603B681E4000F092
:10B3E000EE80804BD3F82C95B9F1000F40F0E78048
:10B3F0007E480022002306F001FB002840F0DF8099
:10B4000016F0012314BF93FAA3F696FAA6F6B6FA3D
:10B4100086F60F2EF4B2C8BF103C764BCCBFE4B218
:10B4200044F080041868214611F097FD009011F057
:10B43000C0FD024648B97049704A714840F26B231A
:10B440000DF0E7FD40F26B219BE64FFA84FB04F020
:10B450000803BBF1000F019336DA009A058AD18BFD
:10B46000C368C1F30A018D4213D90D464FF000099C
:10B4700003F06042B2F1005F1AD0402D12D9614949
:10B480005E4A5F4840F27A230DF0C3FD40F27A2114
:10B4900077E6009311F091FD80F00109009B5FFABF
:10B4A00089F9E5E7194658482A4613F0ADFF564B8F
:10B4B000B9F1000F4BD0DAF800200121B14022EAA7
:10B4C0000102CAF8002042E004F00801454BE9B14E
:10B4D000D3F8C03413F4803F08BF9946118AD0686E
:10B4E000558A43186D1A5169401A03F06041B1F151
:10B4F000005FA5EB00050ED04449404A404840F2A9
:10B5000085230DF086FD40F285213AE604F594711D
:10B5100053F82190E2E74D4528BF4D46294602F1F8
:10B520000C0003930292F7F795F8009BD98BC1F3B7
:10B530000A014945DDE90223BDD15169D068B2F85D
:10B5400012C0128A401AACEB00019142B3D04FF006
:10B5500080520120D2F83021082A02BF214A8221DC
:10B56000C2F81C1C3A6888F8004000FA06F604F09D
:10B570000F0422EA0602082C3A6007D924491F4A20
:10B580001F48FA230DF045FDFA21FAE50199154A05
:10B59000C1B9BBF1000F4FF0140101FB0421A9BF99
:10B5A0000A3402EB8402C1F80037C1F80457AFBF78
:10B5B00042F82400C1F80036C1F80456506005B0C6
:10B5C000BDE8F08FBBF1000FB5BFC2F8A036C2F8DE
:10B5D000A037C2F8A456C2F8A457B4BF5062906412
:10B5E000EDE700BF00700240A8330020F00A002001
:10B5F000A4330020B0330020531E0300492703006A
:10B60000660B0300762903006033002088290300BD
:10B610008927030010B5EFF31184402383F31288C8
:10B62000BFF36F8F164B1B7803F0FF02CBB11549A8
:10B63000D1F82C3513B30023C1F82C354FF08053CB
:10B64000D3F83031082B0CD10F4BD3F8000CC021AC
:10B6500088B949F27530C3F8000CC3F8141CC3F85C
:10B66000000C84F31188BFF36F8F002A0CBF6FF0BA
:10B670000A00002010BDC3F8141CF2E71A46F0E7D8
:10B68000773F00200070024000E0064013B5002222
:10B69000009211464023044611F076FD024618B18F
:10B6A0006FF0040002B010BD0090402380212046BE
:10B6B00011F06AFD0028F3D15B4901238B605B4BDD
:10B6C0004860C8601868F5F7A5FA0028EADBEFF3D0
:10B6D0001184402383F31288BFF36F8F544B4FF4D0
:10B6E0000062C3F8002411F0C7FF08B1FEF7FCFDAB
:10B6F0004FF08053D3F83031082B18D1EFF311807D
:10B70000402383F31288BFF36F8F4A4BD3F8001C9A
:10B71000C022002972D149F27531C3F8001CC3F868
:10B72000142CC3F8001C80F31188BFF36F8F404BBB
:10B730000122C3F80025D3F800241205FBD54FF4ED
:10B740000062C3F800244FF08053D3F83031082B47
:10B7500017D1EFF31180402383F31288BFF36F8F6B
:10B76000344BD3F8001C00294BD149F27532C3F891
:10B77000002CC3F8141CC3F8002C80F31188BFF30D
:10B780006F8F11F079FF30B1FEF7CCFD11F074FF2F
:10B7900008B1FEF7A9FD4FF08053D3F83031082BE4
:10B7A000234B0AD140F2E372C3F800284022C3F8C9
:10B7B0000428BFF36F8FBFF34F8F8022C3F81C257F
:10B7C0000122C3F830251C4B40F2FF121A601B4BBC
:10B7D000002119601A4B19601A4B19701A4B9B689B
:10B7E000012B12D019491A481A4A40F26D330DF054
:10B7F00010FC184840F26D310DF002FCC3F8142C17
:10B8000091E70022C3F8142CB7E7FFF7D1FB124BE6
:10B81000197011F031FF08B1FEF784FD84F311882F
:10B82000BFF36F8F00203DE74C3300205C330020D6
:10B830000070024000E00640AC330020A833002036
:10B84000A4330020743F0020F00A0020A429030044
:10B85000660B030049270300763F0020142870B5CB
:10B860000C4626D8144B13F810504DB91349144AFE
:10B8700014483D230DF0CDFB3D2111480DF0C0FBD8
:10B8800003EB40035A783AB90F490D4A0D483E235D
:10B890000DF0BFFB3E21F0E7D1E90001A0FB05065A
:10B8A000002305FB0161F0F7D3FDC4E9000100208E
:10B8B00070BD6FF01500FBE747450300032A030046
:10B8C000D7290300660B0300112A030030B585B0A9
:10B8D00000230193CDF807304B798DF80B300B79AD
:10B8E00013F0200519D08A797F2A08BFFF228DF82E
:10B8F0000C20C3F3040203F01F03072B8DF80D2067
:10B9000015D80A780C2A12D8DFE802F00C091511B4
:10B9100017111911111B1D111F00FF22E7E701224A
:10B920008DF806204A78032A11D0042A12D06FF02D
:10B93000150005B030BD0222F2E70322F0E7042231
:10B94000EEE70522ECE70622EAE70722E8E7012214
:10B950008DF807204A8844F20A00824228D843F62C
:10B96000FE70824203D8002AE1D102222FE0A2F524
:10B970007F523F3A0B2ADAD801A050F822F000BFDC
:10B9800009BA01002FB901002FB901002FB9010038
:10B99000D3B901002FB90100CDB901002FB90100C1
:10B9A0002FB901002FB901002FB901006BB90100B7
:10B9B00044F21400824225D044F22800824223D06F
:10B9C00044F20F008242B2D1032200E001228DF83E
:10B9D00008201A48012404FA03F390F85020DBB23F
:10B9E000F5B18D797F2D11D1134380F850300B794B
:10B9F00090F8512003F01F0304FA03F3134380F877
:10BA0000513009E00422E2E70522E0E722EA0302DE
:10BA10008DF8094080F8502001A803F023FF88E743
:10BA2000134380F850300B7990F8512003F01F0336
:10BA300004FA03F322EA0303E1E700BFD80200207F
:10BA400010B50B4C94F83A3023B1BDE810400948CA
:10BA500004F024B904F060F840B16FF004036362AD
:10BA600004F11400BDE8104011F058BE10BD00BF35
:10BA7000D802002079BA0100F8B50378002B40F015
:10BA80009480514CE36A94F850701F42254607D1C8
:10BA9000A36A002B3FD14D48BDE8F84011F03EBEEF
:10BAA00094F89810A26D94F85160A1B90121DBB20D
:10BAB0000B420BD00F4208D016EA010CB2F900007D
:10BAC00024D000EBD070401010800232490089B2BF
:10BAD000B942EDD9DCE73340018915D002EB4101D1
:10BAE0009142D5D0B2F9003003EBD3735B1022F84A
:10BAF000023BF5E732F91360002EB8BF22F81300BD
:10BB000001338B42F6DBC3E71846FAE70028B8BFDB
:10BB1000A2F800C0D9E7236C43B1B4F84C202C49FB
:10BB20002C48984701280BD0022831D0B4F84C306B
:10BB3000B4F848209A422BD90133A4F84C300020A5
:10BB400094F8983083B994F8521018B9A36D03EBA8
:10BB50004103A365A06D03F08BFF28B16FF00403D0
:10BB60001A48636211F0DAFDE36B1BB9BDE8F840D7
:10BB7000FFF766BFBFF35B8F55E8003F5A1E45E8ED
:10BB800000210029F8D1BFF35B8F012BEEDCF8BD5B
:10BB9000E36B002B3FF47FAF94F89830002B7FF4D9
:10BBA0007AAF0D4808F0F2FE75E7022B09D103F0D9
:10BBB000B3FF0028EBD004486FF004034362143055
:10BBC0006AE7052BE3D166E7D8020020EC020020EB
:10BBD00000030020A4F7020038030020094BBFF344
:10BBE0005B8F53E8002F511C43E800100028F8D168
:10BBF000BFF35B8F0AB9FFF723BF6FF00F025A62E2
:10BC0000704700BFD802002010B50D490D48002232
:10BC100012F0D9FD002003F0DDFD044660B90246B4
:10BC200001210720F5F708FF0748C36813B904305E
:10BC300011F074FD204610BD6FF00404FAE700BF58
:10BC4000DDBB010038030020D80200202DE9FF41B0
:10BC50000F464FF0FF3377484FF0FF3205F0CEFE2E
:10BC60007E68731EFE2B21D80024254626FA04F395
:10BC7000DA0706D503F01CFEE040C30716D50135F0
:10BC8000EDB20134082CF1D185B13B7C083B062B89
:10BC90000CD8DFE803F0140B160B040B180002217C
:10BCA000012D7A7C11D0002A00F0A7806FF01504D6
:10BCB000604811F033FD204604B0BDE8F08100215A
:10BCC000EEE70121ECE70321EAE7082AEED8DFE8F6
:10BCD00002F0050505050505050505003B68002B77
:10BCE00000F08B805C68002C40F087801868013879
:10BCF0007F2800F282808DF808208DF809401B888B
:10BD00005A1E7F2A0BD94C494C484D4A4FF4F873C0
:10BD10000DF07FF94A484FF4F8710DF071F91B01ED
:10BD2000484A013BADF80A30012382F898308DF87B
:10BD30000C3002AA444B304603F020FE0446002893
:10BD4000B6D13A686B0012B1928902FB0333FA68EC
:10BD50009A426CD33B4E86F8525096F89830B868A9
:10BD6000B065B046002B51D03B689D890135A9B222
:10BD700003F07EFE044600289AD1BC46BCE80F00C2
:10BD8000324D0FC5DCF800302B6074623B68002B2D
:10BD90004AD00FCB2F1D87E80F00F36BB762A6F8D0
:10BDA0004C40002B40D0BFF35B8F58E8003F48E881
:10BDB0000042002AF9D1BFF35B8F96F8981039BB87
:10BDC000F46B2348234A4FF400470023E4FB0701A8
:10BDD000F0F78EFB0022CDE90001002305F12800D9
:10BDE00008F066FD1C484FF0FF324FF0FF3305F0BE
:10BDF00005FE00B17062746A5AE7124B002083F8A6
:10BE00009800114B304603F06FFD97E72946AFE7E6
:10BE100003F082FE0028E5D06FF00403A5F12400B2
:10BE2000736211F07BFCDDE7FFF70AFEDAE76FF0E3
:10BE30000B043DE7DC0200204F2A0300660B0300E1
:10BE40001F2A0300D802002079BA01000003002055
:10BE50003F420F0040420F00EC02002037B50C4675
:10BE60000A490B4A411A40230093491105462346CB
:10BE7000084811F055FC014628B12846234603B076
:10BE8000BDE83040184703B030BD00BF5836002031
:10BE90008FD70200A8F60200C9B2012908B509D956
:10BEA00008490948094A7E230DF0B3F807487E2166
:10BEB0000DF0A6F803690C2201FB0233986C00F028
:10BEC000070008BDC42A0300660B0300872A03008D
:10BED00070B5C9B20129034600690BD91749184842
:10BEE000184A4FF4E8730DF094F816484FF4E871CF
:10BEF0000DF086F8EFF31186402484F31288BFF327
:10BF00006F8F0C2505FB0104A46C14F0C00401D054
:10BF1000A24210D105FB010001228264002086F3B9
:10BF20001188BFF36F8F28B95B6803EBC1035B68AF
:10BF30009847002070BD4FF0FF30F0E7C42A03009F
:10BF4000660B0300872A030070B50D460649411AA7
:10BF50000446491105484022FFF7BAFF2B46014627
:10BF60002046BDE87040184758360020A8F6020069
:10BF70000022F8B5012105461046F5F75DFD104891
:10BF800002F05CFB0446B8B911F0F4FF2F690D49CB
:10BF900038460DF0A8F8031E09DB0126BE642D69A2
:10BFA000084905F120000DF09EF8031E02DA1C4638
:10BFB0002046F8BD6E65FBE76FF00404F8E700BFAC
:10BFC00079C00100B80303001FB500220123CDE9A9
:10BFD00002236C46074A6B46CDE9004411F0D0FBC2
:10BFE00028B94FF480420023684605F007FD04B0ED
:10BFF00010BD00BF9BD7020010B5EFF311844023A2
:10C0000083F31288BFF36F8F074A136823F002018E
:10C01000DB07116002D4012002F0F0FA84F31188EA
:10C02000BFF36F8F10BD00BFB036002030B4104B8F
:10C030000C2202FB003301460020D3E910521864A1
:10C04000EFF31180402484F31288BFF36F8F9C6C50
:10C0500004F0C00444F002049C6480F31188BFF330
:10C060006F8F1DB12B46034830BC184730BC70475A
:10C0700058360020A8F60200012808B506D003288B
:10C0800008D098B90F4B9B6C5B0719D1BDE80840ED
:10C09000FFF7CCBF0C490D4A0D4840F2FA230CF0D3
:10C0A000B8FF40F2FA2109480CF0AAFF0649074AF6
:10C0B00007484FF441730CF0ACFF4FF44171F2E7C5
:10C0C00008BD00BF583600203D370300872A030013
:10C0D000660B030010B4EFF31180402282F3128844
:10C0E000BFF36F8F17490B6843F0020413F001038D
:10C0F0000C601AD04FF08043D3F80C14D3F80C34F2
:10C1000013F0010311D0EFF3118182F31288BFF312
:10C110006F8F0D4A936C03F0C00343F002039364E6
:10C1200081F31188BFF36F8F012380F31188BFF370
:10C130006F8F1BB110BC0020FFF778BF10BC01202F
:10C1400002F032BAB036002058360020024BC0B29E
:10C1500003EB4010704700BF58360020F8B5354952
:10C16000BFF35B8F0646012251E8003F41E8002003
:10C170000028F9D1BFF35B8FA3B92F492F484B603B
:10C18000CB608A60F4F746FD00280BDA2C492D4A73
:10C190002D4840F2A3230CF03CFF40F2A321294894
:10C1A0000CF02EFF7EB3731E012B38D812F046FA26
:10C1B000044650B1EFF31185402383F31288BFF397
:10C1C0006F8F01244FF080470EE0204B1B78002B2F
:10C1D000F0D04FF080430222C3F808230546F1E770
:10C1E00094B128460DF052F8D7F81824D7F818342F
:10C1F000D203F5D59B0701D0012EF1D14CB185F3C7
:10C200001188BFF36F8FF8BD0021212007F000FCDB
:10C21000EAE74FF080430222C3F80423F3E70C4916
:10C22000084A094840F2B5230CF0F3FE40F2B5216C
:10C23000B5E700BF54360020443600207836002091
:10C24000701E0300872A0300660B030013420020C0
:10C250003D37030008B5074812F0EBF838B106483F
:10C26000F5F7B8FE0448F4F781FA002008BD6FF036
:10C270001200FBE7FCF602007DC201000A2838B577
:10C28000074D044604D1AB680D215B6828469847EA
:10C29000AB6803485B68E1B29847204638BD00BFF1
:10C2A000FCF60200EFF31182402383F31288BFF300
:10C2B0006F8F0A4BD3F8001161B10021D3F8080544
:10C2C000C3F80011D3F80031C0B282F31188BFF374
:10C2D0006F8F70476FF00A00F7E700BF00D0004093
:10C2E000F0B503468478C678EFF3118E402080F3D2
:10C2F0001288BFF36F8F1D7893F801C0641B344020
:10C30000A24288BFA2B2AF18374028461F708EF3F2
:10C310001188BFF36F8F8F188F4218D165450CD1EC
:10C32000EFF31181402080F31288BFF36F8F1878EC
:10C33000587081F31188BFF36F8F1B79A41AA34241
:10C3400028BF074B90B224BF01221A60F0BD03EB57
:10C35000000E01309EF805E001F801EB3040DBE70C
:10C3600000D000402DE9F0472F4D0069A8420E464D
:10C3700014460BD02D492E482E4A40F203130CF0E0
:10C3800048FE2C4840F203110CF03AFEDB4313F058
:10C39000010504D02030FFF7A3FFBDE8F087B2B35A
:10C3A000EFF31187402383F31288BFF36F8F0D20C3
:10C3B000F5F734FB80460D20F5F71CFB87F3118859
:10C3C000BFF36F8FDFF870A01C4FCAF80051DAF886
:10C3D00000314FF400590123CAF800302546C7F850
:10C3E0008091DAF80031A3B1FFF75CFF031EA4BF10
:10C3F00005F1FF35ADB2C7F88091A8BF7355002D88
:10C40000EFD1B8F1000F02D00D20F5F7E5FA204684
:10C41000C3E7EFF31180402383F31288BFF36F8FDC
:10C420000CF034FFDDE700BFB4360020292B0300F9
:10C43000660B0300F72A030000D0004000E100E093
:10C44000F8B5184B07699F420D46144625D016498A
:10C450001648174AE5230CF0DCFD1548E5210CF0E1
:10C46000CFFD4FF0FF334FF0FF32384605F0C6FAEC
:10C47000224629460F48FFF733FF0646384605F0A7
:10C480003FFA3EB94FF0FF324FF0FF330A4805F054
:10C49000B5FAE6E7A41BA4B23544002CE1D120464E
:10C4A000F8BD00BFB4360020292B0300660B030043
:10C4B000F72A0300E9360020C436002038B5204BA7
:10C4C00004699C420BD01F491F48204A40F2471381
:10C4D0000CF09FFD1D4840F247110CF091FD012228
:10C4E0001146204612F039F80122002104F1100013
:10C4F00012F033F840F2074323874FF07063236252
:10C500000C2384F824300025114B84F83550E5863F
:10C51000D3F8042522F00102C3F804250121C3F851
:10C520000051D3F80021C3F804132A4619600D20E6
:10C53000F5F782FA0D20F5F74FFA284638BD00BF0F
:10C54000B4360020292B0300660B0300F72A0300F2
:10C5500000D0004010B5FFF7A5FE002820DB174BE8
:10C5600093F8222093F8214093F82310141B31EA0A
:10C570000404C0B20DD193F8372093F8364093F8F5
:10C580003810141B31EA04040BD10D4B01225A6000
:10C590000EE09C180132114084F8250083F8221027
:10C5A00010BD9C180132114084F83A0083F837100E
:10C5B0000448BDE8104005F0A3B900BFB436002020
:10C5C00000D00040C4360020F7B50F46164648B9E3
:10C5D0001849194A194818230CF01BFD1821164850
:10C5E0000CF00EFDE9B91649134A144819230CF052
:10C5F00010FD1921F3E7351BB5F5806F28BF1D46E7
:10C600002A4601AB391900200AF086FB68B9019B64
:10C61000AB420AD11C44A642EDD809D0162003B083
:10C62000F0BD4FF480630024F5E76FF01500F6E7E6
:10C630000020F4E7892B0300592B0300660B03004D
:10C640009C2B030038B5036961B92149214A22486E
:10C6500064230CF0DEFC21480CF0DBFC64211D4857
:10C660000CF0CEFC486850B91D491A4A1A48652397
:10C670000CF0CFFC1B480CF0CCFC6521EFE75868B0
:10C6800000B30024884219D108688CB99C685860AE
:10C69000A14200D19860002008602AB15A680A605F
:10C6A0009A68596002B9996000200FE02846E9E7CE
:10C6B00020609868814208BF9C60ECE705680446EA
:10C6C000002DF3D1002AE9D16FF0150038BD00BF6D
:10C6D000FE2B0300C22B0300660B0300072C030094
:10C6E000162C0300282C030008B50368590914D040
:10C6F000012906D14FF6FF7203F01F03DA40D2077B
:10C700000ED40B490B480C4A4FF482630CF081FCA9
:10C7100009484FF482610CF073FC4FF0FF32EBE7F5
:10C7200003600129054818BF4FF0A04008BD00BFB5
:10C73000722C0300660B03003F2C03000003005023
:10C7400070B54468207C01F01F0545EA4015A068DB
:10C7500086B0002873D0B2F5001F04D1294602F03C
:10C7600027FC00204FE06068667CC0F8246501A8C3
:10C770000026B2F5800F0196466033D1B3F1007FF9
:10C7800014BF052304238DF804300023CDE90403EE
:10C790000393E368CB4013F0010F6E4635D1B2F13D
:10C7A000A07F32D168460095FFF79EFF009B03F5FE
:10C7B000E07350F82330DB0727D4A0686A46294687
:10C7C00002F09CFA163018D00296A06803AA2946F7
:10C7D00002F034F9002816DBA0680122294602F095
:10C7E00065FBBEE7B3F1C06F05D0B3F1007F14BFA6
:10C7F00001230223C7E70323C5E7A068694602F0C7
:10C8000035FB0028E0DA06B070BDA0683246294644
:10C8100002F074FA0028D8D19DF80010A06802F048
:10C8200009FB0028D1D007490748084A40F2F11314
:10C830000CF0EFFB054840F2F1110CF0E1FB6FF05A
:10C840008500E0E797260300660B0300952C0300A4
:10C850002DE9F043466840F20635337CD00687B0B8
:10C8600001F01F0702EA050547EA431754BFC2F368
:10C8700040130323B5F5837F14468DF8033044D06D
:10C880000DD8062D16D005D8A5B1022D3FD06FF0DA
:10C89000150037E0B5F5807FF9D101250AE040F2B7
:10C8A0000222954235D0B5F5407F34D0B5F5007FF2
:10C8B000EDD10225220330D5726801238B40C2F8E6
:10C8C0000835B06888BB03A80397FFF70DFF039BEB
:10C8D00000EB8300C4F3004383F00103C4F340443E
:10C8E000D0F8002744EA43049DF8033022F4E162C3
:10C8F00044EA830422F0070244EA05231343C0F804
:10C900000037002007B0BDE8F0830725D2E70425F3
:10C91000D0E70525CEE70325CCE7630341BF01231C
:10C9200072688B40C2F80C35CBE70DF10202394634
:10C9300002F0E4F914F4403F804617D1B06839465C
:10C9400002F060FAB8F1000FDBD19DF80210B06878
:10C9500002F070FA0028D4D01E491F481F4AFC2359
:10C960000CF057FB1D48FC210CF04AFB4FF000096E
:10C9700001ABCDE90199CDE90439CDF80C90B0684F
:10C9800003AA394602F05AF84845BADB14F40033DA
:10C9900014D0C4F300449DF803308DF80E3084F0B9
:10C9A00001048DF80C508DF80D40B0684B4603AA79
:10C9B000394602F005F90028C4DAA2E7CDE90433CC
:10C9C0000DF103030393B06803AA394602F036F869
:10C9D000F1E700BF97260300660B0300952C0300C8
:10C9E000420970B5034602D0012A1ED070BD144E14
:10C9F000326951680029F9D003F01F0301250C6842
:10CA00009D400029F2D08A682A4012D04B6873B941
:10CA10000C490D4A0D4889230CF0FBFA0C480CF028
:10CA2000F8FA094889210CF0EBFA0A4EE0E73046A3
:10CA300098471CB1236821461C46E2E72346FAE7E3
:10CA4000E0F60200C12C0300C22B0300660B0300BA
:10CA5000282C0300C4F6020038B54568A86890B1D8
:10CA600002F0B6F9014670B9A86802F07BF90446F5
:10CA700058B902460649A86802F028F9224605215D
:10CA80000620F4F7D9FF002038BD6FF00400FBE763
:10CA9000E1C9010008B50368590914D0012906D17C
:10CAA0004FF6FF7203F01F03DA40D2070ED40B4992
:10CAB0000B480C4A4FF482630CF0ABFA09484FF470
:10CAC00082610CF09DFA4FF0FF32EBE70360012921
:10CAD000054818BF4FF0A04008BD00BF722C0300EE
:10CAE000660B03003F2C0300000300502DE9F04FBC
:10CAF000154685B0824600EB81084FF00109D0450C
:10CB000003D1002005B0BDE8F08FDAF80030C3F3A0
:10CB1000C72B1BF0080BC3F3C321C3F3080440F079
:10CB200090804B4A1B0E565C40F2FF118C4208BFAE
:10CB30004FF0FF34222B00F28780DFE803F0122150
:10CB4000255F285B5F85858585626C858585858504
:10CB500085858585858585858585856F7376797CD1
:10CB60007F00C5F80C45611C41D003A80394FFF772
:10CB700091FF039B09FA03F3C0F80835012714E07D
:10CB8000C5F81445002742E0C5F80845EBE7C5F8AD
:10CB900008450027631C2AD003A80394FFF77AFFF7
:10CBA000039B09FA03F3C0F80C350121DAF80030D1
:10CBB000019303F40040002803A80CBF8B46012713
:10CBC0000394FFF767FF0399019B00EB8100C3F318
:10CBD00041243302D0F8001743EA84031D4C43EA92
:10CBE0000B030C40234343EA4703C0F800370AF124
:10CBF000040A84E7C5F80C450127CBE7C5F81045C2
:10CC0000C0E7C5F80845002EBCD100270626621CE7
:10CC1000EDD00021CAE7C5F80C45F4E7C5F8244576
:10CC20000127F4E7C5F828459DE7C5F83045F7E743
:10CC3000C5F83445F4E7C5F83845F1E7C5F83C4593
:10CC400091E76FF015005DE76FF085005AE700BFD0
:10CC500071450300F0F8FCFF10B50D290369144677
:10CC600016D11988AF204FF6FF720023A1FB0001F7
:10CC7000EFF73EFC2D3820601048114600234FF698
:10CC8000FF72A1FB0001EFF733FC6060002010BDD4
:10CC9000102910D15B88642253434FF6FF71B3FB18
:10CCA000F1F12160C1EB01415B1A43F60952534394
:10CCB0009B0A6360EAE76FF08500E8E740420F00F7
:10CCC000F0B54C29436807698BB009D02149224847
:10CCD000224A53230CF09DF9204853210CF090F97F
:10CCE00002A9E0221868ADF804209B88079101AAE8
:10CCF00006210492002402220891072105928DF852
:10CD000018408DF824109DF82410856811438DF883
:10CD10002410AD6804A9A847A04203DA6FF004000C
:10CD20000BB0F0BDBDF8086076BAB0B210F084FE6A
:10CD30009DF80A308342F1D1BDF80B506DBAA8B20C
:10CD400010F07AFE9DF80D308342E7D13E807D8061
:10CD50002046E5E7322D0300660B0300F62C0300A6
:10CD600070B505692A6A0B0103F0F003D6680C461A
:10CD7000F0221121B0470028A1BF044B33F8143032
:10CD8000EB840020B8BF6FF0040070BD58070300AB
:10CD900070B505692A6A0B0103F0F003D6680C46EA
:10CDA000F0221021B0470028A1BF044B33F8143003
:10CDB000AB840020B8BF6FF0040070BD58070300BB
:10CDC000F7B543681B6804469847051E0BDB2669C8
:10CDD000336ADD6880231A4612212046A8470028BE
:10CDE00004DA6FF00405284603B0F0BD48F6B80039
:10CDF00011F01BFB336A0DF107029B680F212046DF
:10CE000098470028EDDB9DF807306A2BE9D1002117
:10CE1000204610F05FFE01460028E2D11D4BF36072
:10CE20002046FFF7B5FF0028DBD10421204610F093
:10CE300061FE01460028D4D1174BF3612046FFF76D
:10CE40008FFF05460028CCD1336A0722DF680A210C
:10CE500003462046B8470028C3DB336A4622DF6812
:10CE6000122144232046B8470028BADB336ADF6822
:10CE700010231A4615212046B8470028B1DB336A33
:10CE8000DE6880231A4616212046B0470028AADA19
:10CE9000A7E700BF0000744200B8884508B50269E2
:10CEA000436805491162586811F0C3FA00280CBFA5
:10CEB0006FF01200002008BD4C040300F7B51446C3
:10CEC000456803694AB932493248334A46230CF06F
:10CED000A0F8314846210CF093F82A2952D1AA7AB9
:10CEE0001B8C12F020016A7918BF1BB2002A49D0AE
:10CEF000EA792E7C042A09BF2A68EA899268128995
:10CF000009B1013EF6B24FF47A7783FB0232A3FBFC
:10CF1000073107FB0212A8796946CDE90032FEF716
:10CF20009DFC074658BB0198009BC6F12001B6F155
:10CF3000200200FA01F123FA06F343EA01035CBF81
:10CF400040FA02F213436E694FEAE37C18466146E9
:10CF50007EB1A6FB0301AA69104D002306FB0C114C
:10CF6000EFF776FA0E4BC61845EB0102B342934138
:10CF70000BD30B4A0023EFF76BFAC4E900023846E3
:10CF800003B0F0BD6FF08507F9E76FF02107F6E712
:10CF90009F2D0300660B0300632D030020A10700F3
:10CFA00040420F00F7B50023456804690746002298
:10CFB000684611F0C2FBDDE90023C4E906232868B6
:10CFC00011F037FA20B96FF01206304603B0F0BD09
:10CFD000E869002838D1284610F0D3FE064600281C
:10CFE000F3D16B79002B00F0A8802A7901239340BC
:10CFF00063602B7C23746B7C637404F12003A36057
:10D000000223E36095F8283083F00103A3747B6862
:10D01000D869F0B97C68E0690028D6D094F820205F
:10D0200003690121914042681268114266D1444966
:10D03000444A454840F2A2630BF0EBFF43480BF033
:10D04000E8FF40F2A2611BE011F0F3F90028C2D121
:10D05000B9E793F820105B8C03F03002302AD0E956
:10D06000014ED0F810C00ED13949364A364840F248
:10D07000F7330BF0CEFF37480BF0CBFF40F2F73120
:10D0800030480BF0BDFF03F00602042A09D13249F3
:10D090002C4A2D4840F2FE330BF0BBFF40F2FE312C
:10D0A000EEE724680125DA0705FA01F554BF43F4D9
:10D0B000B01383F4D013254223F480120CD12049FD
:10D0C000204A214840F211430BF0A3FF1F480BF008
:10D0D000A0FF40F21141D3E7DCF80040DB074CBF72
:10D0E0002C43AC43CCF80040DEF8003098470028D1
:10D0F00090DA10F1860F8DD0064666E71B683D6911
:10D100001942836814BF1B69DB6898471349606A3A
:10D11000134A0C464FF400470021E0FB074100236F
:10D120002046EFF7E5F902460B46684611F005FB8D
:10D13000DDE90023C5E9062347E76FF0850644E7EC
:10D140008C2E0300B22D0300660B0300CA2E0300D1
:10D15000E32D03001C2E0300592E03003F420F0055
:10D1600040420F00054BD3F81C312BB9044B187803
:10D17000003818BF01207047012070470020004090
:10D180007E3F0020074BD3F8082142B10020C3F8AE
:10D190000801D3F80821D3F818350B7070474FF009
:10D1A000FF30704700200040024BD3F88004C3F8E2
:10D1B00080047047002000400020094B30B5054630
:10D1C000141A002C02DDD3F8084104B930BDC3F8AD
:10D1D0000851D3F80841D3F818450C540130EFE753
:10D1E000002000400D4B00221A700D4B01229A6066
:10D1F0008022C3F80423EFF31183402282F31288C4
:10D20000BFF36F8F074A12781AB1074A0421C2F898
:10D21000001183F31188BFF36F8F70477D3F0020AB
:10D22000002000407E3F002000E100E0014B012291
:10D230001A7070477D3F0020024B0422C3F804237C
:10D24000704700BF00200040024B0422C3F80823AF
:10D25000704700BF0020004008B5074BD3F8040317
:10D2600010F0800004D0054B1B7813B9FFF77AFF4C
:10D2700008BD0020FCE700BF002000407D3F0020EB
:10D28000034BD3F80801003818BF0120704700BFD6
:10D2900000200040024B4FF40072C3F80423704793
:10D2A00000200040024B4FF40072C3F8082370477F
:10D2B0000020004008B50B4AD2F804331B0605D401
:10D2C000D2F8040310F0040005D108BDFFF7C4FF35
:10D2D0000028FAD1F4E7D2F80801003818BF01207D
:10D2E000F3E700BF00200040024B1960024B1A60B8
:10D2F000704700BF403700203C3700200E4A0F4BDC
:10D30000117851B1D3F81C1139B18021C3F8081339
:10D310000121D960002313707047D3F8242122B172
:10D320000022C3F82421D3F82431054B1B6813B124
:10D33000044A1168184770477D3F002000200040D4
:10D34000403700203C370020F8B50E4611F076F942
:10D350001B4D90BB64240127BFF35B8F55E8003F52
:10D36000002B03D145E80072002AF7D1BFF35B8F91
:10D3700007D021200021013C06F04AFB14F0FF04F5
:10D38000EAD1104B0022C3F81C21D3F81C110E491E
:10D390000A7001229A6042F21074C3F81C65FFF70C
:10D3A000E1FE20B9012010F008FE013CF7D1054B49
:10D3B0000122DA6000232B60F8BD01232B60E0E737
:10D3C00038370020002000407E3F0020F7B5614A3A
:10D3D000436805690024C2F800451F68064601AA93
:10D3E0002146384610F015FB00280FDB019B3A68F8
:10D3F00019791868FFF77AFB002807DB6B79366923
:10D40000012B06D0032B03D06FF0850003B0F0BDD5
:10D410001024AB79032BF7D1EB79002BF4D12979C8
:10D4200011B10229F0D10E212B68B3F5164F72D03D
:10D430002BD8B3F5165F70D014D8B3F5966F6ED0B5
:10D4400008D8B3F5967F6DD0B3F5167FDCD14FF4D5
:10D450001C3341E0B3F5166F67D0B3F5965FD3D1B7
:10D460003D4B39E0B3F5E14F62D007D8B3F5615FCA
:10D4700060D0B3F5964FC7D1384B2DE047F6122256
:10D480009342C1D14FF4000326E0B3F5613F54D07D
:10D4900011D8B3F5963F52D008D84DF6C02293422A
:10D4A0004FD0B3F5614FAFD12D4B15E0B3F5E13F50
:10D4B000AAD12C4B10E0B3F5612F45D007D82A4AEA
:10D4C000934243D0B3F5E12F9ED1284B04E0284A84
:10D4D000934299D14FF080531E4A0C43C2F8243531
:10D4E000C2F86C4595E8030086E803000024042395
:10D4F000C2F80035C2F80841D2F808311D4B0121AD
:10D500001160022022461970F4F796FA0220F4F70F
:10D5100063FA20467AE7184BDEE7184BDCE74FF456
:10D520009E23D9E74FF4A033D6E74FF41D23D3E76A
:10D53000134BD1E74FF46C13CEE7124BCCE7124BF1
:10D54000CAE74FF46503C7E7104BC5E74FF08063A8
:10D55000C2E700BF0020004000B0130000A04E0052
:10D5600000F0EB0000E0D70190D0030000705F07EF
:10D5700040420F007E3F002000509D0000502700D9
:10D5800000F0750000B0AF0300903A0100D0BE0E6D
:10D59000F8B500240A4D0B4F2646131B002B02DD65
:10D5A000FFF7E0FD08B92046F8BDC5F81C61D5F8C5
:10D5B0001C310B5D3E700134C5F81C35EDE700BF32
:10D5C000002000407E3F002038B51149D1E90030ED
:10D5D000D41AE31840F1000022F07F45C1E9003081
:10D5E000A5F50013B3F5400F09D20A4B1B681A0AC0
:10D5F0001B065819084B42F10001C3E9000107F06E
:10D600000FF801462046BDE8384006F06FBF00BF66
:10D61000602000204C370020682000200D4B186847
:10D62000010A0006BFF35F8F0B4BD3F804351818BF
:10D6300041F10001B3F5801F0AD2084BD3E9002362
:10D64000904271EB030303D210F1807041F10001AD
:10D65000704700BF4C3700200010014068200020B8
:10D660002DE9F7432B4CD4F8043399070BD5D4F8A4
:10D67000043143B1284A0023C4F80431D4F80431FA
:10D68000136801331360D4F80433DA0323D5BFF3EE
:10D690005B8F224B53E8002F22F0010143E800107A
:10D6A0000028F7D1BFF35B8FD30702D4D4F8403101
:10D6B0008BB10025C4F84051D4F84031FFF7AEFFDC
:10D6C000EFF3108272B6164BD3E90267B042B9414C
:10D6D00004D282F3108803B0BDE8F0834FF0FF3826
:10D6E0004FF0FF39C3E90289D3E900101D604FF400
:10D6F0008033C4F84833C4F84051D4F8403182F341
:10D7000010880029E7D0009032463B4628468847DB
:10D71000E1E700BF001001404C37002044370020F3
:10D72000502000202DE9F84F4B4DBFF35B8F06468C
:10D730000F4655E8008F28F0010345E80032002A23
:10D74000F7D1BFF35B8F454C4FF48039C4F8089391
:10D75000BFF35F8FBFF36F8FFFF760FFB04271EBD6
:10D76000070308F0010840D23D4B301A67EB010176
:10D77000984271F100014CD23A4BD3E902239F4207
:10D7800008BF96423ED04FF0000CC4F84893C4F84E
:10D7900040C126F07F40D4F84031DFF8CCA083466A
:10D7A00003216FF0020E2BF07F43C4F84035C4F81C
:10D7B0004493D4F80425AEEB02035B4423F07F438B
:10D7C00053451FD9D4F840315BB1D4F80425131A5E
:10D7D00023F07F43B3F5000F14D9C4F840C1D4F847
:10D7E000403101EB020B0131DDE7204BBFF35B8FD2
:10D7F00053E8001F41F0010143E80012002AF7D16D
:10D80000BFF35B8F174B1A4A1A60C3E90267002205
:10D810005A60B8F1000F1CD0BFF35B8F55E8003F92
:10D8200043F0010345E80032002AF7D1BFF35B8FD4
:10D830004FF48033C4F804330C4BBFF35B8F1B6889
:10D84000BFF35B8FDB0742BF0A4B4FF40032C3F8D4
:10D850000021BDE8F88F00BF4837002000100140CC
:10D860000100800050200020FDFF7F004437002091
:10D87000C9D5010000E100E070B5194C194BC4F89E
:10D880000833C4F84833184B00254FF0FF304FF0F1
:10D89000FF31C4F80855C3E902014FF48033C4F8DE
:10D8A0000433124B02264FF40032C4F80463012102
:10D8B000C3F8802111202A46F4F7BEF81120F4F7AE
:10D8C0008BF801230A4AA3600021236009481360F2
:10D8D000FFF728FF3046FEF741FC284670BD00BF29
:10D8E0000010014003000F005020002000E100E084
:10D8F00048370020FFFF7F00431C10B50F4C05D0B8
:10D900008442A8BF0446012CB8BF0124FFF786FE5D
:10D910000B4AD2E90031C01AB0F5000F074A0AD20B
:10D920002044904228BF1046C018BDE8104041F185
:10D930000001FFF7F7BE1046F6E700BFFFFF7F00CC
:10D940006020002008B5FFF769FE024B1B68C01A73
:10D9500008BD00BF6020002002460B46014803F0CE
:10D96000CDBC00BF4C0A0020014803F08FBD00BFB2
:10D970004C0A00201FB5002301930A220293CDF820
:10D980000B300091014601A811F084FD084A0949B5
:10D9900009484FF4AC730BF03CFB0848009A01A90E
:10D9A0000BF037FB02484FF4AC710BF029FB00BFC2
:10D9B000F02E03003D370300660B0300292F030000
:10D9C00070B5064688B024480D46244904F012FB81
:10D9D00003A8EEF7F0FD224810F02BFD002834D00C
:10D9E000204B019301A8E4F759FF88BB4FF0FF30AB
:10D9F0004FF0FF31FFF7B0FF044638B91A491B4812
:10DA0000E4F798FB044620B1FFF7AEFF204608B0CC
:10DA100070BD41F64C5302A80293E6F715F820B109
:10DA2000FFF7A2FF6FF08504F0E7012368468DF849
:10DA30000030EFF7EAFD0028F2D1FFF795FF3369D8
:10DA40000B481D60F6F774FAE0E76FF01204DDE7AB
:10DA50006FF01504DAE700BF5437002081DE0200C2
:10DA600034F7020075DA0100702000200DDC01009F
:10DA7000E1DB010010B503460A46114881680C68D5
:10DA800064B91049104A114866230BF0C2FA1048D5
:10DA90000BF0BFFA0C4866210BF0B2FA1946A0470A
:10DAA00068B10C490C4A09484FF436730BF0B1FACF
:10DAB0000A480BF0AEFA08484FF43671ECE710BD97
:10DAC00034F70200852F0300512F0300660B03007B
:10DAD000A52F030097260300F02E0300CB2F030091
:10DAE00030B52D4885B0E4F7A9FA044600284ED198
:10DAF000E4F75EFB0125E4F767FBEEF75EFDEEF76A
:10DB00005EFDEEF75EFDEEF75EFD01AA0221204606
:10DB10008DF80450E4F7C0FA031E37DB082301AA8E
:10DB200007212046ADF80430E4F7B6FA031E2DDBDA
:10DB30004FF04513019301AA40F20323032120462D
:10DB4000ADF80830E4F7A8FA031E1FDB01AA042190
:10DB500020468DF80450E4F79FFA031E16DB1F23BE
:10DB600001AA06212046ADF80430E4F795FA031E19
:10DB70000CDB40F27E7293420CD984F31188BFF320
:10DB80006F8F0423184602DF6FF00B031C462046FC
:10DB900005B030BD2346F9E775D9010008B50A493B
:10DBA0000A4810F03BFD00280CDA0949094A0A48E6
:10DBB0002F230BF02EFA09480BF02BFA05482F21E2
:10DBC0000BF01EFA08BD00BF54370020F0270020DC
:10DBD0003D37030005300300660B03002E300300C1
:10DBE000094B93F84A30042B02D1810709D47047BE
:10DBF000022B02D1020704D47047082B03D18306FD
:10DC000001D5FFF7CBBF70477F3F002070B5334C85
:10DC100094F84A30EBB194F84A30042B3AD120788A
:10DC20003E2828D1A678B31E5E425E416378023357
:10DC30004A2B3DD8002200233146F6F787F90546E6
:10DC4000D8B9BEB1002384F84A30BDE87040FFF770
:10DC5000A5BF4FF0FF304FF0FF31FFF77DFE48B911
:10DC600004F14A01204600F015FB0546FFF77CFE53
:10DC7000002DD0D070BD0026D8E762780232174957
:10DC800005F10C000BF032FB154B16481B682946BA
:10DC90009847D7E7022B14D1002200230820F6F77B
:10DCA000FBF805460028E5D0628804324A2AE6D906
:10DCB000002383F31188BFF36F8F0423184602DF1C
:10DCC000C0E7082BBED1002200232020F6F7E4F89D
:10DCD000628805460028E8D1CCE700BF7F3F0020DE
:10DCE000503700206CF702002DE9F341A94D2C7844
:10DCF0000746002C40F0C68204238DF80730A64B5F
:10DD00000688D3F80080B8F1000F15D1B6F5105F82
:10DD10004FEA96230BD2002B00F0A782013B072B82
:10DD200062D8DFE803F026614D95616161DD3F2B2C
:10DD300000F0DE81012019E20DF106030DF107026A
:10DD4000691CC0470128E1D09DF8063013B90128AD
:10DD500040F08E820F236B700423AB700123E870B8
:10DD60002B71A5F8056001232B70002002B0BDE8DF
:10DD7000F081384640F2064230F9033B934219D015
:10DD800040F21D42934218D0012042F219039E42F4
:10DD900000F2588242F20C039E4200F24C8240F2A2
:10DDA000064340F21D429E4218BF964214BF012412
:10DDB000002430E0E5F7F6FBE7E7E5F769FCE4E788
:10DDC000384640F6634230F9033B934234D00EDCD0
:10DDD00040F60342934223D040F62D42934222D094
:10DDE00040F60142934213D00120044613E040F66E
:10DDF0007B42934223D040F67C429342F4D19DF87B
:10DE00000730664902338DF80730EFF79BFB01E0DE
:10DE1000E4F718FA012484F001038DF8063093E743
:10DE2000EEF7C0FBF6E79DF807305C4903338DF849
:10DE30000730EFF7BFF9EDE7E4F716FAEAE79DF8E8
:10DE40000730564904338DF80730EFF76DFBE1E7F3
:10DE50003B88A3F58053013B082BC5D801A252F89B
:10DE600023F000BF89DE01009BDE0100AFDE010070
:10DE7000E9DD0100E9DD0100E9DD0100E9DD010086
:10DE8000E9DD0100CFDE01009DF80730434808338B
:10DE90008DF80730EFF77CF9BCE79DF807303F4875
:10DEA00040338DF807300FF0EDFF0020B2E79DF80A
:10DEB000073008338DF80730384B00221A605A605B
:10DEC000EB7A23F0600343F06003EB72EDE79DF81B
:10DED0000730324806338DF80730EFF7A0F999E79D
:10DEE000384630F8033BA3F50053013B4D2B00F2BD
:10DEF0009381DFE813F0550062006B00910174001C
:10DF0000770091017A007D008000910191019101DB
:10DF10009101910191019101910191019101910171
:10DF2000830086008F0091019800A100AA00910152
:10DF30009101910191019101B5009101BE00910102
:10DF40009101C100C400C700CA0091019101D30032
:10DF5000D600D900E200EB00EE00910191019101A1
:10DF60009101910191019101910191019101910121
:10DF70009101910191019101910191019101910111
:10DF800091019101910191019101F10091019101A2
:10DF9000FA0000BFCA3F002064370020D13F0020B4
:10DFA000E4F76CF942F264039E423FF434AF42F26C
:10DFB00064039E4200F2DA80E7E69DF80730B3483A
:10DFC00003338DF80730E5F7E3FAEBE79DF8073008
:10DFD000AE4808338DF80730EFF734FAE2E7EFF791
:10DFE0003AF9DFE7E5F730FCDCE7EFF758FAD9E775
:10DFF000EFF730FAD6E7E5F781FCD3E7EFF712FA4F
:10E00000D0E79DF80730A14910338DF80730EFF7BE
:10E01000FDF8C7E79DF807309C4808338DF80730B6
:10E02000EFF7C2F8BEE79DF80730984902338DF844
:10E030000730EFF759FAB5E79DF8073093490233F7
:10E040008DF80730EFF761FAACE79DF80730083339
:10E050008DF807308F23EB71C023EB720020A1E70E
:10E060009DF80730894902338DF80730EFF702F940
:10E0700098E7E5F7C9FA95E7EFF71FF892E7EFF7AA
:10E080003FF88FE7EFF772F88CE79DF807307F488D
:10E0900001338DF80730EFF777F883E7EFF756F89D
:10E0A00080E7EFF74AF87DE79DF8073077480833B7
:10E0B0008DF80730EFF70EF974E79DF807307349D4
:10E0C00004338DF80730EFF730F96BE7E5F7B4FA72
:10E0D00068E7EFF770F965E79DF807306B480233A2
:10E0E0008DF80730EFF781F85CE7EFF703F959E7B0
:10E0F00038464FF60C5230F8033B934222D84FF685
:10E100000252934212D803F2FF3292B20A2A3FF629
:10E1100011AEA3F57C43013B0A2B7FD8DFE803F067
:10E120001E347E7E7E5B7E7E49525E00A3F57D437B
:10E13000033B092B72D8DFE803F05A715D717171EE
:10E14000607171634FF6145293425CD04FF61652D1
:10E1500093427FF4EFADE5F77FFC07E09DF80730D1
:10E160004A480C338DF80730EEF72FFA42F2850358
:10E170009E4274D842F267039E4251D842F266032F
:10E18000F41A18BF012446E69DF8073040338DF895
:10E1900007303E4B00201880EB7923F0230343F037
:10E1A0002303EB712B7A23F0070343F007032B7251
:10E1B000DCE79DF80730354817338DF80730EEF768
:10E1C0001EFAD3E79DF80730304820338DF807302A
:10E1D000EEF739FACAE7EEF710FAC7E79DF807300D
:10E1E0002A4801338DF80730EEF74AFABEE7EFF719
:10E1F0000CFABBE7E5F728FCB8E7EEF757FAB5E706
:10E20000EFF7ECF9B2E79DF80730204904338DF8B9
:10E210000730EEF74FFAA9E70120C3E60120C6E672
:10E22000A6F50153283B9AB2194BD34003F00103E2
:10E2300083F00104EFE5A6F500530D3B9AB241F2DD
:10E240004123F2E742F232039E423FF4E4ADA6F5E9
:10E250000153033B012B94BF00240124DBE526F08E
:10E2600008034FF602529C1A8BE701242046D2E5A0
:10E270009DF80730AB700E2201236A70EB70AE8000
:10E28000A87170E54FF0FF3070E500BFD13F00206E
:10E290002F80402038B5094C23780D461BB9BDE8C6
:10E2A0003840EEF7E8BAA278611C023211F0ACF8FF
:10E2B0000020042320702B7038BD00BFCA3F00200F
:10E2C00070B506460C460F4D284610F0B2F8A8B1BE
:10E2D000A2B2AB681B6863B90B490C4A0C486623B1
:10E2E0000AF097FE0B480AF094FE084866210AF0EF
:10E2F00087FE31462846BDE8704018476FF012008F
:10E3000070BD00BF34F70200852F0300512F0300BA
:10E31000660B0300A52F030002484FF4007106F0BE
:10E320008DBE00BF124000201FB5002301930A22BA
:10E330000293CDF80B300091014601A811F0AAF824
:10E34000084A0949094840F24D130AF062FE08489C
:10E35000009A01A90AF05DFE024840F24D110AF050
:10E360004FFE00BF5C3003003D370300660B030027
:10E370008930030013B54FF4FA73ADF8043000236D
:10E380008DF806304FF48053ADF80030104A022368
:10E39000192168468DF80230ECF704FE044698B95E
:10E3A0000FF005FA80B2EAF753FE01222146082059
:10E3B000F3F742FB012221460B20F3F73DFB01223C
:10E3C00021461046F3F738FB204602B010BD00BFCF
:10E3D00029E3010008B54FF0FF304FF0FF31FFF7A0
:10E3E000BBFA48B107490848084AE6230AF011FE7B
:10E3F0000648E6210AF004FEF1F77FF9BDE808407F
:10E40000FFF7B2BAA0300300660B03005C300300D4
:10E4100008B502460B460A480A4904F05DF8002890
:10E420000CDA0949094A0A4847230AF0F2FD09486B
:10E430000AF0EFFD054847210AF0E2FD08BD00BFE4
:10E44000F0270020780300203D370300053003004B
:10E45000660B0300AD30030008B50A490A4810F006
:10E46000DDF800280CDA0949094A0A482F230AF086
:10E47000D0FD09480AF0CDFD05482F210AF0C0FD66
:10E4800008BD00BF6C370020F02700203D37030097
:10E4900005300300660B03002E30030008B5BFF300
:10E4A0005B8F074B1B68BFF35B8F43B1EAF766FDD9
:10E4B000BDE808404FF400300021FFF7A9BF08BDB8
:10E4C0006837002013B500241449154800946FF0F4
:10E4D00009034FF4806203F063FF1249104804F00F
:10E4E000FBFA1149114803F085FD22460421192049
:10E4F000F3F7A2FABFF35B8F0D4B012253E8001F25
:10E5000043E800200028F9D1BFF35B8F4FF40030BF
:10E510000021FFF77DFF204602B010BDC858002043
:10E52000F0270020D3300300D5E301006C37002032
:10E530006837002008B5F2F723FEF2F7F7FE0E4A1F
:10E540000E4B92E803000E4A83E8030092E80300B2
:10E550000C4B0D4A83E8030092E803000B4B0C4A76
:10E5600083E8030092E803000A4B83E80300BDE858
:10E57000084008F09DBA00BF98040020A037002092
:10E580009004002094370020880400208837002061
:10E59000A00400207C37002010B9024B1B681847EC
:10E5A000704700BFAC37002010B538B101280BD13F
:10E5B000BDE810400B490020EAF762BC0A4BBDE8F9
:10E5C00010401B68012018470849094A09484C2394
:10E5D0000AF01FFD08480AF01CFD05484C210AF00E
:10E5E0000FFD00BF99E50100AC3700203D37030067
:10E5F000DD300300660B03001A31030008B598B143
:10E60000012804D1BDE808400020EAF755BC0749BD
:10E61000074A08485F230AF0FCFC07480AF0F9FCA7
:10E6200003485F210AF0ECFC08BD00BF3D37030042
:10E63000DD300300660B03001A310300014B186044
:10E6400000207047AC37002010B50C29036913D1A6
:10E6500018680B4C80EAE073A3EBE073990803F0B1
:10E660000303002804FB03F3BDBF49425B42116072
:10E6700011605360002010BD6FF08500FBE700BF04
:10E6800090D00300024AD2F80034002BFBD0704730
:10E6900000E0014010B54FF08053D3F83021082A34
:10E6A0004ED14FF080420021C2F80C11C2F8101177
:10E6B000C2F8381502F54042D3F80414C2F8201508
:10E6C000D3F80814C2F82415D3F80C14C2F828158E
:10E6D000D3F81014C2F82C15D3F81414C2F830155E
:10E6E000D3F81814C2F83415D3F81C14C2F8401526
:10E6F000D3F82014C2F84415D3F82414C2F84815EE
:10E70000D3F82814C2F84C15D3F82C14C2F85015BD
:10E71000D3F83014C2F85415D3F83414C2F8601585
:10E72000D3F83814C2F86415D3F83C14C2F868154D
:10E73000D3F84014C2F86C15D3F84434C2F87035DD
:10E740000FF02BFC18B1374B374AC3F88C260FF06B
:10E7500024FC18B1354BFB22C3F818250FF01DFC23
:10E7600058B14FF080424FF08051D2F8E43ED1F8DA
:10E77000581261F30303C2F8E43E0FF00EFC20B11F
:10E780002B4B4FF40072C3F840264FF08053D3F860
:10E790003031082B17D14FF08043D3F80024D20733
:10E7A00044BF6FF00102C3F800244FF08053D3F848
:10E7B0003431042B81BF4FF01023D3F808224FF0DF
:10E7C0008043C3F858254FF01023D3F80022002AC5
:10E7D00003DBD3F80432002B22DA164901234FF071
:10E7E0001020C1F804351224FFF74CFFC0F8004296
:10E7F000FFF748FFC0F80442FFF744FF0023C1F8C9
:10E800000435FFF73FFFBFF34F8F0B490B4BCA682F
:10E8100002F4E0621343CB60BFF34F8F00BFFDE70C
:10E8200010BD00BF005000404881030000F00040D0
:10E830000090024000E0014000ED00E00400FA0515
:10E84000034A430900F01F00D35C1844C0B270476C
:10E850007945030010B504460846FFF7F1FF04EBC5
:10E860004000838ADA051CD5C3F3432123F4F8530F
:10E87000838204F1120204F1720032F8023F13F4B1
:10E88000807F03D0C3F3432399420AD09042F4D14E
:10E8900004EBC10300225A6004F178000FF0ADFBD5
:10E8A00000B910BD05490648064A4FF4DB730AF06B
:10E8B000B0FB04484FF4DB710AF0A2FB972603007B
:10E8C000660B03003831030008B5026801461046A4
:10E8D0000FF0B0FB58B91149114A12484FF4826346
:10E8E0000AF097FB4FF482610D480AF089FB02F0B1
:10E8F0001F0352090B600BD0012A0CD00A49084AA9
:10E90000084840F219430AF084FB40F21941EBE752
:10E910004FF0A04008BD0548FCE700BF722C030083
:10E920003F2C0300660B03003D370300000300503B
:10E93000072808B50BD908490848094A40F2A73307
:10E940000AF067FB064840F2A7310AF059FB800045
:10E9500000F5807008BD00BFAB310300660B0300FB
:10E9600076310300024611F0010030B515D18B0756
:10E97000C1F3400022D51249D1F8200550604FF074
:10E980008052C1F82005D2F83021082A08BFD1F8FA
:10E990002025003818BF012010E04FF0A0444FF0B0
:10E9A0008055D4F820351360C4F82035D5F830519F
:10E9B000082D08BFD4F82045002BD8D030BD00BFAB
:10E9C00000030050F7B504460846FFF739FF04EB93
:10E9D00040060D46B38ADB072AD520460FF01DFC02
:10E9E000294620460FF038FB50B120460FF063FB5C
:10E9F000276807EB80000023C0F81035C0F81035F9
:10EA0000204629460024FFF725FFB48201A801957E
:10EA1000FFF75AFF019B00EB8300074BD0F800275C
:10EA2000134043F00203C0F80037204603B0F0BDA6
:10EA30006FF01500FAE700BFF0F8FCFF2DE9F04396
:10EA40000E4685B01746044658B95A495A485B4A9B
:10EA500040F25E430AF0DDFA584840F25E410AF0A7
:10EA6000CFFA0846FFF7ECFED7F800800546B8F16C
:10EA7000000F19D020460FF013FB18BBCDE90000A2
:10EA80008DF80E008DF80F0043460DF10F020DF1C9
:10EA90000E0130460FF038FB04EB4502938A23F059
:10EAA000020343F0010393827B689BB33146204607
:10EAB00093F80080D3F804900FF0E7FA28B1B9F189
:10EAC000000F1FD06FF0150027E004EB4500838A8C
:10EAD00023F4604323F020038382B9F1000F11D0A7
:10EAE000B8F1030FEED87B6821685B6893F800C02B
:10EAF0004FEA8C031944B8F1000F11D1C1F8108509
:10EB0000C1F8108504EB4502938A23F01C0343EA05
:10EB100088039382BB6843BB002005B0BDE8F08347
:10EB2000D1F8102522F00302C1F810252268134401
:10EB3000D3F8102522F44F3222F44072C3F8102586
:10EB40003202D3F8101502F47C5242EA08420A431A
:10EB5000C3F8102504EB4C03A3F87C60838A43EAD6
:10EB60004C3343F020038382CCE7D3E9007831466D
:10EB70002046FFF76FFE002FCED063689F4206D07D
:10EB800004F178000FF01BFA002804DAC5E7A36847
:10EB90009845F5D1002004EBC003C3E9017804EBEC
:10EBA0004505C0B2AB8A43EA402343F48073AB828D
:10EBB000B2E700BFB5310300660B03003831030034
:10EBC0002DE9FF410C4616461F46054658B93C49FB
:10EBD0003C483D4A4FF48D630AF01BFA3A484FF423
:10EBE0008D610AF00DFA0846FFF72AFE804616B33B
:10EBF00028460FF04AFA18B928460FF02DFA08BB3C
:10EC0000214628460FF033FA10B17378012B19D042
:10EC100001238DF80F300023CDE90063721CB31C73
:10EC20000DF10F0120460FF06FFA05EB4802938AB1
:10EC300043F003039382002F3FD0214628460FF074
:10EC400024FA20B96FF0150004B0BDE8F0813E78D9
:10EC50002B6803EB8603002205EB4800C3F8102560
:10EC6000C3F81025838A23F4604323F020038382B2
:10EC700079784FEA860C01B32A68BF7862440904A8
:10EC8000D2F8103523F4991323F4F853C2F8103551
:10EC9000230201F4403103F47C530B433905D2F8CD
:10ECA000105501F480110B432B43C2F81035838AB1
:10ECB00043EA463343F0200383820020C4E700BFC9
:10ECC000B5310300660B03003831030008B558B9AD
:10ECD00007490848084A40F271430AF09AF9064881
:10ECE00040F271410AF08CF9C0E9031208BD00BF7F
:10ECF000B5310300660B03003831030070B51546CB
:10ED0000044658B91349144A144840F27A430AF0A9
:10ED100080F940F27A4110480AF072F94AB9104974
:10ED20000D4A0E4840F223330AF073F940F22331C2
:10ED3000F1E70FF091F948B10846FFF781FD04EBC8
:10ED400040040020A38A5B0B2B7070BD6FF0150090
:10ED5000FBE700BFB531030038310300660B030049
:10ED6000BF33030070B5044658B916491648174A10
:10ED70004FF491630AF04DF914484FF491610AF091
:10ED80003FF990F88C50D5B960222946143010F024
:10ED900062FB2668E8B20135FFF7CAFD082DF9D1FC
:10EDA0000025C6F87C5146F30730D6F87C31F2F7DF
:10EDB00013FE012384F88C30A367284670BD6FF0E2
:10EDC0007700FBE7B5310300660B03003831030021
:10EDD00008B558B908490948094A40F28F430AF072
:10EDE00018F9074840F28F410AF00AF990F88C00B0
:10EDF000003818BF012008BDB5310300660B0300C1
:10EE00003831030008B558B907490848084A40F2A4
:10EE10009D430AF0FEF8064840F29D410AF0F0F8E2
:10EE2000BDE80840FFF7CEBDB5310300660B030017
:10EE30003831030008B558B908490948094A40F271
:10EE4000A4430AF0E6F8074840F2A4410AF0D8F8D3
:10EE5000BDE8084004480FF0D0B800BFB53103004A
:10EE6000660B0300383103002408002010B50C465F
:10EE700058B90A490A480B4A40F2AB430AF0C9F8AC
:10EE8000084840F2AB410AF0BBF807480FF097F88A
:10EE90000028A4BF2070002010BD00BFB5310300C2
:10EEA000660B030038310300240800202DE9F341EC
:10EEB0000D461646044658B93849394A39484FF480
:10EEC000A5630AF0A6F84FF4A56135480AF098F852
:10EED0000FF0CDF848B93449314A324840F2354351
:10EEE0000AF097F840F23541EFE720460FF0B4F80A
:10EEF0002768F8B120460FF0C8F88046D0B9204600
:10EF00000FF0D9F80546FFF713FD47F800803B588E
:10EF1000236803EB8503D3F8102542F00102C3F800
:10EF2000102526B122680123AB40C2F8043302B099
:10EF3000BDE8F081D7F80433002BA4BF4FF00043A5
:10EF4000C7F804334EB91949154A164840F24F43E1
:10EF50000AF05FF840F24F41B7E72846FFF770FC30
:10EF600004EB4004A38AC3F38203042B12D0052BC5
:10EF700012D001A80195FFF7A7FC019BD0F810154E
:10EF8000D94001F001010231284602B0BDE8F0414C
:10EF90000FF007B90321F7E70221F5E7B5310300C8
:10EFA00038310300660B0300C0310300E131030078
:10EFB00008B558B907490848084A40F22F530AF0E3
:10EFC00028F8064840F22F510AF01AF8BDE8084028
:10EFD0000FF023B9B5310300660B0300383103008D
:10EFE0002DE9F04F07468BB058B975497548764AF8
:10EFF00040F25C630AF00DF8734840F25C6109F07E
:10F00000FFFF8046082258F804ABDAF80413C9B2AF
:10F0100041F0004150460FF0D3F8051E2FDA0023CF
:10F02000032108A8CDE90833FFF79CFC674B029346
:10F030000DF120094FF0000B029A654912F8013BCF
:10F040000292DA0803F007038A5C22FA03F3DB0773
:10F050001CD40BF10103022B09F104094FF0010B41
:10F06000EAD14FF00041002250460FF0A9F80321E9
:10F0700008A8FFF777FC0028D8D125F00045012427
:10F08000002D40F086800BB0BDE8F08F514B5B4403
:10F090000393D9F800100029DBD0039B91FAA1F16A
:10F0A0001C78B1FA81F141EA44142046FFF7C8FB0D
:10F0B00007EB40000794828AC808C2F3820319F85C
:10F0C00000600193CDE9042301F00701012303FA55
:10F0D00001F126EA010109F8001007A8FFF7F4FB87
:10F0E0000799049A059B01F5E07112F0100F50F892
:10F0F0002160C6F3014633D0019A214640460EF006
:10F10000E4FF07A80794FFF7DFFB079B03F5E07315
:10F11000F6B250F82330C3F301439E4207D10021D9
:10F1200020460FF03EF8314620460FF03AF807A887
:10F130000794FFF7C9FB079B012202FA03F3C0F80B
:10F1400020354FF08053D3F83031082B01BFD0F871
:10F150002035D0F82035D0F82035D0F8203598E784
:10F16000022E14BF02210321204604930FF019F848
:10F17000049B032B03D0022E07D1012BD7D1019A78
:10F18000214640460EF0A1FFD1E7032ECFD1022B3E
:10F19000F4E795FAA5F3B3FA83F304FA03F225EA48
:10F1A000020503F5A27207EB43035AF82220B3F8D5
:10F1B0007C10C2F3014240460EF087FF60E700BFBB
:10F1C000B5310300660B03003831030089450300A5
:10F1D000B80403008945030010B548B91B491C4811
:10F1E0001C4A722309F015FF1A48722109F008FF22
:10F1F000194C23783BBB0278C2F3400392070FD52A
:10F200004FF08053D3F83021082A08D1D3F8343195
:10F21000022B02BF4FF080430122C3F8382601239E
:10F220004FF08042C2F88035037803F00103C2F842
:10F2300078350020F2F7F2FB08B9F2F7CDFB012395
:10F240002370002010BD6FF07700FBE7323403001D
:10F25000660B0300EC310300124200204FF08043A4
:10F260004FF46072C3F80823014B00221A60704704
:10F27000B437002008B558B909490A480A4A40F28B
:10F28000431309F0C6FE084840F2431109F0B8FEE6
:10F29000FFF7E4FF03680BB1044A136008BD00BF29
:10F2A00029320300660B0300EC310300B437002061
:10F2B00010B54FF08043D3F80443620714D54FF4E0
:10F2C00084700EF0CCFF78B1404B1B685BB94049AD
:10F2D000404A414840F26F1309F09BFE40F26F1123
:10F2E0003C4809F08DFE9847A30613D54FF48A7069
:10F2F0000EF0B5FF70B1394B1B684BB93849354A30
:10F3000035484FF4BC7309F084FE4FF4BC71E7E755
:10F3100000209847600613D54FF48C700EF09FFFC5
:10F3200070B12E4B1B684BB92D492A4A2A4840F22E
:10F330007F1309F06EFE40F27F11D1E7012098475C
:10F34000210613D54FF48E700EF089FF70B1254B56
:10F350001B684BB924491F4A1F484FF4C47309F076
:10F3600058FE4FF4C471BBE700209847E20513D55F
:10F370004FF490700EF073FF70B11A4B1B684BB9CD
:10F380001949144A144840F28F1309F042FE40F222
:10F390008F11A5E701209847A30515D54FF492706A
:10F3A0000EF05DFF80B10F4B1B684BB90E49094A47
:10F3B00009484FF4CB7309F02CFE4FF4CB718FE763
:10F3C000BDE810400220184710BD00BFBC37002028
:10F3D00041320300EC310300660B0300B837002014
:10F3E00062320300B43700208432030080F08003CF
:10F3F000042B04D8054B034413F8800C70470728EE
:10F400009ABF034B185C0020704700BF8B45030078
:10F4100090450300064B93F82E00012806D00228E1
:10F4200018BF042814BF0120002070470020704737
:10F43000C037002010B5164B164A0020C3F800054F
:10F4400092F82F40D3F8041382F82E40146821F06C
:10F4500033010CB141F02301C3F81C01D3F81C4166
:10F46000C3F81801D3F81841C3F80801D3F808010C
:10F4700092F8340092F8332002F0010200F001000B
:10F48000D20142EA80120A43C3F8002310BD00BF34
:10F4900000700040C037002070B50D4A002392F87C
:10F4A000301001251E4618B90BB182F8301070BD1E
:10F4B00090FAA0F3B3FA83F305FA03F40C3302EBEA
:10F4C000430320EA0400DE8021EA04010123EAE785
:10F4D000C037002038B5431EFE2B09D90F4910480C
:10F4E000104A9A2309F095FD0E489A2109F088FDEB
:10F4F0000D4B012493F8305000220823204203D002
:10F50000254208D00132D2B2013B4FEA4404F5D182
:10F510000A70184638BD6FF01500FBE7E1320300B2
:10F52000660B0300A4320300C037002073B500232C
:10F53000044601AA0E464FF4807101930EF0B0FE0E
:10F540004FF48A7120460EF0ABFE4FF482710546EF
:10F5500020460EF0A5FE20B11EB115B1144BD3F814
:10F56000343601AA4FF4847120460EF099FE4FF410
:10F57000867120460EF094FE4FF4887120460EF0FE
:10F580008FFE0C4B234083B14FF48E75294601AAA0
:10F5900020460EF085FE291F083589B22046ADB2FF
:10F5A0000EF07EFEB5F5AE7FF0D1019802B070BDD1
:10F5B00000700040C0FF3F002DE9F04F9A464FF029
:10F5C000805393B0D3F830411C9D082C3FD1D3F821
:10F5D0003431012B3BD00DF1080C0AAF3E4C3E46B6
:10F5E000E046002304EB031E0133DEF8189548F8CB
:10F5F000049B082BDEF81CE546F804EBF2D1D4F8A6
:10F60000F065D4F8403601934FF0010E0023D4F892
:10F610004496D4F84886C4F8FC3FC4F8FCEF2E4C5E
:10F620005CF804BB04EB031E0133CEF818B557F8A1
:10F6300004BBCEF81CB5082BF2D1019BC4F84036B0
:10F64000F6B2C4F84496C4F84886C4F8F065234B73
:10F65000002483F8334083F834409C601C611D60B3
:10F6600083F831009C831C4BC3F8F015C3F8F425D4
:10F670007DB32322C3F80023184D174C0022012725
:10F68000110107FA02F301F18046034006F5E04656
:10F6900019BF95F81EE095F81FC09C469E46002BAA
:10F6A00004EB0103C6F810E5C6F814C5D3F8181525
:10F6B00014BF5646002621F08071013241EA0661EE
:10F6C000082AC3F8181505F10205D9D113B0BDE811
:10F6D000F08FC3F80053CFE700700040C037002020
:10F6E000F8B50446C079FF2809D12B492B482C4A8C
:10F6F000E62309F08EFC2A48E62109F081FC267AEF
:10F700006779617AFFF772FE10B96FF01500F8BDE6
:10F71000244A01F10C0502EB4503012F987139D100
:10F720003046FFF763FE0028EFD002EB4505E87195
:10F73000E378A0781B03000200F4E06003F4805338
:10F740000343207800F0030003432079000400F411
:10F75000E02003436078000100F030000343A0790B
:10F76000000600F0807003436079000500F480100B
:10F770000343080100F1804000F5E040C0F818356F
:10F78000012303FA01F192F830300B4382F8303054
:10F790000020BCE70020C8E719330300660B030014
:10F7A000A4320300C0370020084B01229A600022D7
:10F7B000C3F81421D3F8141105498020C1F8800141
:10F7C000C3F80025C3F80025704700BF0070004053
:10F7D00000E100E070B5204D95F82E40002C38D1A6
:10F7E000FF20012685F82E60FFF756FE1B4B1C48B4
:10F7F000C3F80041D3F80021C3F80441D3F8042131
:10F80000C3F81041D3F81021C3F81441D3F81431D0
:10F810001C239A0806FA02F111F0330F1CBF03F102
:10F82000804101F5E24102F1FF3218BF0C6006FA97
:10F8300002F218BF096812F0330F1CBF1C501A588F
:10F8400008335C2BE5D10720F2F7C6F800202860CA
:10F8500070BD6FF07700FBE7C037002000700040FC
:10F86000FC70004008B50E4B93F82E30024603B1F1
:10F8700058B90C490C480D4A4FF4EA7309F0C9FB1A
:10F880000A484FF4EA7109F0BBFBFFF7C3FD20B94A
:10F89000BDE808401046FFF723BF6FF00F0008BD1A
:10F8A000C037002088330300660B0300A432030036
:10F8B00008B5094B93F82E205AB908490848094A57
:10F8C0004FF4F07309F0A5FB06484FF4F07109F00E
:10F8D00097FB93F8300008BDC0370020C933030000
:10F8E000660B0300A43203002DE9F0431E4F994636
:10F8F00097F82E3085B00546884616465BB91B49F9
:10F900001B481C4A4FF4FC7309F083FB19484FF461
:10F91000FC7109F075FBFFF77DFDF0B90DF10F01EA
:10F920002846FFF7D7FD0446D0B9134BC3F8F805B6
:10F93000331E18BF0123CDF80090324641462846B9
:10F94000FFF73AFE9DF80F3087F83230022387F830
:10F950002E30204605B0BDE8F0836FF00F04F8E7C5
:10F960006FF01504F5E700BFC0370020C93303006E
:10F97000660B0300A4320300007000402DE9FF472E
:10F98000344E994696F82E3080468A46154603B185
:10F990005AB931493148324A4FF40A7309F039FBF8
:10F9A0002F484FF40A7109F02BFBFFF733FD074690
:10F9B000002846D10DF10F014046FFF78BFD0446AC
:10F9C000002841D16B8833B19DF80F30012B3ED810
:10F9D000B9F1000F3BD02A786B782AB123B99DF892
:10F9E0000F10012933D80127CDF800905146404629
:10F9F000FFF7E2FD6B881B4A8BB1A3F15001B1F513
:10FA0000F66F0AD318491548184A40F2AA5309F06C
:10FA100000FB164840F2AA51C5E743F48053C2F8F0
:10FA2000F8359DF80F3086F832302B7986F835306E
:10FA3000042386F8367086F82E30204604B0BDE8E0
:10FA4000F0876FF00F04F8E76FF01504F5E76FF03B
:10FA50008504F2E7C0370020FB330300660B030088
:10FA6000A4320300007000403B340300483303001D
:10FA700070B5244A92F82E5004465DB922492348B5
:10FA8000234A4FF4197309F0C4FA21484FF419714D
:10FA900009F0B6FA13695BBB00F06043B3F1005F95
:10FAA00029D192F83260B1FBF6F306FB131028BBA4
:10FAB0000BB2002B22DD052D06D8032D0BD8022D0D
:10FAC0000ED06FF0760070BD062DFAD1114BC3F841
:10FAD0002C46C3F8301693683BB1C2E90441F2E703
:10FAE0008E420BD1C2E90246EDE7C2E90241EAE7E4
:10FAF0006FF07700E7E76FF00C00E4E76FF00600C7
:10FB0000E1E700BFC0370020C9330300660B0300E4
:10FB1000A4320300007000402DE9FF41594C94F8D5
:10FB20002E20012A0BD858495848594A40F29D23A3
:10FB300009F06FFA564840F29D2109F061FAA36876
:10FB4000002B00F09B80022A06D0042A33D06FF0ED
:10FB5000760004B0BDE8F0814E4D0126C5F8006581
:10FB60002168E26849B1032184F82E10C5F82C36CB
:10FB7000C5F830262E600020EBE7C5F82C36C5F816
:10FB800030262E600EF0A4FB04F108036E60019392
:10FB900001990220FFF7CAFC0028F9D03D4B002252
:10FBA000C3F80821D3F80811C3F80C21D3F80C11BD
:10FBB000C3F80025DFE7374D4FF00108C5F8008591
:10FBC000276857B1052284F82E20E268C5F82C3644
:10FBD000C5F83026C5F80080CDE7A18B94F8322017
:10FBE000039203EB41030293C5F82C36C5F8302687
:10FBF000C5F800800EF06CFB94F8363063BB254DE1
:10FC000001236B6002A90220FFF790FC0028F9D0C5
:10FC10000023C5F80831D5F80821C5F80C31D5F80E
:10FC20000C21A18B94F832200A44E16892B28A42F6
:10FC3000A28321BF184AA383D2E90201236124BF12
:10FC4000C2E900011846134B4FF0000238BF6FF0B5
:10FC50000F00C3F800257CE7D5F8F465F6B208FA82
:10FC600006F6013EBE42CAD9C5F804800021042030
:10FC7000FFF75CFC0028F9D00137F3E76FF00B00C9
:10FC800067E700BFC03700205A340300660B03004B
:10FC9000A432030000700040C8370020F8B5334E8E
:10FCA00096F82E10024659B931493248324A40F28C
:10FCB000293309F0AEF9304840F2293109F0A0F9B2
:10FCC000FFF7A8FB00284ED12C4C86F82F100723F5
:10FCD00086F82E3001237260C4F80035D4F804533E
:10FCE000C4F80003E3603AB125F0C00545F03305E0
:10FCF000C4F800530020F8BD00211020FFF716FCC7
:10FD00000028F9D00023C4F80431D4F804311C4B86
:10FD1000C4F82C3601270223C4F8303627600EF0D1
:10FD2000D7FAA76000212020FFF700FC0028F9D0B7
:10FD3000124B0022C3F80421D3F80411C3F80821A0
:10FD4000D3F80811C3F8002596F82F1086F82E1066
:10FD5000C3F81C21D3F81C11C3F81821D3F81821BB
:10FD6000C3F80053C6E76FF00F00C4E7C0370020A8
:10FD7000C9330300660B0300A43203000070004087
:10FD8000D83700207FB56249614E3320FFF7CEFBA4
:10FD900010F0100F05460BD05E4B1022C3F808235D
:10FDA000B218C3F82C260222C3F8302601221A60AA
:10FDB00015F0200F584C10D094F82E30554A072BD0
:10FDC00005D0D2F834369BB2E36000232361D2F829
:10FDD0000433DB0601D5FFF72DFBA80717D500225A
:10FDE00094F82E308DF80420A2680292062BE26867
:10FDF000ADF80C2017D0072B33D0032B07D1FFF71A
:10FE0000D3FC022384F82E30236801A89847E90721
:10FE10004ED594F82E30033B042B49D8DFE803F08D
:10FE2000594828405D0094F8353023B1236913B157
:10FE3000384B01221A60236801A89847374B93E892
:10FE4000030086E8030000232361A368002BDED1B2
:10FE5000FFF7AAFC042384F82E3005238DF8043024
:10FE6000D2E7FFF7E7FA02238DF804306368CCE7A6
:10FE700004238DF8043001A823689847254BD3F854
:10FE8000F825D20444BF01225A602269062384F86F
:10FE90002E302AB11F4B6169C3F82C26C3F83016E7
:10FEA00023692BB903238DF8043001A823689847F0
:10FEB00094F82E30072B0AD0164B1948D3F8043388
:10FEC00000211840FFF732FB012685094DB904B027
:10FED00070BD104B01225A60EAE70E4B01229A6076
:10FEE000E6E795FAA5F3B3FA83F306FA03F225EAF7
:10FEF00002055A08DB4303F001038DF809308DF841
:10FF0000046023688DF8082001A89847DEE700BF49
:10FF1000C837002000700040C0370020D0370020D4
:10FF2000C0FF3F0038B5450914D0012D06D14FF66A
:10FF3000FF7400F01F00C440E4070ED411491248BA
:10FF4000124A4FF4826309F064F810484FF482615A
:10FF500009F056F84FF0FF34EBE70D4C012D18BFB8
:10FF60004FF0A04404EB80001B02D0F80057094C6E
:10FF700043EA82022C4042EA41012143C0F80017C3
:10FF800038BD00BF722C0300660B03003F2C03003A
:10FF900000030050F0F8FCFF13B5394B0193002328
:10FFA000C0F80431D0F80421C0F82431D0F824215D
:10FFB000C0F81C31D0F81C21C0F80831D0F8082155
:10FFC000C0F800324B6381F82F300123036291F8AF
:10FFD0002D209A4218BF83604B6B8A6A9342044675
:10FFE0000ED24A6AD35CC0F81C350B6803B340F2EA
:10FFF00086238B608B68C4F80433002002B010BDE8
:020000022000DC
:1000000091F82C3013B10123C361EEE70B6A13F0B2
:10001000400F4FF0010316BFC361436181F82D30DB
:10002000E3E720460EF05CF928B1019B013B019308
:10003000019B002BF5DC91F82F0058B9019B002B98
:10004000DCDC0023C4F800350523C4F800356FF06C
:100050008B00D3E7D4F8C434C4F8C43463B19A072E
:100060005ABF03F001008C386FF0040013F0040F46
:1000700018BF6FF00A00E1E76FF08B00DEE700BF0A
:10008000A086010013B5314B01930023C0F8043161
:10009000D0F80421C0F82431D0F82421C0F81C3154
:1000A000D0F81C21C0F80831D0F808214B6381F842
:1000B0002F308B6A012B044617D10B6A580614D4D3
:1000C0000223C4F800320123236291F82D20022A72
:1000D00018BF23600B688BB140F286238B608B685E
:1000E000C4F80433002002B010BD0123E9E7204624
:1000F0000EF0F6F828B1019B013B0193019B002B08
:10010000F5DC91F82F0058B9019B002BEBDC0023A4
:10011000C4F800350523C4F800356FF08B00E2E722
:10012000D4F8C434C4F8C43463B19A075ABF03F096
:1001300001008C386FF0040013F0040F18BF6FF04B
:100140000A00E1E76FF08B00DEE700BFA086010048
:1001500070B50D46044600B149B92849284A2948D6
:10016000BB2308F056FFBB21254808F049FF90F853
:10017000321000293FD1C0E90123C16080F831105D
:1001800080F8351080F834106B7B80F83C30AE7B03
:1001900080F83D60B6B9D5E90003984207D11A4905
:1001A000174A1848E82308F034FFE821DCE7062363
:1001B00003223146FFF7B6FE686806230322314664
:1001C000FFF7B0FEEB7B33B9D5E900122368C3F823
:1001D0000815C3F80C252368AA68C3F824256368AA
:1001E00023B1206840F30730F1F7F6FB012384F8D0
:1001F0003230002070BD6FF07700FBE7F73403006A
:10020000BC340300660B03000E35030008B558B973
:100210001049114A11484FF49A7308F0FAFE4FF44E
:100220009A710D4808F0ECFE90F83230012B09D09D
:100230000B49094A09484FF49C7308F0EAFE4FF451
:100240009C71EEE703680522C3F80025022380F8BD
:10025000323008BDB5310300BC340300660B030027
:100260002D35030008B558B91549164A164840F20D
:10027000431308F0CEFE40F24311124808F0C0FECE
:1002800090F832304BB911490E4A0F4840F24713EB
:1002900008F0BFFE40F24711EFE703680C4AC3F8CD
:1002A0000823D3F8002222F00302C3F80022002220
:1002B000C3F80025012380F8323080F8342008BDCF
:1002C000B5310300BC340300660B0300573503004F
:1002D000864204002DE9F0410D461646044658B901
:1002E0003C493D4A3D4840F2B32308F092FE40F2BB
:1002F000B321394808F084FE90F83230022B00F127
:1003000004080DD1CB680BB94B684BB92B690BB9FD
:10031000AB682BB963686BB92B78023B012B09D80A
:100320002F492D4A2D4840F2B92308F072FE40F2C1
:10033000B921DEE794F83130D4F800E0012B05D183
:100340002B78012B07D16FF076000FE0022B02D142
:100350002B78012BF7D1234BCEF8083394F83430A7
:1003600033B1E368CEF804336FF00F00BDE8F081DD
:10037000C6F3800383F00103DBB284F83430666295
:10038000AC46BCE80F0004F110070FC7DCF80030E2
:100390003B606B68E362EB68A3626B78CEF88835EC
:1003A0002B78012B10D06BB9C6F3401684F830605F
:1003B00041467046FFF7F0FD6368002BD6D184F804
:1003C0003430D3E70126F1E741467046FFF75AFE85
:1003D000F2E700BFB5310300BC340300660B030035
:1003E00083350300864204002DE9F041044686B0BF
:1003F00058B931493148324A40F2E12308F009FE48
:100400002F4840F2E12108F0FBFD014651F8048B32
:1004100040460DF065FF002847D194F8335005BBE6
:10042000227C931E012B1CD8A06AE369984218D144
:10043000236AA362A369E36294F8243084F83150FC
:10044000C3F34013032A84F83030404604D106B089
:10045000BDE8F041FFF7A0BD06B0BDE8F041FFF7F1
:1004600011BE04F110070FCF01AE0FC63B68336019
:1004700065B1D8F8C454C8F8C454A90718D46A0799
:1004800018D405F00105C5F10405EDB2002384F888
:100490003430636A8DF800505B0702D594F833302E
:1004A0001BB1D4E901316846984706B0BDE8F08138
:1004B0000125EBE70225E9E7B5310300660B0300F0
:1004C000BC34030008B50368590914D0012906D1CA
:1004D0004FF6FF7203F01F03DA40D2070ED40B4928
:1004E0000B480C4A4FF4826308F093FD09484FF41F
:1004F000826108F085FD4FF0FF32EBE703600129D0
:10050000054818BF4FF0A04008BD00BF722C030083
:10051000660B03003F2C030000030050F7B50C46A8
:1005200006460DF075FF20460DF072FF01A80196FA
:10053000FFF7C8FF019B2F4D019400EB830040F2B1
:100540000D67D0F800372B403B43C0F8003701A8B7
:10055000FFF7B8FF019B00EB8300D0F800372B407A
:100560003B43C0F8003704200DF027FD0925012783
:1005700001A80194FFF7A6FF019AD0F81035D340E7
:10058000DB0715D401A80196FFF79CFF019B07FA32
:1005900003F3C0F80C3504200DF00FFD30460DF0CC
:1005A00037FF013D04200DF008FD15F0FF05DFD1F8
:1005B00001A80194FFF786FF019A01239340C0F838
:1005C0000C3504200DF0F9FC20460DF021FF04202D
:1005D0000DF0F3FC01A80194FFF774FF019AD0F825
:1005E0001035D34013F0010F0CBF6FF08B000020CB
:1005F00003B0F0BDF0F8FCFF38B5436905463BB9E0
:100600000024EA68537843F001035370604238BD18
:10061000984704460028F3D000F1FF03FE2B0ED9C3
:10062000094A0A490A48212308F0F3FC29680948C5
:10063000224608F0EEFC0448212108F0E1FCEB68BA
:1006400044421C70DDE700BF043703002737030076
:10065000660B03003F37030070B50446EFF31186C5
:10066000402383F31288BFF36F8F0E4B9D680DF00C
:10067000F3FE042C0CD10C490C4A0D48872308F0DA
:10068000C8FC0C4808F0C5FC0848872108F0B8FCF5
:1006900086F31188BFF36F8F2846BDE87040F1F7ED
:1006A00073BA00BFF83700208637030064370300B1
:1006B000660B0300A337030038B50A4B53F82040FC
:1006C000013053F82050A54200D838BD606830B1E1
:1006D000037EDB0701D4FFF78FFF0834F3E72368BD
:1006E0009847FAE7BC04030070B5374B374C384DD8
:1006F00086B0012203201A70FFF7DEFF0EF09FF88C
:100700000420FFF7D9FFAC42264628D93149324AA6
:100710003248442308F07DFC314808F07AFC44213B
:100720002D4808F06DFC54F80C3C059354F8103C2F
:10073000049354F8143C039354F8183C029354F86F
:100740001C3C019354F8203C009354E90A2354E9DB
:100750000C0102F0D1F954F8303C5E65D3E7AE42AB
:1007600004F13004DFD302F007FF184CAC421FD96C
:100770001849194A1948682308F04BFC184808F032
:1007800048FC6821CCE7D4E90A23B3F1FF3F08BF56
:10079000B2F1FF3F05D052EA0301206803D103F014
:1007A00069F93034E2E70F49183003F057FDF8E7F4
:1007B000E9D302F053FFEFF7E3FC0B4A938923F0F0
:1007C0000103938106B070BD13420020CCF90200F2
:1007D000CCF90200F9370300D8370300660B030099
:1007E0007C1A0300653102008029002070B5154E87
:1007F000154D164986B0B82303FB0066144B0593CC
:1008000001220F23CDE903320023CDE90133142364
:1008100003FB00554FF4A072044602FB00110D4B80
:100820000095304602F068F9337C2C7423F0040301
:100830003374094BEE60013403EBC4236B6006B0E4
:1008400070BD00BFC8280020F8370020C864002011
:1008500026380300D10E0200C85C00207FB50020BE
:10086000FFF72AFF334B83F30888334C636943F463
:1008700000736361E02384F822302023E3770023B0
:1008800023766376A37684F82030626A42F4E0220D
:10089000626284F82330F1F703F8F1F75FF94FF063
:1008A000FF33A362E362F1F767FAF1F7D3F9234864
:1008B00002F026FA224B234A93420ED92249234AB8
:1008C0002348CC2308F0A5FB224808F0A2FB1F48D0
:1008D000CC2108F095FB1C33EEE7FCD30120FFF799
:1008E000EBFE0220FFF7E8FE02F072FF1A4B1B4CF2
:1008F0005C611B4B0593002501231A4900954FF4B9
:100900000062CDE90353CDE90155174B204602F0B3
:10091000F3F8237C064623F004032046237402F0F8
:1009200093FB2846FFF762FF0F4A31462046F1F756
:10093000F7F800BFC864002000ED00E0102B002095
:10094000A8F602004CF802002B380300D837030049
:10095000660B03007C1A0300F83700208029002072
:100960004338030008660020E90602002DE9F04F35
:100970008BB0DDE914A7CDE9051206463B46524689
:1009800008A80DF0DAFEDDE90834D046CDE90234DE
:10099000B94606F11404EFF31185402181F3128862
:1009A000BFF36F8F204603F0ABFB60B9354A364981
:1009B0003648842308F02DFB2146354808F029FBF2
:1009C0008421304835E0204603F0BEFBEFF305817B
:1009D00011B157EA0A0321D106F10C0307934FF036
:1009E000400BDDE90512169B30469847074610B9C3
:1009F00058EA09081FD1204603F090FB002839D19E
:100A0000204A244921484FF4997308F002FB2146FB
:100A1000214808F0FEFA4FF49971D2E71F49204AA5
:100A20001A48582308F0F5FA1E4808F0F2FA1C4854
:100A3000582108F0E5FADDE9022308A80DF0A2FE2E
:100A4000DDE908A7079ACDE900A72946204602F06C
:100A5000D1FBD046B946EFF311858BF31288BFF373
:100A60006F8F204603F04CFB00289FD0204603F0F8
:100A70006BFBB6E785F31188BFF36F8F38460BB079
:100A8000BDE8F08F610D0300BA0D0300660B030093
:100A9000CF0D03008E0D0300A50D03006A3803007F
:100AA00048380300AF38030038B50D4C0D4DAC424B
:100AB00013D90D490D4A0E48252308F0AAFA0D480E
:100AC00008F0A7FA0948252108F09AFAD4E901129A
:100AD00020460DF0C4FC1834E9E7F7D3002038BDF8
:100AE000E0090020100A0020B23803004838030053
:100AF000660B03007C1A030030B54B1E0B4285B019
:100B00000CD00B490B4A0C48892308F082FA0B4899
:100B100008F07FFA0748892108F072FADDE90845F4
:100B2000074B0293CDE90045FFF720FF05B030BD2C
:100B30004B0B030048380300660B0300830B0300D4
:100B400029050100F8B505460E4600F11404EFF33F
:100B50001187402383F31288BFF36F8F204603F081
:100B6000CFFA68B91B4A1C491C48842308F051FA83
:100B700021461B4808F04DFA8421164808F040FA37
:100B8000204603F0E1FA2846314608F08EF905F1D7
:100B90000C0002F0D5FD28B139462046BDE8F840EA
:100BA0000DF094BD204603F0B9FA68B9094A0D4921
:100BB0000A484FF4997308F02CFA21460A4808F0C5
:100BC00028FA4FF49971D8E787F31188BFF36F8F34
:100BD000F8BD00BF610D0300BA0D0300660B0300F2
:100BE000CF0D03008E0D0300A50D030038B50E4C8C
:100BF0000E4DAC4212D90E490E4A0F48A22308F0FE
:100C000008FA0E4808F005FA0A48A22108F0F8F997
:100C100020460DF02EFC20B92034EAE7F8D300205E
:100C200038BD6FF01500FBE760090020E0090020E7
:100C3000F0380300CB380300660B03007C1A030076
:100C40002DE9F74305460F4691461C4600F108067C
:100C5000EFF31188402383F31288BFF36F8F304680
:100C600003F04EFA60B9324A32493348842308F01F
:100C7000D0F93146314808F0CCF984212C4826E0DF
:100C8000304603F061FA2B691BB33B601C68EB69CB
:100C90002C610133EB6114B96A6993421FD0EB6890
:100CA000E41A09D4D5E905235A43A24204D9B4FB76
:100CB000F3F203FB124494B12149224A1E48F72360
:100CC00008F0A7F9204808F0A4F91E48F72108F019
:100CD00097F959EA040214D13B606FF00B043046D7
:100CE00003F01CFAF0B9124A184913484FF49973EB
:100CF00008F08FF93146164808F08BF94FF49971D6
:100D0000BCE7CDE900942A464146304602F072FA2B
:100D1000044618B90F4B9B685B693B60204603B0E3
:100D2000BDE8F08388F31188BFF36F8FF6E700BF4B
:100D3000610D0300BA0D0300660B0300CF0D030025
:100D40000D390300CB380300893903008E0D0300F1
:100D5000A50D0300F83700202DE9F843C368CB1A2E
:100D600005460E4623D4D0E90512514399421ED9B7
:100D7000B3FBF2F102FB1133CBB900F10807EFF33B
:100D80001189402484F31288BFF36F8F384603F033
:100D9000B7F9D8B9414A42494248842308F039F9A1
:100DA0003946414808F035F984213C480CE03F4978
:100DB0003F4A3C4840F21F1308F02BF93D4808F029
:100DC00028F93B4840F21F1108F01AF9384603F0A1
:100DD000BBF9D5F81080B8F1000F40D1EFF31183C3
:100DE00084F31288BFF36F8F83F31188BFF36F8F83
:100DF0005BB93149314A2B48BB2308F00AF9304826
:100E000008F007F9BB212D48DEE72C68A54226D063
:100E10002CB3A3683BB92B49284A2248A42308F0E5
:100E2000F8F8A421EFE7D4E9003213605A60237C7C
:100E3000C4F8088023F002032374C4E9008804F195
:100E4000180003F0E7FA2046C4F8B480666102F0A7
:100E5000FBF849463846BDE8F8430DF037BC2B692E
:100E60003360EB692E61013BEB61384603F056F9C4
:100E700068B90A4A14490B484FF4997308F0C9F845
:100E80003946124808F0C5F84FF499718DE789F397
:100E90001188BFF36F8FBDE8F88300BF610D0300B9
:100EA000BA0D0300660B0300CF0D03003D370300AE
:100EB000CB380300A4390300F1390300C63903001D
:100EC000AF380300093A03008E0D0300A50D03009F
:100ED00008B50D4B9B6893F90E30002B09DB4024BD
:100EE000EFF3118384F31288BFF36F8F08F0C1F919
:100EF000F6E706490648074A1C2308F08AF8054821
:100F00001C2108F07DF800BFF8370020413A0300AB
:100F1000660B0300203A030008B583684BB90B4900
:100F20000B480C4AA42308F074F80A48A42108F0DE
:100F300067F8D0E9003213605A60027C0023C0E9F0
:100F4000003322F002020274836008BD093A0300F4
:100F5000660B0300C63903002DE9F74F04469DF8E0
:100F60003090884692461E46EFF3058373B152EAED
:100F700006030BD05F49604A6048992308F049F89E
:100F80005F4808F046F899215B4819E004F108052C
:100F9000EFF311874FF0400B8BF31288BFF36F8F85
:100FA000284603F0ADF868B9564A57495348842398
:100FB00008F02FF82946554808F02BF884215148AD
:100FC00008F01EF8284603F0BFF8626A23699A42C7
:100FD00077D2EFF311838BF31288BFF36F8F83F314
:100FE0001188BFF36F8F5BB949494A4A4348BB2315
:100FF00008F00FF8424808F00CF84648BB21DFE73C
:101000002668B4421AD0CEB13046FFF785FF06F10C
:10101000180003F0FFF9E2687069414600240EF001
:10102000F3F93046C6F8B44002F00EF839462846C7
:101030000DF04CFB204603B0BDE8F08F206A6669D6
:10104000B04207D3A3695A1E904203D8E268191A26
:10105000914207D23049284A2848B42307F0D9FFE3
:10106000B42191E7B9F1000F21D041460EF0CCF93F
:10107000236AE2681344A2692362934201D163693F
:101080002362636A013363620024284603F046F852
:1010900050BB1C4A214919484FF4997307F0B9FF16
:1010A00029461F4807F0B5FF4FF4997187E7E169BA
:1010B0008E4218BF0B46981AE06141460EF0A4F923
:1010C000DFE75AEA06030CD0164B9B682246C3F8AA
:1010D00014803946CDE900A6284602F08BF8044674
:1010E000A8E76FF02204D0E787F31188BFF36F8F72
:1010F000A0E700BF6A380300693A0300660B0300EB
:10110000AF380300610D0300BA0D0300CF0D0300DB
:10111000F1390300C63903008B3A03008E0D03003A
:10112000A50D0300F83700202DE9F7430446884653
:1011300017461D46EFF3058383B152EA05030DD030
:101140006149624A62484FF4977307F062FF614851
:1011500007F05FFF4FF497715C4818E004F1080650
:10116000EFF31189402383F31288BFF36F8F30466A
:1011700002F0C6FF68B9584A58495548842307F019
:1011800048FF3146564807F044FF8421524807F093
:1011900037FF304602F0D8FF636A002B68D0E26860
:1011A000E16940460EF030F9E369E2681344A26950
:1011B000E361934204BF6369E361636A013B636275
:1011C000EFF31183402282F31288BFF36F8F83F312
:1011D0001188BFF36F8F5BB94249434A3C48BB2338
:1011E00007F017FF3B4807F014FF3F48BB21CEE74D
:1011F0002568AC424CD0002D4BD02846FFF78CFE22
:1012000005F1180003F006F9206A6369984207D3D4
:10121000A3695A1E904203D8E2681B1A934209D26E
:1012200032492A4A2A484FF4A47307F0F2FE4FF4D9
:10123000A47191E769690EF0E7F8236AE268134444
:10124000A2692362934204BF63692362636A013324
:10125000636200242846C5F8B44001F0F5FE494613
:1012600030460DF033FA2546284603B0BDE8F0833A
:1012700057EA05031FD01E4B9B682246C3F8148013
:101280004946CDE90075304601F0B4FF0546EBE76D
:101290000025304602F042FF80B90F4A15490C483C
:1012A0004FF4997307F0B5FE3146134807F0B1FECD
:1012B0004FF499716AE76FF02205EAE789F3118824
:1012C000BFF36F8FD0E700BF6A380300693A0300AD
:1012D000660B0300AF380300610D0300BA0D030075
:1012E000CF0D0300F1390300C63903008B3A030028
:1012F000F83700208E0D0300A50D03002DE9F34102
:10130000044617461E46EFF3058565B15449554A14
:101310005548732307F07DFE544807F07AFE514884
:10132000732107F06DFEEFF31188402383F31288D9
:10133000BFF36F8F4E4802F0E3FE60B94D4A4E494D
:101340004948842307F065FE49494C4807F061FE8F
:1013500084214848E5E7464802F0F6FE484BE2683B
:101360009B6892B1A068984227D057EA06022CD118
:101370003F4802F0D3FE90B188F31188BFF36F8F1E
:101380006FF00F0002B0BDE8F08193F90E103848FD
:1013900021610132C4E9023202F0C0FE78B9354A57
:1013A000384931484FF4997307F033FE30493648D5
:1013B00007F02FFE4FF49971CBE72169E7E788F337
:1013C0001188BFF36F8F0020DCE793F90E1090F9BE
:1013D0000E30994205DA9942A8BF19460DF080F8FF
:1013E0000546CDE9007622482246414601F002FF3B
:1013F0000028E8D0EFF31186402383F31288BFF36F
:101400006F8F1B4802F07CFE002897D0184802F02E
:101410009BFEA068C0B1236821699C420AD04BB1F1
:1014200093F90E309942A8BF19466FF07F03994295
:10143000B8BF19460DF054F830B10D4831460DF0E3
:1014400045F96FF00A009DE7002DF6D1084802F03B
:1014500065FE0028A3D086F31188BFF36F8FF0E7F5
:10146000533B0300313B0300660B0300653B030065
:101470001C380020610D0300BA0D0300CF0D0300DE
:10148000F83700208E0D0300A50D0300F8B50546C2
:10149000EFF3058363B15649564A5748EA2307F0EC
:1014A000B8FD564807F0B5FDEA21524807F0A8FDFF
:1014B0008368002B00F09580514A9268934240F077
:1014C0009380C3684BB94F494A4A4B484FF48173E4
:1014D00007F09FFD4FF48171E7E7012B03D0013B3B
:1014E000C3600020F8BDEFF31187402484F3128815
:1014F000BFF36F8F444802F003FE60B9434A44498A
:101500003D48842307F085FD3F49424807F081FDAF
:1015100084213E48CAE73C4802F016FE2969A868C3
:101520000CF0DEFFEFF3118384F31288BFF36F8FAB
:1015300083F31188BFF36F8F5BB93749374A2E4861
:10154000BB2307F066FD364807F063FDBB21334837
:10155000ACE72C68A54215D10023C5E902332A481F
:1015600002F0DCFD002837D1284A2E4922484FF4EA
:10157000997307F04EFD24492B4807F04AFD4FF4BC
:101580009971C6E7002CE7D0A3683BB92749234AE5
:101590001948A42307F03DFDA421D8E7D4E900327F
:1015A00013605A60237C002623F002032374C4E9ED
:1015B0000066A66004F1180002F02CFFAC6094F9FC
:1015C0000E302B612046C4F8B46001F03DFD0E489A
:1015D00039460DF07BF884E787F31188BFF36F8FEE
:1015E0007FE76FF015007DE74FF0FF307AE700BF2F
:1015F000533B0300313B0300660B0300653B0300D4
:10160000F83700208A3B03001C380020610D0300DE
:10161000BA0D0300CF0D0300F1390300C6390300F2
:10162000AF3803008E0D0300A50D0300093A030037
:1016300008B583684BB90B490B480C4AA42307F043
:10164000E8FC0A48A42107F0DBFCD0E90032136073
:101650005A60027C0023C0E9003322F002020274C7
:10166000836008BD093A0300660B0300C639030016
:101670002DE9F04704469DF820600D4691469A46B4
:1016800000F10807EFF31188402383F31288BFF3BA
:101690006F8F384602F034FD60B94B4A4B494C48D5
:1016A000842307F0B6FC39464A4807F0B2FC84218F
:1016B00045481BE0384602F047FD06B16568EFF388
:1016C0001183402282F31288BFF36F8F83F3118856
:1016D000BFF36F8F63B94049404A3D48BB2307F0D1
:1016E00098FC3F4807F095FC3C48BB2107F088FC7C
:1016F000234653F80C6F9E4216D0AEB13046FFF72A
:1017000097FF002406F1180002F084FE3046C6F868
:10171000B440C6F8149001F097FC414638460CF0EE
:10172000D5FF2046BDE8F087BAF1000F14D008209D
:1017300003F02AFB00283FD00122C0F80490026089
:10174000016801F003015DB922680A430260626822
:1017500020606AB960600BE0C9F800A04846EFE776
:101760002A68032A1DD801606168A1B9C4E9000094
:101770000024384602F0D2FC08BB134A1949144829
:101780004FF4997307F045FC3946174807F041FCC0
:101790004FF499718CE70A6802F0030202430A6071
:1017A000D8E722F003020A4302602A6802F003022B
:1017B00040EA02032B60DBE76FF00B04D9E788F304
:1017C0001188BFF36F8FACE7610D0300BA0D030002
:1017D000660B0300CF0D0300F1390300C639030087
:1017E000AF3803008E0D0300A50D03002DE9F7436C
:1017F000064690461F4600F10805EFF31189402385
:1018000083F31288BFF36F8F284602F079FC68B922
:10181000244A25492548842307F0FBFB2946244810
:1018200007F0F7FB84211F4807F0EAFB284602F087
:101830008BFC3468F4B12368726823F0030394428C
:101840002046336008BF736001210CF058FE044647
:10185000284602F063FCE8B9124A164913484FF4CF
:10186000997307F0D6FB2946134807F0D2FB4FF4D3
:101870009971D8E758EA0703EAD0CDE9008706F165
:101880000C024946284601F0B5FC38B90B4B9B6861
:101890005C6903E089F31188BFF36F8F204603B0C2
:1018A000BDE8F083610D0300BA0D0300660B030071
:1018B000CF0D03008E0D0300A50D0300F8370020A7
:1018C00008B583684BB90B490B480C4AA42307F0B1
:1018D000A0FB0A48A42107F093FBD0E90032136073
:1018E0005A60027C0023C0E9003322F00202027435
:1018F000836008BD093A0300660B0300C639030084
:1019000070B50446EFF31186402585F31288BFF3C6
:101910006F8F304802F0F4FB60B92F4A2F493048EE
:10192000842307F076FB2B492E4807F072FB8421B5
:10193000294818E0274802F007FCEFF3118385F3EC
:101940001288BFF36F8F83F31188BFF36F8F63B972
:101950002549264A2248BB2307F05BFB244807F0B1
:1019600058FB2248BB2107F04BFB2568AC4213D043
:1019700095B12846FFF7A4FF05F1180002F04AFDD3
:1019800000232846C5F8B43001F05EFB314611480B
:10199000BDE870400CF09ABED4E902329A4218BFFA
:1019A00001330C48A36002F0B9FB68B90A4A114937
:1019B0000B484FF4997307F02CFB06490E4807F0CB
:1019C00028FB4FF49971B3E786F31188BFF36F8F4B
:1019D00070BD00BF20380020610D0300BA0D030068
:1019E000660B0300CF0D0300F1390300C639030075
:1019F000AF3803008E0D0300A50D0300F7B50446B4
:101A000016461D46EFF305837BB152EA05030CD061
:101A10002D492E4A2E48882307F0FBFA2D4807F05F
:101A2000F8FA2A48882107F0EBFAEFF311874023F0
:101A300083F31288BFF36F8F274802F061FB60B910
:101A4000264A27492248842307F0E3FA22492548F9
:101A500007F0DFFA84212148E5E71F4802F074FB14
:101A6000A368D3B1013B1C48A36002F057FB68B9DF
:101A70001A4A1D4916484FF4997307F0CAFA1649D5
:101A80001A4807F0C6FA4FF49971E4E787F3118812
:101A9000BFF36F8F002003B0F0BD56EA05030BD1F2
:101AA0000D4802F03BFB0028E2D087F31188BFF31A
:101AB0006F8F6FF00F00EEE7CDE9006522463946E3
:101AC000054801F097FBE6E7C13B0300A13B03009B
:101AD000660B0300AF38030020380020610D0300BF
:101AE000BA0D0300CF0D03008E0D0300A50D0300FA
:101AF0002DE9F0410546EFF31188402787F312885E
:101B0000BFF36F8F314802F0FBFA064660B9304AE6
:101B100030493148842307F07CFA2C492F4807F0DC
:101B200078FA84212A4819E0284802F00DFB0023A6
:101B3000EFF3118287F31288BFF36F8F82F311885E
:101B4000BFF36F8F62B92649264A2348BB2307F0AB
:101B500060FA254807F05DFA2248BB2107F050FAE9
:101B60002C68A54210D07CB12046FFF7A9FE04F1F5
:101B7000180002F04FFC6FF00A03C4F8B43020469E
:101B800001F062FA3346D3E70022AA608BB90F480E
:101B900002F0C4FA98B90E4A14490F484FF49973E9
:101BA00007F037FA0949124807F033FA4FF49971F0
:101BB000B8E741460548BDE8F0410CF087BD88F321
:101BC0001188BFF36F8FBDE8F08100BF203800207F
:101BD000610D0300BA0D0300660B0300CF0D030077
:101BE000F1390300C6390300AF3803008E0D03003E
:101BF000A50D030007B5074B0093074907484FF0B1
:101C0000FF334FF4006200F0CBFB002003B05DF81F
:101C100004FB00BFD4040300086E0020382A002013
:101C20002DE9FF41794E0446EFF31187402383F3FA
:101C30001288BFF36F8F764802F062FA68B9754A6E
:101C400075497648842307F0E4F97149744807F030
:101C5000E0F984216F4807F0D3F96D4802F074FA77
:101C6000D4F8BC50F5B9022104F1D4000CF081FC89
:101C7000002840D004F1CC0500220121284602F0C2
:101C80008FF80028F8D1002302934FF0FF324FF075
:101C9000FF33CDE90023394604F1C4025C4802F069
:101CA000DDF8C1E7D4F8C0202B68C4F8BC309542F9
:101CB00008BFC4F8C030D4F8D430554843F002030C
:101CC000C4F8D430EB68D5F8048023F0040343F063
:101CD0000103EB6002F022FAF8B94E4A51494F482D
:101CE0004FF4997307F095F949494F4807F091F976
:101CF0004FF49971AEE7D4F8D430DD06C3D5C4F8FB
:101D0000D400434802F00AFA0028E6D087F311888D
:101D1000BFF36F8F04B0BDE8F08187F31188BFF384
:101D20006F8FB8F1000F0AD140493C48404A40F259
:101D3000F32307F06EF93E4840F2F3218BE7284683
:101D4000C047EFF31187402383F31288BFF36F8FEF
:101D50002F4802F0D5F900283FF471AF2C4802F06B
:101D6000F3F9EB68D90623F0010236D4EA60EB6898
:101D70009A0716D5306823F00203EB6088B1036838
:101D8000002270B141688D4235D103686ABB726828
:101D90003360904200D17360002340F8083BFFF7A6
:101DA000AFFDD4F8D43023F00203C4F8D430DB05FF
:101DB00029D4D4F8BC50003D18BF0125144802F0C6
:101DC000ADF9002889D087F31188BFF36F8F002DFC
:101DD0003FF42AAF01F004FD26E723F01103EB6086
:101DE00005F11000FFF78CFDC1E71360736898429E
:101DF00008BF7260D0E702461BB1196818460B464F
:101E0000BFE71946FAE70025D8E700BF24380020CD
:101E10002C380020610D0300BA0D0300660B03008F
:101E2000CF0D03008E0D0300A50D0300593C0300E8
:101E3000173C030070B5C368C3F340069B07054613
:101E40000C460DD50122002104F108000CF085FBA1
:101E500000232360054B65605A681AB9C3E9004442
:101E6000304670BD14605C60FAE700BF2438002083
:101E7000F8B5C3689A0704460E46C3F340054FD42D
:101E80005F074FD40B680BB983680B60E368D80712
:101E900036D5A3685BB925492548264A40F2571331
:101EA00007F0B7F8234840F2571107F0A9F833605C
:101EB0000225376867B3204B9A68D7F8B8309A4242
:101EC00020D10CF0BBFB80F00100C0B2D7F8D430B9
:101ED000D907C3F380021ED502B308B300232360E1
:101EE000D7F8C03083B9C7E92F4438460CF05CFB03
:101EF000E36843F00403E3603368A3602846F8BD59
:101F00000125D6E70020E1E71C60C7F8C040ECE7F8
:101F10006FF0150506E06FF0120503E01B07DDD535
:101F20006FF00F0500233360E8E700BF383C030083
:101F3000660B0300173C0300F837002073B5044616
:101F4000EFF31185402383F31288BFF36F8F22488C
:101F500002F0D6F868B9214A21492248842307F0C3
:101F600058F81D49204807F054F884211B4807F011
:101F700047F8194802F0E8F800230193D4E9042354
:101F8000B3F1004F08BF012A11D0134802F0C6F880
:101F9000E0B9124A154913484FF4997307F039F81C
:101FA0000D49134807F035F84FF49971DEE7032126
:101FB000201FA4F110060CF0DCFA0028E5D0A3697C
:101FC000019301A93046FFF753FFDEE785F311883F
:101FD000BFF36F8F02B070BD2C380020610D03007D
:101FE000BA0D0300660B0300CF0D03008E0D030036
:101FF000A50D030038B50D46044648B90C490D4AF5
:102000000D489C2307F005F89C210A4806F0F8FFCC
:1020100039B90A49074A08489D2306F0FAFF9D216D
:10202000F3E7102200210DF016FA656038BD00BFFD
:10203000F43C0300173C0300660B0300593C03000B
:10204000F8B5C36803F00503002B06460C4614BF21
:102050000127002729D085685DB91D491D481E4A02
:1020600040F2C11306F0D5FF1B4840F2C11106F043
:10207000C7FF0122002104F110000CF06EFA17498D
:102080002046FFF7B7FFE36843F01003E360F3680F
:102090005B0712D5336823606BB9D5F8C03033B90C
:1020A000C5E92F4428460CF07FFA3846F8BD1C607D
:1020B000C5F8C040F6E73460F4E7D5F8BC302360DB
:1020C000D5F8C030C5F8BC40002BEBD1F0E700BF1D
:1020D0003E3C0300660B0300173C030089E5020049
:1020E00038B50446EFF31185402383F31288BFF31C
:1020F0006F8F184802F004F868B9174A1749184852
:10210000842306F086FF1349164806F082FF8421D7
:10211000114806F075FF0F4802F016F8E4680D4804
:1021200004F01F0401F0FAFF68B90B4A0E490C488D
:102130004FF4997306F06DFF06490C4806F069FFED
:102140004FF49971E4E785F31188BFF36F8F204650
:1021500038BD00BF2C380020610D0300BA0D03000C
:10216000660B0300CF0D03008E0D0300A50D0300C9
:1021700037B50C46019059B92849294A294840F2F7
:102180007D1306F046FF40F27D11254806F038FF2A
:102190004B684BB92449224A22484FF4BF7306F0DA
:1021A00038FF4FF4BF71F0E7EFF31185402383F35D
:1021B0001288BFF36F8F1D4801F0A2FF60B91C4A5F
:1021C0001C491848842306F024FF18491A4806F0D1
:1021D00020FF84211648D9E7144801F0B5FF2046B6
:1021E00001A9FFF745FE0446104801F097FF68B9C2
:1021F0000F4A12490B484FF4997306F00AFF0B4936
:102200000F4806F006FF4FF49971E3E785F3118854
:10221000BFF36F8F204603B030BD00BFF43C030016
:10222000173C0300660B0300533C03002C380020CE
:10223000610D0300BA0D0300CF0D03008E0D0300E6
:10224000A50D0300014601480CF0E8B9382A00202A
:1022500070B50C46054658B93849394A394840F2F4
:10226000CD1306F0D6FE40F2CD11354806F0C8FE7B
:10227000C368DB0509D53449314A32484FF4E77366
:1022800006F0C7FE4FF4E771EFE70CF0D7F948B15D
:102290002E492B4A2B4840F2CF1306F0BAFE40F2EB
:1022A000CF11E2E74CB92A49254A26484FF4E87392
:1022B00006F0AFFE4FF4E871D7E7EFF31186402345
:1022C00083F31288BFF36F8F224801F019FF60B9C2
:1022D000214A22491B48842306F09BFE1D492048C1
:1022E00006F097FE84211C48C0E71A4801F02CFF35
:1022F00028462146FFF7A4FE0546164801F00EFFCA
:1023000068B9154A17490F484FF4997306F081FED2
:102310001049154806F07DFE4FF49971E3E786F306
:102320001188BFF36F8F3DB14FF0FF324FF0FF3395
:1023300004F11000FFF762FB284670BDF43C030077
:10234000173C0300660B0300703C03008E22030061
:102350009F3C03002C380020610D0300BA0D0300E0
:10236000CF0D03008E0D0300A50D030008B558B96D
:1023700008490948094A40F2263306F04AFE074850
:1023800040F2263106F03CFED82200210DF063F821
:1023900008BD00BF3E3C0300660B0300173C030072
:1023A000F0B589B004460E9D58B92F492F4A3048E0
:1023B00040F2533306F02DFE40F253312B4806F025
:1023C0001FFE49B92B49294A29484FF4557306F095
:1023D00020FE4FF45571F1E7D0F8D40010F0010061
:1023E00009D02549214A224840F2553306F011FE12
:1023F00040F25531E2E7C4E92F0004F1C400C4E91A
:10240000310004F1CC00C4E9330055B32879002829
:1024100040F2011008BF0120C4F8D40000204FF0A2
:10242000FF364FF0FF37CDE90330CDE90100CDE9AC
:102430000667124B0094204600F01CFC55B1296839
:1024400011B1204600F048FB6B791BB1A38943F022
:102450000103A381204601F00DFBC4F8B84009B088
:10246000F0BD0120D8E700BFE73C0300173C0300A4
:10247000660B0300ED3C0300B33C0300211C02008B
:1024800038B50D46044658B90F49104A104840F275
:102490000F4306F0BEFD40F20F410C4806F0B0FDC0
:1024A00049B90C49094A0A484FF4826306F0B1FD64
:1024B0004FF48261F1E7302200210CF0CCFF4FF4A1
:1024C00080736560E36038BDF33C0300173C030094
:1024D000660B0300593C0300F7B50C460190164605
:1024E0001D4658B93349344A344840F2864306F011
:1024F00090FD40F28641304806F082FD49B93049EE
:102500002D4A2E4840F2874306F083FD40F2874172
:10251000F1E7EFF31187402383F31288BFF36F8F46
:10252000284801F0EDFD60B9274A28492348842353
:1025300006F06FFD2349264806F06BFD84212248F2
:10254000DAE7204801F000FEE36813F01E0F27D100
:1025500055EA060216D1204601A9FFF789FC044678
:10256000184801F0DBFDE8B9174A1A4913484FF43F
:10257000997306F04EFD1349174806F04AFD4FF4D3
:102580009971DCE743F00803E360019BA36204F167
:102590001000124932462B4601F060FE0124DFE7AD
:1025A0000024DDE787F31188BFF36F8F204603B067
:1025B000F0BD00BF3E3C0300173C0300660B030068
:1025C000F33C03002C380020610D0300BA0D03001A
:1025D000CF0D03008E0D0300A50D03003D1F02006B
:1025E00001460148FFF778BF382A0020F7B50C46AE
:1025F000019016461D4658B93249334A334840F2D5
:10260000A94306F006FD40F2A9412F4806F0F8FC68
:1026100049B92F492C4A2D4840F2AA4306F0F9FC4B
:1026200040F2AA41F1E7EFF31187402383F31288C8
:10263000BFF36F8F274801F063FD60B9264A274931
:102640002248842306F0E5FC2249254806F0E1FCF7
:1026500084212148DAE71F4801F076FD20460BF07F
:1026600094FF55EA060316D1204601A9FFF700FCA6
:102670000446184801F052FDE0B9174A19491348B9
:102680004FF4997306F0C5FC1249174806F0C1FCD7
:102690004FF49971DDE7E368144943F00803E36000
:1026A000019BA36204F1100032462B4601F0D6FDD7
:1026B0000124DEE787F31188BFF36F8F204603B054
:1026C000F0BD00BF3E3C0300173C0300660B030057
:1026D000F33C03002C380020610D0300BA0D030009
:1026E000CF0D03008E0D0300A50D03003D1F02005A
:1026F00001460148FFF77ABF382A002038B5044662
:1027000058B923492348244A40F2CB4306F081FCC0
:10271000214840F2CB4106F073FCEFF311854023D2
:1027200083F31288BFF36F8F1C4801F0E9FC60B996
:102730001B4A1C491748842306F06BFC17491A48AA
:1027400006F067FC84211648E5E7144801F0FCFC1C
:1027500020460BF01AFF20460BF02DFF04460F48D1
:1027600001F0DCFC68B90E4A10490A484FF499732D
:1027700006F04FFC09490E4806F04BFC4FF49971E6
:10278000E1E785F31188BFF36F8F204638BD00BFA6
:10279000F33C0300660B0300173C03002C380020B9
:1027A000610D0300BA0D0300CF0D03008E0D030071
:1027B000A50D03002DE9F0410E46054658B93A49EA
:1027C0003A4A3B4840F2DC4306F023FC40F2DC414D
:1027D000364806F015FC49B93649344A344840F2C7
:1027E000DD4306F016FC40F2DD41F1E70BF026FF79
:1027F000044648B130492D4A2D4840F2DE4306F0E8
:1028000008FC40F2DE41E3E7EFF31188402383F355
:102810001288BFF36F8F294801F072FC60B9284A13
:1028200028492348842306F0F4FB2449264806F06F
:10283000F0FB84212248CCE7204801F085FCEB68BE
:1028400003F01F03002B14BF012700270AD02846DE
:102850000BF09BFE28460BF0AEFE31462846FFF7F4
:10286000E9FA0446154801F059FC68B9144A1749B9
:102870000F484FF4997306F0CCFB1049144806F04A
:10288000C8FB4FF49971D5E788F31188BFF36F8FB8
:102890003CB14FF0FF324FF0FF3306F10800FFF775
:1028A000ADF83846BDE8F081F33C0300173C030067
:1028B000660B03009F3C03008E2203002C3800208F
:1028C000610D0300BA0D0300CF0D03008E0D030050
:1028D000A50D030008B583684BB90B490B480C4A9A
:1028E000A42306F096FB0A48A42106F089FBD0E950
:1028F000003213605A60027C0023C0E9003322F0EA
:1029000002020274836008BD093A0300660B0300EB
:10291000C63903002DE9F8430546EFF31188402737
:1029200087F31288BFF36F8F3A4801F0E9FB60B973
:10293000394A3A493A48842306F06BFB354939480D
:1029400006F067FB8421344818E0324801F0FCFBB4
:10295000EFF3118387F31288BFF36F8F83F311882E
:10296000BFF36F8F63B93049304A2D48BB2306F05F
:1029700050FB2F4806F04DFB2C48BB2106F040FBD6
:102980002C68A54227D034B32046FFF7A3FF04F1FB
:10299000180001F03FFD0026B146C4F8B49020466F
:1029A00000F052FB0136EFF3118387F31288BFF377
:1029B0006F8F83F31188BFF36F8F002BD3D02C68F8
:1029C000A54222D00CB32046FFF784FF04F1180083
:1029D00001F020FDE1E70F4801F0A0FB68B90E4AC5
:1029E00014490F484FF4997306F013FB0949124834
:1029F00006F00FFB4FF49971A5E788F31188BFF338
:102A00006F8F00263046BDE8F883024841460BF040
:102A10005DFEF7E730380020610D0300BA0D0300BA
:102A2000660B0300CF0D0300F1390300C639030024
:102A3000AF3803008E0D0300A50D03002DE9F3410F
:102A40001C4652EA040307460D46164608D10846BE
:102A5000FEF71CFD6FF00A04204602B0BDE8F081CD
:102A6000EFF31188402383F31288BFF36F8F15486B
:102A700001F046FB68B9144A14491548842306F04E
:102A8000C8FA1049134806F0C4FA0F48842106F02A
:102A9000B7FA0C4801F058FB2846FEF7F7FCCDE9E1
:102AA000006408483A46414600F0A4FB044600286A
:102AB000D2D14FF0FF324FF0FF332846FEF71EFC15
:102AC000CAE700BF30380020610D0300BA0D0300D3
:102AD000660B0300CF0D030010B5044608B9054B83
:102AE0009C681F2204F17C000CF0D4FC002084F8C8
:102AF0009B0010BDF83700202DE9F04F85B004464B
:102B0000119EDDF838B0DDF84C800F2E0F46994647
:102B10004CD14C498B424DD104F15801A673D61DBE
:102B2000C4E9161126F007061299A181002507EBCA
:102B3000060A04212174C4E906555146A560E573CF
:102B40002046EEF765FC0730109B20F00700C4E933
:102B50002776C4F8A40002930F9BAAEB0006CDE9E8
:102B600000B332464B4639462046EEF7BDFF0F9B79
:102B70002367109B6565C4E91A9B6367EFF31189AE
:102B8000402383F31288BFF36F8F2F4801F0B8FA08
:102B900018BB2E4A2E492F48842306F03AFA2A49B8
:102BA0002D4806F036FA8421284814E006F1100179
:102BB0001E29B1D9294A2A49264840F24B2306F05A
:102BC00028FA284831466FF00F030E2206F021FA4A
:102BD000224840F24B2106F013FA234F1A4801F025
:102BE000B3FA3B6A1848A3673C6201F097FA68B9E8
:102BF000164A1E4917484FF4997306F00AFA12490B
:102C00001B4806F006FA4FF49971CDE789F3118855
:102C1000BFF36F8FB8F1000F11D01F22414604F1AE
:102C20007C000CF037FC84F89B50BB680BB1D3F8E8
:102C3000A830C4F8A830304605B0BDE8F08F84F85D
:102C40007C80F2E7D10E020040380020610D0300C5
:102C5000BA0D0300660B0300CF0D0300083D03000F
:102C60002B3D0300AB3D0300F83700208E0D030021
:102C7000A50D0300F0B587B0DDE912760446EFF349
:102C8000058575B119491A4A1A4840F2173306F0FA
:102C9000C0F9194806F0BDF9154840F2173106F0A1
:102CA000AFF90595109D04950F9D03950E9D029516
:102CB0000D9D01950C9D0095FFF71EFFB6F1FF3F9E
:102CC00008BFB7F1FF3F05D056EA070305D12046FC
:102CD00000F0D0FE204607B0F0BD3A46334604F17E
:102CE0001800064901F0BAFAF4E700BF533B0300AD
:102CF000083D0300660B0300DC3D03006531020064
:102D0000012310B5037483810023C0E927330446EF
:102D100002F034F8014B9C6010BD00BFF837002072
:102D200070B590F91020037C002A49DBD90647D101
:102D300063F07F030374264B984209D12549264846
:102D4000264A522306F065F92448522106F058F924
:102D5000234C2246E16952F8183F934207D1C0E95B
:102D600000210860E0610FE08B42F8D01B68002B67
:102D7000F5D093F90E6090F90E50AE42F4DD59682B
:102D8000C0E9003108605860A569954200D005B9D6
:102D9000E568A3685BB91349134A0F48EA2306F0B4
:102DA00038F9124806F035F90F48EA21CEE71A7CC7
:102DB000D20606D1DA897F2A03D9AA690AB96361E2
:102DC00070BDAB4202D0284601F014F96561F7E707
:102DD000C8280020233E0300660B0300013E0300C9
:102DE000F8370020703E0300443E0300AF38030074
:102DF00038B590F91020037C002A01461BDA224ADC
:102E000003F07F039042037409D12049204A2148EE
:102E10005A2306F0FEF85A211D4806F0F1F8DC07A7
:102E200007D51D491A4A1B485B2306F0F2F85B21BF
:102E3000F2E70BF009FC194D2A46AB6852F8184F1F
:102E4000944200D004B9EC688B4214D05BB91449A9
:102E5000144A1048EA2306F0DCF8134806F0D9F8C3
:102E60001048EA21D9E71A7CD20604D1DA897F2AF0
:102E700001D9A2692AB1A34202D0204601F0BAF8D2
:102E800023466B6138BD00BFC8280020233E0300E5
:102E9000013E0300660B0300973E0300F837002055
:102EA000703E0300443E0300AF38030008B5144AE7
:102EB000936880B1197C11F0090F0CD11149124AA5
:102EC0001248D92306F0A5F8114806F0A2F80E48DA
:102ED000D92106F095F86FF00A01C3F8B4100D4936
:102EE000C3F8B0004B6843F080534B60002383F37A
:102EF0001188BFF36F8F9368D3F8B40008BD00BF8B
:102F0000F8370020DA3E0300B03E0300660B0300F2
:102F1000433F030000ED00E070B504460D46F9B9EB
:102F2000EFF30586E6B91A4B5A699B689A4217D0A7
:102F300001F0F4F878B9174A1749184840F26D13B0
:102F400006F067F82146164806F063F840F26D1166
:102F5000104806F055F83046BDE87040FFF7A6BFB0
:102F6000204601F0DBF868B90A4A0B490B484FF4D8
:102F7000997306F04EF82146094806F04AF84FF4D6
:102F80009971E5E785F31188BFF36F8F70BD00BFBE
:102F9000F8370020610D03008E0D0300660B03005F
:102FA000A50D030008B583684BB9094909480A4AC9
:102FB000A42306F02EF80848A42106F021F80BF00F
:102FC00043FB037C23F0020303740023836008BDEA
:102FD000093A0300660B0300C639030038B5184CE4
:102FE000A168E0690B68814214BF1A460022496853
:102FF0000B605960A368E1692AB9124AC3E900214C
:103000000B60E3610AE092F90E5093F90E008542DD
:1030100012DD5168C3E900210B605360A569094BBB
:103020009D4200D005B9E568A3689D4202D02846BC
:1030300000F0E0FF656138BD8A42DED01268DBE750
:10304000F83700201038002038B50446EFF311851A
:10305000402383F31288BFF36F8F174801F050F8B5
:1030600068B9164A16491748842305F0D2FF124959
:10307000154805F0CEFF8421104805F0C1FF0E4829
:1030800001F062F82046FFF74BFE0B4801F046F8CE
:1030900068B90A4A0D490B484FF4997305F0B9FF16
:1030A00005490B4805F0B5FF4FF49971E4E785F346
:1030B0001188BFF36F8F38BD34380020610D0300D5
:1030C000BA0D0300660B0300CF0D03008E0D030045
:1030D000A50D030038B50446EFF31185402383F3B3
:1030E0001288BFF36F8F184801F00AF868B9174AC1
:1030F00017491848842305F08CFF1349164805F03A
:1031000088FF8421114805F07BFF0F4801F01CF86F
:10311000A36813B12046FFF745FF0B4800F0FEFF00
:1031200068B90A4A0D490B484FF4997305F071FFCD
:1031300005490B4805F06DFF4FF49971E2E785F3FF
:103140001188BFF36F8F38BD34380020610D030044
:10315000BA0D0300660B0300CF0D03008E0D0300B4
:10316000A50D030038B5A0F11804EFF31185402335
:1031700083F31288BFF36F8F174800F0C1FF68B95F
:10318000164A17491748842305F043FF1249164889
:1031900005F03FFF8421114805F032FF0E4800F092
:1031A000D3FF20460BF07EFA0B4800F0B7FF68B95A
:1031B0000A4A0E490B484FF4997305F02AFF064955
:1031C0000B4805F026FF4FF49971E4E785F3118869
:1031D000BFF36F8F38BD00BF34380020610D03008E
:1031E000BA0D0300660B0300CF0D03008E0D030024
:1031F000A50D03002DE9F047DFF8D4A0354D364B7F
:103200001746A842DAF808201A60DDE90898044653
:103210000E460BD131493248324A40F2B92305F00B
:10322000F8FE304840F2B92105F0EAFEEFF31183D1
:10323000402383F31288BFF36F8F284600F060FFAE
:1032400060B9294A29492648842305F0E2FE294627
:10325000274805F0DEFE84212348E5E7284600F0F4
:1032600073FFDAF80850394628460BF0F5F9B8F143
:10327000FF3F08BFB9F1FF3F06D01E494A4643460B
:1032800005F1180000F0EAFF204600F047FF68B99A
:103290001949154A124840F26D1305F0BAFE21464D
:1032A000164805F0B6FE40F26D11D5E7094800F06A
:1032B00035FF40B910490C4A094840F26D1305F03A
:1032C000A8FE0449ECE73046BDE8F047FFF7EEBD45
:1032D000F837002034380020383800206B3F0300D6
:1032E000660B0300013E0300610D0300BA0D0300ED
:1032F000CF0D0300653102008E0D0300A50D030004
:1033000070B50546EFF31186402383F31288BFF3AF
:103310006F8F1B4800F0F4FE68B91A4A1A491B481F
:10332000842305F076FE1649194805F072FE8421C3
:10333000144805F065FE124800F006FF2C68A5420F
:1033400015D014B12046FFF72DFE0D4800F0E6FE23
:1033500078B90C4A0F490D484FF4997305F059FE9E
:1033600007490D4805F055FE4FF49971E0E7002438
:10337000EBE786F31188BFF36F8F204670BD00BF67
:1033800034380020610D0300BA0D0300660B030002
:10339000CF0D03008E0D0300A50D03002DE9F041B4
:1033A00004460D46EFF31187402383F31288BFF3E1
:1033B0006F8F594800F0A4FE60B9584A58495948DF
:1033C000842305F026FE5449574805F022FE842147
:1033D000524818E0504800F0B7FE237C03F01F026B
:1033E000002A0CBF0126002662D103F07F0323745C
:1033F0004E4B9C4209D14E494E4A4A485A2305F049
:1034000008FE5A214B4805F0FBFD20460BF01CF945
:10341000237C43F080036DB2DA07A573237407D5CC
:103420004549444A3F48532305F0F3FD5321E9E75A
:10343000DFF808814246D8F81C1052F8183F934232
:1034400008D1C4E900210C60C8F81C400DE08B4293
:10345000F7D01B68002BF4D093F90E00A842F6DDDC
:103460005968C4E900310C605C60D8F81840944297
:1034700000D00CB9D8F80C40D8F808309C4202D0E3
:10348000204600F0B7FDC8F81440234800F046FE7F
:1034900000283AD1214A2A4922484FF4997305F06D
:1034A000B8FD1D49274805F0B4FD4FF499718FE729
:1034B0009B0728D5A16841B923491A48234AA42368
:1034C00005F0A7FD2148A4219DE720466DB20BF031
:1034D000BBF8A5730B68994209D14B68C4E9001386
:1034E0001C604C60D1E74A689342F6D01B68002B01
:1034F000F3D093F90E20AA42F5DD5A68C4E90032F0
:1035000014605C60C1E7A573BFE787F31188BFF360
:103510006F8F3046BDE8F08134380020610D030024
:10352000BA0D0300660B0300CF0D0300C82800206E
:10353000233E0300013E0300973E0300F8370020BE
:103540008E0D0300A50D0300093A0300C6390300E0
:10355000034648B9EFF3058232B9064A51699268C9
:10356000914201D0FFF7A2BC83F31188BFF36F8FA4
:10357000704700BFF837002010B5EFF311844023E7
:1035800083F31288BFF36F8F284800F0B9FD60B94C
:10359000274A28492848842305F03BFD234927482A
:1035A00005F037FD8421224812E0204800F0CCFDD0
:1035B000EFF3058373B12249224A1F4840F23B339F
:1035C00005F027FD204805F024FD40F23B311D4861
:1035D00005F016FD1D4B9A68D37B012B0CD11C49BD
:1035E000184A15484FF44F7305F013FD164805F0BF
:1035F00010FD4FF44F71EAE7013BD3730B4800F025
:103600008DFD68B90A4A13490B484FF4997305F0C8
:1036100000FD0649104805F0FCFC4FF49971C2E723
:1036200084F31188BFF36F8F10BD00BF34380020C2
:10363000610D0300BA0D0300660B0300CF0D0300FC
:10364000533B0300013E0300AF380300F83700206E
:10365000A43F03008E0D0300A50D030070B5EFF32A
:103660001186402383F31288BFF36F8F2A4800F03E
:1036700047FD68B9294A2A492A48842305F0C9FC2C
:103680002549294805F0C5FC2448842105F0B8FCEB
:10369000264D214800F058FDAB68DA7B6AB9244911
:1036A000244A204840F24D3305F0B3FC224805F08F
:1036B000B0FC40F24D311F48E8E7EFF3058161B1FE
:1036C0001E491C4A174840F24E3305F0A2FC1A4826
:1036D00005F09FFC40F24E31EDE70132DA732A46E5
:1036E00052F8184F944200D004B9EC681A7CD20604
:1036F00004D1DA897F2A01D9A2692AB1A34202D072
:10370000204600F077FC23466B6131460248BDE855
:103710007040FFF701BC00BF34380020610D03008A
:10372000BA0D0300660B0300CF0D0300F83700202D
:10373000D53F0300013E0300AF380300533B0300B5
:1037400038B50446EFF31185402383F31288BFF3A5
:103750006F8F184800F0D4FC68B9174A1749184809
:10376000842305F056FC1349164805F052FC8421C9
:10377000114805F045FC0F4800F0E6FC20460AF031
:10378000A7FF04460B4800F0C9FC68B90A4A0E4975
:103790000B484FF4997305F03CFC06490B4805F0C3
:1037A00038FC4FF49971E3E785F31188BFF36F8F0D
:1037B000204638BD34380020610D0300BA0D0300E7
:1037C000660B0300CF0D03008E0D0300A50D030053
:1037D000024B03F11802C3E906227047F8370020B4
:1037E00070B5EFF3058373B13849394A39484FF45E
:1037F000906305F00EFC384805F00BFC34484FF49C
:10380000906105F0FDFBEFF31186402383F31288EE
:10381000BFF36F8F314800F073FC60B9304A314913
:103820002C48842305F0F5FB2C492F4805F0F1FBCB
:1038300084212B48E5E72D4C284800F085FCA16841
:10384000E0690B68814214BF1A46002249680B6088
:103850005960A368E1692AB9254AC3E900210B60D0
:10386000E3610AE092F90E5093F90E00854223DDE0
:103870005168C3E900210B605360A5691C4B9D4250
:1038800000D005B9E568A3689D4202D0284600F043
:10389000B1FB1248656100F041FC88B9104A154936
:1038A0000C4840F26D1305F0B4FB0C49124805F0CA
:1038B000B0FB40F26D11BCE78A42CDD01268CAE776
:1038C0003046BDE87040FFF7F1BA00BF533B03003C
:1038D000013E0300660B0300AF38030034380020BC
:1038E000610D0300BA0D0300CF0D0300F83700206F
:1038F000103800208E0D0300A50D03002DE9F041C6
:1039000006460C46EFF3058777B13449344A35480B
:103910004FF4936305F07DFB334805F07AFB3048A4
:103920004FF4936105F06CFB50EA010304D1FFF7FB
:1039300057FF0020BDE8F081EFF31188402383F3A7
:103940001288BFF36F8F294800F0DAFB60B9284A6C
:1039500028492448842305F05CFB2449264805F0C7
:1039600058FB84212248DDE7244D204800F0ECFB81
:10397000234BA8681860FFF73BFAA8682149234643
:103980003246183000F06AFCAA68137C43F0040346
:1039900004461374154800F0C1FB68B9144A1A496B
:1039A000104840F26D1305F034FB1049174805F03C
:1039B00030FB40F26D11D5E74046FFF777FAAB6870
:1039C000D3E90A23B3F1004F08BFBA42B1D10AF0DC
:1039D000AEFE201A20EAE070ACE700BF533B0300C4
:1039E000013E0300660B0300AF38030034380020AB
:1039F000610D0300BA0D0300CF0D0300F83700205E
:103A000038380020653102008E0D0300A50D03003B
:103A100070B506460D46EFF3058474B11149124A9C
:103A2000124840F2C64305F0F4FA114805F0F1FAE5
:103A30000D4840F2C64105F0E3FAFFF75FFFB5F12C
:103A4000FF3F08BFB6F1FF3F1FBF47F6FF734FF4BC
:103A50007A72E0FB0234D80B14BF40EA44404FF0C6
:103A6000FF3070BD533B0300013E0300660B0300B3
:103A7000AF38030038B50446EFF31185402383F3D4
:103A80001288BFF36F8F204800F03AFB68B91F4AD5
:103A90001F492048842305F0BCFA1B491E4805F045
:103AA000B8FA8421194805F0ABFA174800F04CFB2E
:103AB000237C5B0710D504F1180000F0ABFC237CDD
:103AC00023F0040320462374FFF72AF929460E4801
:103AD000BDE83840FFF720BA0B4800F01FFB68B97B
:103AE0000A4A0E490B484FF4997305F092FA0649B9
:103AF0000B4805F08EFA4FF49971D3E785F31188DE
:103B0000BFF36F8F38BD00BF34380020610D030054
:103B1000BA0D0300660B0300CF0D03008E0D0300EA
:103B2000A50D0300014B9868704700BFF8370020CF
:103B30002DE9F84304468789EFF31185402383F389
:103B40001288BFF36F8F844800F0DAFA68B9834AAD
:103B500083498448842305F05CFA7F49824805F054
:103B600058FA84217D4805F04BFA7B4800F0ECFAC6
:103B7000237C180717D5784800F0D0FA68B9774A3F
:103B80007A4978484FF4997305F043FA72497848B6
:103B900005F03FFA4FF49971E4E785F31188BFF31C
:103BA0006F8FBDE8F883D90943F0080240F08680A2
:103BB0002274A36813B12046FFF7F4F904F118004A
:103BC00000F028FCA66D04F15808B04511D04FF064
:103BD000000976B13046FFF7E5F906F1180000F06C
:103BE00019FCC6F8B4903046FFF79AF8A66DB045B8
:103BF000EFD1DFF88081D8F808309C427DD1EFF317
:103C00000589B9F1000918BF4FF00109D8F818600B
:103C1000594A964200D00EB9D8F80C60B34202D08F
:103C2000304600F0E7F92046C8F8146005F017FBAD
:103C3000204600F091FAB9F1000F02D04F48FFF78B
:103C40005FF8D8F808309C426AD1EFF30586002E61
:103C500066D1A389DA071FD53F4800F05FFA002834
:103C60008DD085F31188BFF36F8F86F31188BFF372
:103C70006F8F0423184602DFEFF31185402383F38F
:103C80001288BFF36F8F344800F03AFA00283FF4EF
:103C90005EAF314800F058FA2F4800F03FFA78BB89
:103CA0002E4A32492F4840F26D1305F0B2F92A49E5
:103CB0002F4805F0AEF940F26D1153E7304A03F09A
:103CC0007F0343F008039442237408D12D492E4A00
:103CD00024485A2305F09DF95A212B4843E7D90778
:103CE00007D52A49284A1F485B2305F092F95B2132
:103CF000F3E720460AF0A8FC5BE74FF0000985E7F0
:103D00002846FFF7D3F822491F4A16484FF4EE73AE
:103D100005F07FF91F4805F07CF94FF4EE71DCE700
:103D20000D4800F0FBF900283FF429AF85F3118816
:103D3000BFF36F8FFB077FF534AF134A164909486D
:103D400040F2A25305F065F92146144805F061F9E7
:103D500040F2A251C1E700BF34380020610D0300DA
:103D6000BA0D0300660B0300CF0D03008E0D030098
:103D7000A50D0300F837002010380020102B00207C
:103D8000C8280020233E0300013E0300973E0300A5
:103D90000640030011400300334003003E4003008F
:103DA0002DE9F843064688461746EFF3118940236C
:103DB00083F31288BFF36F8F214800F0A1F9054605
:103DC00068B9204A20492148842305F022F91C497A
:103DD0001F4805F01EF984211A4805F011F918480A
:103DE00000F0B2F93468A6421FD004B32046C4F8EC
:103DF000B4806761FFF7D6F804F1180000F00AFB01
:103E00002046FEF78DFF0E4800F088F988B90D4A6C
:103E100010490E484FF4997305F0FBF808490E4815
:103E200005F0F7F84FF49971D6E70025EBE7254642
:103E3000E9E789F31188BFF36F8F2846BDE8F8835F
:103E400034380020610D0300BA0D0300660B030037
:103E5000CF0D03008E0D0300A50D0300D3B5DDE9E2
:103E60000667089CCDE90067FFF7C4F91CB1034B56
:103E70009B685B69236002B0D0BD00BFF8370020AB
:103E80002DE9F0470546884616461F46EFF311898F
:103E9000402383F31288BFF36F8F284800F030F976
:103EA00068B9274A27492848842305F0B2F82349EE
:103EB000264805F0AEF88421214805F0A1F81F48F6
:103EC00000F042F92868854208D038B16B68984202
:103ED00014BFD0F800A04FF0000AB0B9002416B10A
:103EE00039462046B047154800F018F9F8B9144A89
:103EF000174915484FF4997305F08BF80F49154889
:103F000005F087F84FF49971D6E73946C047044663
:103F10000028E4D1BAF1000F07D06B68534501D0F7
:103F2000DAF800405046A246D7E75446FAE789F34C
:103F30001188BFF36F8F2046BDE8F087343800202A
:103F4000610D0300BA0D0300660B0300CF0D0300E3
:103F50008E0D0300A50D0300027C12F01F02034624
:103F600010D10A4988420DD00949086868B1D98939
:103F70007F2909D893F90E20064B1B689A42B8BFD7
:103F8000002070470020704710467047C828002066
:103F9000280800203C38002008B568B10F4B984233
:103FA0000AD303F11802904206D2C01A1822B0FBBD
:103FB000F2F302FB13034BB109490A480A4A3F23B3
:103FC00005F027F808483F2105F01AF8074BC01004
:103FD0005843074B01221A5408BD00BFC82B0020CC
:103FE00084400300660B03005C400300ABAAAAAA4E
:103FF0001442002070B50C4B0C4D1E7CFFF7ACFF3B
:10400000182303FB06550446284600F003FA084B24
:1040100000229A553CB1621E28460649BDE8704010
:10402000D31700F01BB970BDF8370020C82B002053
:1040300014420020993F020038B5EFF31185402368
:1040400083F31288BFF36F8F234800F059F868B9E3
:10405000224A23492348842304F0DBFF1E492248D7
:1040600004F0D7FF84211D4804F0CAFF1A4800F06D
:104070006BF81E4B1E4A9C681068A04213D1FFF7D4
:10408000B9FF154800F04AF800BB144A1949154811
:104090004FF4997304F0BDFF0F49174804F0B9FFBE
:1040A0004FF49971DFE700211B7C1160134AD35C48
:1040B000002BE6D02046FFF74FFF0028E1D0237CFD
:1040C000DB0601D1FEF78AFF2046D8E785F3118889
:1040D000BFF36F8F38BD00BF34380020610D03007F
:1040E000BA0D0300660B0300CF0D0300F837002064
:1040F000383800208E0D0300A50D03001442002067
:10410000006838B1044B1B7C00F00300C01A18BFD4
:104110000120704701207047F83700200023026813
:104120000360EFF30581074B986811B1017CC90763
:1041300005D41B7C1843831A58425841704701200C
:10414000704700BFF8370020024B1A7C9B6813436E
:1041500003607047F837002038B50446EFF3118547
:10416000402383F31288BFF36F8F1D48FFF7C8FF0A
:1041700068B91C4A1C491D48842304F04AFF1849A9
:104180001B4804F046FF8421164804F039FF144808
:10419000FFF7DAFF174A136AA34214D19B6F136229
:1041A0000F48FFF7BBFFB0B90E4A13490F484FF451
:1041B000997304F02EFF0A49104804F02AFF4FF4C7
:1041C0009971E1E71346002BEAD09A6FA242F9D128
:1041D000A26F9A67E4E785F31188BFF36F8F38BD4C
:1041E00040380020610D0300BA0D0300660B030088
:1041F000CF0D0300F83700208E0D0300A50D03003E
:10420000024B1868984208BF002070472C08002015
:10421000034B1B680BB9F9F795BB0020704700BF33
:104220004438002030B570B10B4B5B6898420AD01F
:10423000036843B1D3E90421D0E90445121941EBE5
:104240000501C3E90421D0E9003213605A6000235C
:10425000C0E9003330BD00BF2C080020B3F1FF3FA0
:1042600008BFB2F1FF3F2DE9F84F04469B461546C3
:104270001F4600F0B280D0F80090B9F1000F0CD0CA
:104280005749584A5848642304F0C3FE574804F07D
:10429000C0FE5448642104F0B3FE8160EFF311883E
:1042A000402383F31288BFF36F8F5148FFF728FF35
:1042B000824660B94F4A50494B48842304F0A9FE16
:1042C0004B494E4804F0A5FE84214A48E3E748489C
:1042D000FFF73AFFBBF1000F494A1FDBFFF798FFDA
:1042E000474A0135D2E900174BF1000B2D184BEB73
:1042F000E073C4E904536D18064643EB0707FFF764
:104300007FFFDFF800E1DEF804900346EBB9C4E973
:1043100000E9C9F80040CEF8044028E0D2E90012D4
:104320006FF001035B1A4FF0FF3161EB02025B1B80
:1043300062EB0B02012B72F10001BCBF01234A4664
:10434000C4E904324FF0000AD9E7D3E9041CD4E9E8
:1043500004208A4270EB0C0B2EDA891A5A686CEB37
:104360000000C3E90410C4E9003214605C60FFF788
:1043700047FF84420ED1244B1B685BB9BAF1000F92
:1043800002D1FFF745FF064630460AF0B9F9002191
:10439000F9F7B2FA1648FFF7C1FEB0B9154A1B4942
:1043A00011484FF4997304F034FE1149184804F091
:1043B00030FE4FF4997188E7521A60EB0C004B45C0
:1043C000C4E90420A3D01B68A0E788F31188BFF3D9
:1043D0006F8F28463946BDE8F88F00252F46F8E74D
:1043E000AF4203008B420300660B0300AF380300AB
:1043F00048380020610D0300BA0D0300CF0D030003
:10440000E02B00202C080020443800208E0D0300F3
:10441000A50D030070B50446EFF31186402383F326
:104420001288BFF36F8F2A48FFF76AFE68B9294ADE
:1044300029492A48842304F0ECFD2549284804F042
:10444000E8FD8421234804F0DBFD2148FFF77CFED2
:1044500023683BB3FFF7D4FE05462046FFF7E2FE94
:1044600000224FF00043A542C4E9042312D00024E7
:104470001748FFF753FE20BB164A1A4917484FF456
:10448000997304F0C6FD1249174804F0C2FD4FF4B9
:104490009971D7E7FFF7BCFE0AF032F90021F9F76E
:1044A0002BFAE4E7D4E90423B3F1004F08BF012A53
:1044B00004D100224FF00043C4E904236FF0150437
:1044C000D6E786F31188BFF36F8F204670BD00BF1B
:1044D00048380020610D0300BA0D0300660B03008D
:1044E000CF0D03008E0D0300A50D03002DE9F0474D
:1044F000DFF80891DFF808A1C9F800000246FFF7CD
:104500007FFE8846044600260027DAE900134FEABA
:10451000E27C54B1D4E90450AA427CEB000E1FDACD
:10452000AD1A60EB0C00C4E9045052184FF00004BF
:1045300043EB0C032046CAE90023C9F800400AF007
:10454000DFF82146F9F7D8F92E48FFF7E7FDD0B19B
:1045500088F31188BFF36F8FBDE8F047FFF76CBD9C
:10456000691843EBE5732046C4E90467CAE9001300
:10457000FFF758FE01224FF00043C4E9042321480D
:10458000FFF7CCFD78B9204A204921484FF49973B0
:1045900004F03FFD1B491F4804F03BFD4FF49971A7
:1045A000194804F02DFD88F31188BFF36F8FA368BD
:1045B00020469847EFF31188402383F31288BFF316
:1045C0006F8F1048FFF79CFD58B90F4A12491048E9
:1045D000842304F01EFD0B49104804F01AFD8421C9
:1045E000DEE70848FFF7B0FDD9F80020521BC9F8F4
:1045F0000020FFF705FE044687E700BF443800208F
:10460000E02B002048380020610D03008E0D0300D0
:10461000660B0300A50D0300BA0D0300CF0D0300C8
:1046200010B5EFF31184402383F31288BFF36F8F2B
:104630000B48FFF765FD68B90A4A0B490B4884230C
:1046400004F0E7FC06490A4804F0E3FC054884212D
:1046500004F0D6FC0248FFF777FD204610BD00BFEE
:1046600048380020610D0300BA0D0300660B0300FB
:10467000CF0D030070B5EFF31186402383F312884A
:10468000BFF36F8F1A48FFF73BFD68B9194A1A4903
:104690001A48842304F0BDFC1549194804F0B9FCFC
:1046A0008421144804F0ACFC1148FFF74DFDFFF7DE
:1046B000AFFD144AD2E90045041945EBE0750C48FA
:1046C000FFF72CFD68B90B4A0F490C484FF499735A
:1046D00004F09FFC06490D4804F09BFC4FF49971CF
:1046E000DFE786F31188BFF36F8F2046294670BD40
:1046F00048380020610D0300BA0D0300660B03006B
:10470000CF0D0300E02B00208E0D0300A50D03004C
:10471000F8B50446EFF31187402383F31288BFF303
:104720006F8F5B48FFF7ECFC68B95A4A5A495B48FF
:10473000842304F06EFC5649594804F06AFC842135
:10474000544804F05DFC5248FFF7FEFCD4E9042312
:10475000B3F1004F08BF012A13D04D48FFF7DEFC2C
:10476000002840F08F804B4A4E494C484FF49973D3
:1047700004F04FFC46494C4804F04BFC4FF499714F
:10478000DEE7D4E90A566A1C46F10003022A73F1F7
:10479000000334D3013D46F1FF36002EBCBF002597
:1047A0002E4609F0C8FF013041F10001401946EBE7
:1047B0000101012871F100015BDB09F0BCFF013050
:1047C00041F100016FF00203401946EB0101834201
:1047D0006FF000438B4151DB09F0ADFF013041F137
:1047E00000016FF00102401946EB0103121A4FF06D
:1047F000FF3161EB03032D492046FFF72FFD236BAB
:10480000256A01332363D5B12148FFF787FC0028CF
:10481000A9D087F31188BFF36F8F2046A847EFF325
:104820001187402383F31288BFF36F8F1848FFF777
:1048300067FC00283FF479AF1548FFF785FC54F872
:10484000185FA54289D0002D87D02846FEF742FC8C
:1048500000230F48C5F8B430FFF760FC002882D071
:1048600087F31188BFF36F8F2846BDE8F840FEF745
:10487000EBBB6FF001024FF0FF33BCE700224FF0BB
:104880000043B8E787F31188BFF36F8FF8BD00BF0F
:104890004C380020610D0300BA0D0300660B0300C5
:1048A000CF0D03008E0D0300A50D0300114702007C
:1048B0002DE9F843064614461D4691469846EFF307
:1048C0001187402383F31288BFF36F8F2748FFF7C8
:1048D00017FC68B9264A27492748842304F099FB26
:1048E0002249264804F095FB8421214804F088FBE6
:1048F0001E48FFF729FCB5F1FF3F08BFB4F1FF3FA9
:1049000011D11A48FFF70AFC50BB194A1C491A4832
:104910004FF4997304F07DFB14491A4804F079FBB5
:104920004FF49971E1E7002D0ADB012C75F10003CA
:104930002246BCBF0122002512F1FF3945F1FF38A4
:104940003046FFF767FDDDE90823C6E90A230023A7
:1049500033634A46434630460B49FFF77FFCD0E7B6
:1049600087F31188BFF36F8FBDE8F8834C380020C0
:10497000610D0300BA0D0300660B0300CF0D0300A9
:104980008E0D0300A50D03001147020070B505460A
:10499000EFF31184402686F31288BFF36F8F2D4802
:1049A000FFF7AEFB68B92C4A2C492D48842304F04C
:1049B00030FB28492B4804F02CFB8421264804F0C6
:1049C0001FFB2448FFF7C0FB2846FFF723FD90B1EB
:1049D0002048FFF7A3FB002837D11F4A224920486F
:1049E0004FF4997304F015FB1A49204804F011FBA9
:1049F0004FF49971E2E76B6ACBB11648FFF78EFB73
:104A00000028EAD084F31188BFF36F8F6B6A2846C1
:104A10009847EFF3118486F31288BFF36F8F0D4828
:104A2000FFF76EFB0028BED00A48FFF78DFB05F1AB
:104A30001800FEF765FC0028CAD0FEF705FB2146EA
:104A40000448BDE8704009F041BE84F31188BFF30B
:104A50006F8F70BD4C380020610D0300BA0D03004C
:104A6000660B0300CF0D03008E0D0300A50D0300A0
:104A70002DE9F74305460C46914600F10C06EFF38D
:104A80001188402383F31288BFF36F8F3046FFF7FE
:104A900037FB68B9164A17491748842304F0B9FA56
:104AA0001648314604F0B5FA1148842104F0A8FAFA
:104AB0003046FFF749FBAB6811495C4004EA090244
:104AC00003EA09075340009300226B4628460192EF
:104AD000FFF7D6F9DDE9003223EA02033046AB6086
:104AE000414609F0F3FD384603B0BDE8F08300BF4E
:104AF000610D0300BA0D0300660B0300CF0D030028
:104B0000DFE702002DE9F04F85B088460546DDE974
:104B10000E1B1746EFF305838BB151EA0B030ED042
:104B20004049414A414840F2211304F072FA40489A
:104B300004F06FFA3C4840F2211104F061FA02914E
:104B4000B8F1000F56D007F001030393FEF7EAFF18
:104B500005F10C048146EFF3118A402383F3128898
:104B6000BFF36F8F2046FFF7CBFA029960B9314A45
:104B700031492E48842304F04CFA21462F4804F092
:104B800048FA84212B48D8E720460291FFF7DCFA47
:104B900017F0020F1CBF0023AB60AB68029907F04F
:104BA000010203EA0806BAB1B04517D17A0744BF3B
:104BB000B343AB602046FFF7B1FAE8B91D4A20497C
:104BC0001A484FF4997304F024FA21461D4804F062
:104BD00020FA4FF49971D5E7002EE7D151EA0B0383
:104BE00012D12046FFF79AFA0028E7D08AF31188FD
:104BF000BFF36F8F002603E08AF31188BFF36F8F36
:104C0000304605B0BDE8F08FC9E918872A46CDE9DE
:104C1000001B20465146FEF7EDFA0028EAD1D9F8EC
:104C20006060EDE7C13B0300CF420300660B030069
:104C3000AF380300610D0300BA0D0300CF0D030070
:104C40008E0D0300A50D03002DE9F84F4F1E0F42F6
:104C500006460D469A460BD02F49304A3048182355
:104C600004F0D7F92F4804F0D4F918212B481CE0A0
:104C7000141D4DD241F0040B00F11408EFF311891B
:104C8000402383F31288BFF36F8F4046FFF738FA53
:104C900068B9254A25492248842304F0BAF94146D7
:104CA000234804F0B6F984211F4804F0A9F94046CE
:104CB000FFF74AFA224659463046D0470446404656
:104CC000FFF72CFA68B9184A1A4915484FF4997336
:104CD00004F09FF94146184804F09BF94FF499718C
:104CE000E2E789F31188BFF36F8F8CB144F8046B4E
:104CF0007DB13C420DD0094A10490948352304F0E2
:104D000088F921460E482A4604F083F93521ADE79B
:104D100000242046BDE8F88F4B0B0300F24203004D
:104D2000660B0300830B0300610D0300BA0D030043
:104D3000CF0D03008E0D0300A50D030016430300E5
:104D4000484303002DE9F04105460E46174609F099
:104D500075FC30B9074B9B68D3F8A84014B9BDE87F
:104D6000F081054C3B46324629462046BDE8F041DD
:104D7000FFF76ABFF8370020E0090020014BC0F8B8
:104D8000A8307047E00900200146024A0020FFF7E2
:104D9000D9BF00BFDD8F020001680E4A9142034671
:104DA00015D1C169A2F11022A2F1EF1291420ED1E8
:104DB0008268012A0BD8C26812B101698A4206D002
:104DC000586928B19B691B1A584258417047012005
:104DD000704700BF55AA00FF70B50E4B9E68B6B174
:104DE0003046FFF7D9FF044618B9F3687BB9356937
:104DF0000DB9204670BD2846FFF7CEFF28B9EB68F5
:104E0000B34204D12E462D69F2E70446F1E70124AE
:104E1000EFE700BF503800202DE9F041404D064635
:104E20006869884600F04CF918B100242046BDE8B6
:104E3000F0812C68DCB1AC68CCB1002E6AD0B8F13E
:104E4000000F69D008FB06F7B7FBF6F6B04565D151
:104E5000391D63D8BA0710D027F003020432EC687A
:104E600003E0616891420AD2A469002CF9D1686913
:104E700000F030F90028D9D0D7E73A46EFE7D4F868
:104E800008C0BCF1000F02D001200AF0ECFA891A28
:104E9000232904F120061CD80123A360D4E90523AB
:104EA000AAB19361A3690BB162695A610023C4E995
:104EB00005332B69DB0703D5FFF78EFF0028E3D10D
:104EC0003A460021304634460AF0C5FACFE7EB6097
:104ED000E8E702F1200023182039C3E9011CDC6057
:104EE0002169DFF840C0196144F800C00E48D8615C
:104EF00001B1CB6061695961A069986141B18B6171
:104F0000996901B14B610121C4E901212361CDE718
:104F1000EB60F5E73446AAE74446A8E70446A6E76F
:104F20005038002055AA00FF669911EE70B5424E28
:104F30000546706900F0C4F800287BD1002D5FD0D1
:104F40003368002B5CD0B268002A59D09D4203D34D
:104F5000726813449D4202D301200AF084FAA5F13D
:104F600020042046FFF718FF0028F5D155F8183C1B
:104F7000012BF1D155F8143C45F8180CC3B19A68CF
:104F8000002A42D155F81C2C02F120015A680A442B
:104F90005A6055E905321A6155F8145C2B6903B162
:104FA000DD602046202200210AF055FA23462C46D7
:104FB0002069002836D08268002A33D163684268AD
:104FC00020331344636003692361D4E90523F2B9F4
:104FD00023BB436963618269A2610BB39C61A369CE
:104FE00003B15C61236903B1DC60202200210AF077
:104FF00032FA33699B0703D5FFF7EEFE0028ABD1E9
:105000007069BDE8704000F065B80023D0E7936197
:10501000A369002BDDD062695A61DAE7F360F7E734
:10502000F460DCE7002BE4D1F368A36103B15C61B9
:10503000F460DEE770BD00BF5038002070B5174E39
:1050400014220C460546002130460AF004FA1448A2
:10505000706100F02DF81349134800F051F8232C2B
:105060001BD915F003031FBF043CE418C3F104036C
:10507000ED182246002128460AF0EDF9C6E9005451
:10508000203CB5606C60B368084A1A60B368F3608E
:10509000A2F11022A2F1EF12DA6170BD50380020A7
:1050A0007C3700202D4F0200194E020055AA00FF48
:1050B000024B1B6803B11847704700BF5808002017
:1050C000034B9B6803B118476FF01D00704700BF8A
:1050D00058080020034BDB6803B118476FF01D0030
:1050E000704700BF58080020014B1B68184700BFDD
:1050F00038080020014B1B68184700BF3408002007
:10510000024B1860024B00201960704738080020DD
:105110003408002010B50A46044619B1024B00219C
:105120001B68984710BD00BFE00403000E4B03400E
:10513000B3F1607F06D1B1F5885F0CBF00206FF03E
:1051400086007047B3F1707F0BD101F4E043B3F5F3
:10515000005F06D111F4E06F14BF00206FF08600ED
:1051600070476FF0860070470000C07F8A42F8B534
:1051700006460D4600F00A8101F0FE41B1F1C06F14
:1051800061D1884C22F4FF7121F00101A14222F08B
:10519000FF0014D004F58854A04210D022F47F768A
:1051A00026F00306A4F57064A64208D004F5A064B6
:1051B000A04204D004F57454A14240F0EB80D1B277
:1051C000784E19B922F48061B14224D125F4FF74DC
:1051D00024F00104B44225F0FF0112D0724EB14216
:1051E0000FD025F47F7727F00307A6F57066B74246
:1051F00007D006F5A066B14203D006F57456B44256
:1052000009D115F0FF0406D0684E44F00074B44292
:1052100004BF02460D468BB122F4FF7323F0010355
:10522000B3F1062F06D0624B22F4FF6121F0070193
:10523000994203D122F4807225F48075954214BFFF
:1052400000200120F8BDB1F1A06F16D102F0FE439D
:10525000B3F1A06F40F0888082EA050333F47E1337
:1052600040F0828028047FD5C5F30540C2F3054293
:1052700090428CBF00200120E4E74E4B9D4209D1B3
:10528000A3F500439A4200F081804B4B22F47E103C
:105290009842D4E7B1F1407F60D102F0FE43B3F110
:1052A000407F5BD182EA050030F47E1456D131464E
:1052B0002846FFF73BFF00286AD1404912F47C17CB
:1052C00001EA020113D0B1F1607FC2F3054333D18B
:1052D000D1B241F0007101F17E410339122901D8A8
:1052E0003748445C15F47C1F2DD19C42A7E7B1F1EF
:1052F000607F0AD1D3B243F0007303F17E43033BD6
:10530000122B4BD82F49CB5CE2E7B1F1707F17D15C
:1053100006F4E043B3F5005F42D1C6F30221012356
:105320008B4006F4E041B1F5005FDBD1C6F3022605
:10533000012000FA06F4D5E7B1F1707FD2D1F0E791
:1053400000242346CEE71FB9C5F30541A1421DD075
:10535000290403D5C5F3054098428AE71A4B9D42BC
:1053600002D1B2F1082F6AE725F0004323F47F034E
:10537000B3F1106F0CD102F0FE43B3F1106F07D1FF
:105380001248104040F01060A84258E7012059E749
:10539000002057E7002B7FF446AF4FE7002397E745
:1053A0000023BEE70002000600130006FF00000213
:1053B000004000060093C004000140050000C07FCB
:1053C00098450300984503000002C0030000FFF663
:1053D00070B505460F480E46FFF772FE044618B139
:1053E0006FF08F04204670BD6B6933602B7F012BFB
:1053F0000ABF022330602B77064818BF6FF096046F
:10540000FFF768FE0028EDD0002CE9D06FF096047D
:10541000E8E700BFA037002038B50C4C0C48FFF778
:105420004FFE65780A48FFF755FE0A48FFF748FE29
:10543000022D08D12478E31F5C425C410548FFF748
:1054400049FE204638BD0024F8E700BF6838002038
:1054500088370020943700202DE9F047894615460B
:105460001C4600F0C1FC0646002851D1D9F8007056
:10547000B7F800A00AF4E043B3F5804FBB6808BF5B
:1054800025F0010535EA03033AD1002C40D0B5F5EB
:10549000006F40D0A5F5005255425541284A24F4EA
:1054A000FF7323F00103934213D0264924F0FF0237
:1054B0008A420ED024F47F7020F00300A1F57061C1
:1054C000884206D001F5A0618A4202D01E4A93426A
:1054D00023D114F0FF0304D01C4A43F0007393421D
:1054E00022D0F9682B4622465046FFF73FFE804601
:1054F00070B939692B4622465046FFF737FEE0B9AE
:105500006FF084060023C9F80030384600F0A4FC90
:105510003046BDE8F0870125C0E704F0FE43B3F153
:10552000407F04D12304DCD56FF08606EAE7B3F1AF
:10553000A06FF7D0054B9C42D2E74646E8E700BF94
:10554000000200060013000600460006FF000002ED
:1055500038B500F0FE43B3F1407F04460D4602D05B
:105560006FF0860038BDFFF7E1FD0028F8D114F494
:105570007C1F18D0C4F30543032B137022D9224A91
:105580002240B2F1607F31D1E4B244F0007404F102
:105590007E44033C122CE3D81C4A125D9342DFD8B0
:1055A000202BDFD90EE0184B2340B3F1607F0FD1E1
:1055B000E3B243F0007303F17E43033B122B04D9A3
:1055C000002313706FF08500CCE71149CB5CD3E763
:1055D000B3F1707FF4D101F4E043B3F5005FEFD194
:1055E000C1F3022101238B40DBB2C5E7B2F1707F2A
:1055F000B6D105F4E042B2F5005FB1D1C5F30225A2
:105600000122AA40CAE700BF0000C07F98450300FE
:10561000984503002DE9F3414768D0F8148004460B
:1056200038460E4609F007FC0546E8B9FFB22FB927
:10563000B8F1000F05D06FF0860515E0B8F1000F46
:10564000F9D0A36823F0031323F47F43002BF2D196
:1056500062884FF6F8739A4228D816482779FFF7E0
:105660002FFD28B16FF08F05284602B0BDE8F0810C
:1056700007B901A8314600F067FB05460D48FFF762
:1056800029FD10B1002DEFD1ECE7002DECD10FCCAE
:10569000D6F800C066460FC694E8070086E8070003
:1056A000002FE1D1019BCCF81430DDE76FF08505C8
:1056B000DAE700BFA037002010B5044650B1064815
:1056C000FFF7FEFC204609F0EAF9BDE81040024869
:1056D000FFF700BD10BD00BFA037002013B5044682
:1056E00010B301A900F080FB0446E8B91948FFF7A0
:1056F000E7FC0346019853B1002409F087FB00281A
:1057000018BF04461348FFF7E5FC68B109E0037FC2
:10571000032B11D109F07AFB04460E48FFF7DAFC9F
:1057200028B10CB96FF08F04204602B010BD002CD8
:1057300008BF6FF08704F7E7022B07D10323037735
:105740000379FF2BD8D16FF08404D6E76FF096046D
:10575000D3E700BFA03700202DE9F0411E4688B0F6
:10576000904600220388059205460F46CDF81C801E
:105770003260B8F1000F65D0B8F1005F80F0A18011
:1057800023F0FF03B3F5E24F02D0B3F5824F25D1EA
:10579000284609F062F80446002840F08680EB684D
:1057A00083B16A8872B12B8803F44F41B1F5824FFF
:1057B00002D0B1F5884F05D1DBB2222B36D02CD8E0
:1057C000122B38D03A4608EB0701002312F8010BE0
:1057D0008A4243EA0003F9D1002B33D005A92846B9
:1057E000FFF718FF0446A0B9059B9B6A6BB3059BA6
:1057F0005A88069206AA029203F1280201929A6A36
:1058000000925B6A42463946284609F046FB044648
:1058100080B30598FFF750FF47E0273BDBB21B2B17
:10582000D0D8294921FA03F3DB07CBD50732B8EBEF
:10583000D20FC7D206E040F209239A42F6D1B8F15E
:10584000400FBFD86FF086042FE06B681B0A07D1AA
:105850000799059809F0E3F804460028C7D0D8E76F
:1058600007AB42463946284609F0EFFA04460028BD
:10587000EED0CEE70599069B4A88D2B94B80069AAE
:105880004FF6F8739A4219D82B88059813B10288FD
:105890009A4210D16B8813B142889A420BD131469B
:1058A000FFF796FD04460028B3D1204608B0BDE8B6
:1058B000F0819A42E3D06FF08604AAE76FF0850486
:1058C000A7E76FF08504F0E70102000C38B5044645
:1058D0000D46FFF7A1FD30B12A4621460348BDE839
:1058E000384009F081BB6FF0880038BD6C3800206B
:1058F00073B5002203880A600092428804460D4670
:10590000002A00F0FF80028802F4E042B2F5804FE6
:1059100000F0F88023F0FF03B3F5E24F02D0B3F5B7
:10592000824F04D1204608F098FF0646D0B9694658
:105930002046FFF76FFE064660BB009B9B6AA3B143
:105940000099204601F12803D1E9091209F087FAEC
:1059500006460098002E40F0D2802946FFF738FD19
:105960000646B8B9304602B070BD63681B0A40F005
:10597000BD802288618802F4E043B3F5805F0DD0DA
:10598000B3F5005F0AD002F44F40B0F5824F1ED04D
:105990006FF085060098FFF78FFEE3E7104609F0E9
:1059A0000FF806460028F5D147F201039A4220D1AC
:1059B0004B080133DB0803EBC3033B330193DDE901
:1059C000000109F02CF806460028B9D0E2E7B3F54B
:1059D000E04FDDD147F201039A42E9D022F0FF0304
:1059E000B3F5884F15D1CB1DDB0803EB430301331F
:1059F000E4E744F201039A4202D1CB081033DDE719
:105A000022F0FF03B3F5E84FEAD1CB1DDB085B00C2
:105A1000D4E7B3F5EE4F67D0B3F58E4F02D1CB1D6F
:105A2000DB08CBE702F44F40B0F5824F02D0B0F56F
:105A3000884F06D1D0B2422801D1CB08D7E7412800
:105A4000EDD0B3F5E24FEAD0B3F5824F03D1CB1DD1
:105A5000DB085B00CBE744F20D039A4224D844F202
:105A600001039A42DBD9A2F58042023A0B2AD6D82A
:105A700001A353F822F000BFBD5A02001F5A0200D2
:105A8000C95A02001F5A02001F5A0200D15A0200CE
:105A9000D95A02001F5A02001F5A0200E15A02009E
:105AA0001F5A0200E15A020047F202039A421BD039
:105AB00047F204039A42B2D140237FE74B094FF4E7
:105AC000A0725343203379E70B0A4FF4C072F8E712
:105AD000CB1DDB08183371E7CB1DDB081C336DE7EA
:105AE000CB1DDB08023392E7202367E701A920469C
:105AF00009F0B0F9064600283FF461AF4AE708F024
:105B0000C3FF47E76FF086062CE700BF10B51B4CBC
:105B10001B48FFF7D5FA2378590744BF03F0FB036E
:105B200023709A0705D500F0F5F8237823F00203D7
:105B300023701348FFF7CEFA1248FFF7C1FA6378D3
:105B400013B1114809F061FA002304210E48637073
:105B5000FFF7E0FA0B48FFF7BDFA0948FFF7B0FA84
:105B60002378DB0705D509F06FF9237823F00103CB
:105B70002370BDE810400248FFF7ACBA6838002037
:105B800094370020883700206C38002070B5FFF76C
:105B900043FC10B10024204670BD3448FFF790FA52
:105BA000044620B16FF08F04FFF7B0FFF3E7304DEC
:105BB0002B789E0706D400F0A5F82B7843F002035B
:105BC00004462B702948FFF785FA10B1002CE9D064
:105BD000EAE7002CE8D12548FFF772FA04460028CE
:105BE000E0D12B78D80706D409F02CF92B7843F0B4
:105BF000010304462B701D48FFF76CFA0028E5D11D
:105C0000002CD1D11948FFF75BFA0028CAD11748F8
:105C10002E78FFF75FFA0028C4D11648FFF750FA34
:105C200004460028BED16B783BB9F10705D5124870
:105C300009F0D8F9022304466B700E48FFF74AFAC0
:105C40000028C3D1002CAFD10848FFF739FA00284B
:105C5000A8D12B7805485A075CBF43F004032B708A
:105C6000FFF738FA002895D09CE700BF9437002052
:105C700068380020883700206C38002000F140424E
:105C80000F2A30B50CD81D4B2C2404FB02331A7F8D
:105C9000022A02D15A69824224D06FF08B001AE0A6
:105CA000441E6FF040439C420ED2144A0024134617
:105CB000157F022D02D15569854210D00134102C78
:105CC00002F12C02F4D1E8E70D4BA2F580529A4282
:105CD000EBD96FF0870030BD6FF09600FBE72C2208
:105CE00002FB04331A7F022AF6D11A6A501CF3D041
:105CF00001321A6200200B60EDE700BF703800200F
:105D0000FFDFFF3F024B012283F8C02200207047D3
:105D1000703800202DE9F0410A4C002526464FF04E
:105D200001080327C4F8208027772046013508F0B2
:105D3000B6FE102D04F12C04F4D1002386F8C032F5
:105D4000BDE8F08170380020F8B5244D064624489F
:105D50000F46FFF7B5F995F8C0422148FFF7BAF9A9
:105D6000002C34D000242B462246197FF9B13CB9CF
:105D7000022905D1196A19B91979002918BF1C46D9
:105D80000132102A03F12C03EFD114B96FF08C000B
:105D90000BE0237F022B04D1236A5A1C1CBF013362
:105DA0002362204608F07BFE10B100240DE01C4663
:105DB000237F7BB90123237736B10A4B651BAD10D6
:105DC0005D4305F18045356000203C60F8BD6FF013
:105DD0008800EAE76FF09600E7E700BF7038002020
:105DE00094370020A38B2EBA002370B50B600446B5
:105DF00016480D46FFF764F9154B144893F8C06236
:105E0000FFF768F9FEB11348FFF75AF9064618B1D3
:105E10006FF08F04204670BD20462946FFF72EFF05
:105E200010F18C0F044607D00A48FFF753F90028F9
:105E3000F0D0002CEED1EBE706482E60FFF74AF9D0
:105E40006FF08704E6E76FF08804E3E794370020FB
:105E500070380020A037002010B504460848FFF72E
:105E60002FF940B9204608F0D1FF04460448FFF757
:105E700031F910B10CB96FF08F04204610BD00BF8E
:105E8000A037002070B40A4E4568DCB244F00074BC
:105E9000B4424FEA152503D035B970BC00F0A4B860
:105EA0006FF0850070BC70476FF08600FAE700BFA6
:105EB00005000002F7B5089E0D4FF5B2044645F007
:105EC00000754868BD424FEA10200AD060B90096BC
:105ED00004F1080000F054F808B91C23236003B053
:105EE000F0BD6FF08500FAE76FF08600F7E700BFBE
:105EF00005000002F7B5089E0D4FF5B2044645F0C7
:105F000000754868BD424FEA10200AD060B900967B
:105F100004F1080009F076F908B91C23236003B0E6
:105F2000F0BD6FF08500FAE76FF08600F7E700BF7D
:105F3000050000027FB50024C0F848410F4C0094D2
:105F4000054609F000F8044698B903AB102205F5A0
:105F50009C7601930092334605F59471284609F02A
:105F600005F8044628B9304609F07BF8204604B00D
:105F700070BD284609F006F8F8E700BF0044400469
:105F80002DE9F0411E46069B1746154A23F47E1361
:105F9000934204460D461BD10B88B3F5105F17D111
:105FA000A6F11002102A17D80E4BD340DB0713D5E9
:105FB0004FF4A672002109F04EFA022384F84C3106
:105FC0003A46334629462046BDE8F041FFF7B2BFC6
:105FD0006FF08500BDE8F0816FF08600FAE700BF42
:105FE0000002C003010101002DE9F04323F47E16F5
:105FF000124BDDF82C909E42DDE9077CDDE909E8D3
:1060000015D10388B3F5105F11D1A2F11004102C43
:1060100011D80B4D25FA04F4E3070CD5CDE9098915
:10602000CDE907CE3B46BDE8F04309F0C2B86FF0BA
:106030008500BDE8F0836FF08600FAE70002C00338
:106040000101010073B50C4611461A462388069ECD
:10605000B3F5105F054619D1A2F11004102C12D827
:106060000C4BE340DB070ED50B4B9E420ED10024B8
:106070000094234600F06CF885F81C41C5F81861BF
:10608000204602B070BD6FF08600FAE76FF0850021
:10609000F7E700BF01010100004440042DE9F04191
:1060A00016461F46D0F818210E4B9A4205468846E0
:1060B00011D1314600F06CF8069B984204460DD889
:1060C000334628464246394600F070F8079B0020C8
:1060D0001C60BDE8F0816FF08500FAE76FF0890081
:1060E000F7E700BF0044400470B5184E049C458893
:1060F000B34202D06FF0850070BDEE1DB2EBD60F3B
:106100004FEAD60302D06FF08600F5E7079A934274
:1061100018D8089A1360008847F212129042E9D109
:10612000059A5B0001339342EDD12378042BEAD129
:10613000B5F5807FDED10698621C00F067F9002873
:10614000DAD0E0E76FF08900D6E700BF000002096F
:10615000F8B5069F04461D4661B11646AFB9DBF798
:10616000CFF9002384F8116184F8103184F812719A
:1061700084F8133145B11022294604F1F00009F0EA
:1061800043F9012384F81331F8BDDBF74DFBE8E751
:1061900051B190F8103190F812210B4402F0010235
:1061A0009B1A23F00F007047084670472DE9F04F07
:1061B000044687B090F8120194F810910090002BDB
:1061C00055D0924600F00108C9F110021E4608EBB6
:1061D0000203B34204F5807700F2C4800D46002A22
:1061E00040F0B380009B002B6AD194F8133104F186
:1061F000F009C846002B40F0C18094F811312246C6
:1062000039464846DBF728F80F2E40F2CE80A6F13B
:10621000100323F00F031033019305EB030BD0465B
:1062200094F813C1102341464A463846BCF1000F8A
:1062300020D0DBF72BFD10224946284609F0E4F870
:10624000103594F81131224639464846DBF704F8F8
:106250005D4508F11008E3D116F00F0621D184F84E
:106260001061C84610224146584609F0CDF807B0E3
:10627000BDE8F08F102209F0C7F8102249462846E1
:1062800009F0C2F8103594F81131224639464846D3
:10629000DAF7E2FFAB4508F11008C1D116F00F069E
:1062A000DDD0019B9A4451463846324609F0ACF89D
:1062B000009B84F81061002B7DD00DF10808D1E718
:1062C00094F811312246394602A8DBF75BF994F8BD
:1062D0001331002B5BD1B8F1000F0CBF4FF0100948
:1062E0004FF011094E4529D304F1F00801E04E4565
:1062F00024D3514610223846924409F085F81022E2
:1063000002A9284609F080F894F81131224639464E
:1063100002A8DBF737F994F81331103E1035002B43
:10632000E5D002A9084642461023DBF7AFFC102255
:106330003946404609F068F84E45DAD22EBB84F85B
:106340001061AB460DF108088CE7514607EB0900D8
:10635000924409F059F8009B103E4E44002B3FF444
:1063600044AFADE707EB09005146324609F04CF85F
:10637000B14484F8109107B0BDE8F08F10234A466D
:1063800039463846DBF782FC37E7AB468BE702A994
:1063900004F1F0094A4608461023DBF777FC48462B
:1063A0001022394609F030F895E7002EEDD184F837
:1063B0001061AB4656E704F1F00952E700B589B029
:1063C0000146684600F03CF809B05DF804FB00BFE8
:1063D00000B591B00146684600F06AF911B05DF869
:1063E00004FB00BF30B599B00546684600F028F8B8
:1063F0006946044608A800F053FA08A90443284651
:1064000000F08AF9204619B030BD00BF70B598B0D1
:1064100005466846164600F013F83146044608A8BB
:1064200000F046F908A96A460443084600F082F9DC
:1064300008A90443284600F06DF9204618B070BD45
:1064400070B50B68124E1BBAC3614B681BBA8361EF
:106450008B681BBA4361CB681BBA03610B691BBA1B
:10646000C3604B691BBA83608B691BBA4360CB69FD
:106470001BBA3246036001460446DBF7F7F93146A2
:10648000054602462046DBF711FA681E70BD00BFC4
:10649000E40403002DE9F04188B00C46064602F101
:1064A0002001684606F120079046DBF7D9FC6A46D2
:1064B00069466846DBF7F6FB69463846DBF7D0FCF1
:1064C0003A463946384604F12005DBF7EBFB6A46CD
:1064D00069466846DBF7E6FB41462846DBF7C0FC29
:1064E0006A4641463046DBF7A3FC2A462946684601
:1064F000DBF7D8FB2A4669466846DBF7D3FB124A2E
:1065000069466846DBF7CEFB69462046DBF7A8FC08
:10651000324621462046DBF703FC32462146204620
:10652000DBF7FEFB224631462846DBF7F9FB6A46DD
:1065300029462846DBF77CFC3A4629462846DBF705
:10654000EFFB08B0BDE8F081C4050300F0B599B0D9
:1065500004460D460A4601466846DBF7E1FB6946FC
:106560006846DBF77DFC6A46214608A805F120064F
:1065700004F12007DBF75CFC6A4629466846DBF736
:1065800057FC3246394610A8DBF78CFB32463946B9
:106590003046DBF7C5FB31462846DBF761FC6A462F
:1065A00008A92046DBF77EFB224629462846DBF772
:1065B000B7FB6A4608A96846DBF7B2FB6A4639466C
:1065C0003846DBF735FC2A4608A96846DBF7A8FB06
:1065D0006A4631463046DBF72BFC3A4631463046B8
:1065E000DBF79EFB10A96846DBF73AFC22466946BA
:1065F0002046DBF795FB08A922460846DBF790FB0F
:1066000010A908AA0846DBF713FC3A4610A9384639
:10661000DBF786FB19B0F0BD2DE9F04188B00C46E0
:10662000054690460A4601466846DBF779FB69460F
:106630006846DBF715FC6A462946284604F1200621
:10664000DBF7F6FB05F120076A4621466846DBF7D3
:10665000EFFB324639463046DBF762FB31462046D7
:10666000DBF7FEFB2A4621462046DBF759FB6A464C
:1066700021462046DBF754FB6A4629464046DBF7B5
:106680004FFB424639463846DBF7D2FB22462946C5
:106690006846DBF745FB6A4631463046DBF7C8FB08
:1066A0003A4631463046DBF73BFB08B0BDE8F081A7
:1066B00070B500F1200690B00D46044600F014F9C4
:1066C00005F12001304600F00FF9214608A8DBF75C
:1066D000C7FB08A908460D4ADBF7E4FA08A92246D9
:1066E0000846DBF7A5FB08A9094A0846DBF7DAFAF2
:1066F00031466846DBF7B4FB202269460DEB020009
:10670000DBF7A2FA013810B070BD00BFC40503006A
:10671000A405030000F002B938B504460D4600F0A8
:10672000FDF805F1200104F12000BDE8384000F03B
:10673000F5B800BF2DE9F0471346B8B0544A894672
:106740008046194610A8DBF791F85249024610A876
:10675000DBF7ACF8179E4E4900EAD6760746C6F13D
:10676000010210A8DBF7A2F8179B4A466FEA030A5A
:1067700028A918A8FFF78EFE4FEADA7A20A9CAF1F5
:106780000102084600F092F8C7F10107FE246A46AC
:1067900018A928A8FFF740FF631138AA02EB83036A
:1067A00004F01F0253F8A03CD340554603F0010A01
:1067B0008AEA05052A4628A918A8DBF7D3F82A464D
:1067C00030A920A8DBF7CEF8013C28A918A8FFF7CC
:1067D000BDFE631CDBD1CAF1010220A908A800F0AC
:1067E00065F886EA0A066A4618A928A8FFF714FF82
:1067F00028A9324618A8DBF7B5F8324630A920A8F8
:10680000DBF7B0F808A96A460846DBF711FB08A9D0
:10681000084600F09DF808A908F1200409F12002BB
:106820000846DBF705FB20A908AA2046DBF700FB9A
:1068300008AA18A96846DBF7FBFA69466846DBF741
:106840000FFB18AA694608A8DBF7F2FA214668464A
:10685000DBF706FB08AA69461046DBF761FA0E4A29
:1068600008A96846DBF75CFA20462021DBF700FA2E
:1068700008A9024644426846DBF774F84046074AD6
:106880006946DBF7D5FA3C43204638B0BDE8F087CF
:106890002405030044050300A405030004050300C8
:1068A0000A460149FFF746BF6405030070B588B08A
:1068B00004460D46164600212022684608F0CBFD0E
:1068C0000023294620222046009308F09DFD2A46F9
:1068D00069466846DBF724FA324669462046DBF70C
:1068E00041F808B070BD00BF0B681BBAC3614B68AC
:1068F0001BBA83618B681BBA4361CB681BBA036107
:106900000B691BBAC3604B691BBA83608B691BBAE6
:106910004360CB691BBA0360704700BFCB691BBAE9
:1069200003608B691BBA43604B691BBA83600B69B8
:106930001BBAC360CB681BBA03618B681BBA436187
:106940004B681BBA83610B681BBAC361704700BFF9
:1069500070B598B00D46064610A8DBF781FA2A46B6
:1069600010A96846DBF764FA694610A8DBF778FAE5
:1069700010A90846DBF774FA6A4610A908A8DBF7E5
:1069800057FA08A910A8DBF76BFA10A90846DBF73D
:1069900067FA10A90846DBF763FA10A90846DBF787
:1069A0005FFA10A908AA0846DBF742FA10A90846C0
:1069B000DBF756FA10A90846DBF752FA10A96A4627
:1069C00008A8DBF735FA052408A910A8DBF748FA70
:1069D00010A90846DBF744FA013C10A9F5D108AA32
:1069E0000846DBF725FA052410A90846DBF738FA34
:1069F00010A90846DBF734FA013CF5D110A908AA22
:106A00000846DBF715FA10A908A8DBF729FA08A948
:106A10000846DBF725FA08A96A466846DBF708FA54
:106A20001024694610A8DBF71BFA10A90846DBF70B
:106A300017FA013C10A9F5D12A460846DBF7F8F908
:106A4000402410A90846DBF70BFA10A90846DBF72B
:106A500007FA013CF5D110A96A460846DBF7E8F9C8
:106A6000102410A90846DBF7FBF910A90846DBF74C
:106A7000F7F9013CF5D110A96A460846DBF7D8F9C9
:106A8000102410A90846DBF7EBF910A90846DBF73C
:106A9000E7F9013CF5D110A908AA0846DBF7C8F9C7
:106AA0002A4610A93046DBF7C3F918B070BD00BF05
:106AB00010B50C4C236813B10B4B1B682BB900F0BD
:106AC0002FFF30B9084B01221A60012323600020F8
:106AD00010BD0138062801D9044810BD044B53F8F5
:106AE000200010BD383B0020343B0020FE8FFFFF0C
:106AF000E4050300BFF34F8F0549064BCA6802F453
:106B0000E0621343CB60BFF34F8F00BFFDE700BFD0
:106B100000ED00E00400FA0510B4094B09490A4CE5
:106B20004FF0FE32C3F800244968C3F80424C3F8C8
:106B30000824C3F80C240023C4F8003510BC08470F
:106B400000B002503C08002000A00250D0E9001222
:106B5000014BC3E9001270473C08002070B58CB0AF
:106B6000144606460D4603AA202104A800F0B6F9F3
:106B7000002835D1039B202B32D11A484FF0FF312A
:106B800000F082FF40BB002000F0AEFF00BB00948D
:106B90002B46202206F1100004A900F091FC0446C7
:106BA000012000F0A1FF78B90E4800F075FF38B958
:106BB000B4B9202104A800F045FF20460CB070BDF8
:106BC0000948FFF7A9FFF3E70848FFF7A5FFEBE740
:106BD0000648FFF7A1FFDAE70348FFF79DFFD2E77A
:106BE000034CEAE7C808002000060300180603006B
:106BF000FE8FFFFFF0B50F468FB015460446002804
:106C000059D03E4B02689A4264D00DB1002969D038
:106C100026464FF4A071304600F014FF05AA20214B
:106C200006A800F05BF900285FD1059B202B5CD102
:106C300033484FF0FF3100F027FF70BB002000F019
:106C400053FF30BB00230295CDE90037202206A96F
:106C500006F1100000F0D8FA0546012000F044FFCC
:106C600098B9274800F018FF58B9002D41D12021CC
:106C700006A800F0E7FE214B33609CB128460FB018
:106C8000F0BD2048FFF748FFEFE71F48FFF744FF3C
:106C9000E7E71D48FFF740FFD4E71A48FFF73CFF3E
:106CA000CCE70025194800F0F7FE0028E6D015488B
:106CB000FFF732FFE2E715484FF0FF3100F0E4FE46
:106CC00060B9134B0D4A1B689342EAD005B197B1E6
:106CD0000F4E9EE7002528460FB0F0BD0948FFF78C
:106CE0001BFFEEE76FF4E045C8E7202106A800F09F
:106CF000A9FE084DC1E76FF4E045D3E7A5BCC95A2A
:106D0000C80800200006030018060300B40800208D
:106D10003C3B0020FE8FFFFF2DE9F04F83B0002B9E
:106D200000F0C7801D4600230446884617462B60A6
:106D30008AB1002900F0BD80002800F085805E4BFC
:106D400002689A4244D1B7F5806F0AD95B4E30464B
:106D500003B0BDE8F08F002876D0574B02689A4206
:106D600036D1A146D9F838311BB1D9F83020934239
:106D700035D953484FF0FF3100F086FE00287CD112
:106D8000002000F0B1FE002873D1002309F1100AA1
:106D90004FEAC70B009342465946504600F098FA16
:106DA0000646012000F0A0FE00285ED1444800F015
:106DB00073FE002855D11F2E1AD076B92F6044B922
:106DC000404800F069FE20B13F48FFF7A5FE00E013
:106DD0003E4E304603B0BDE8F08F3D4EEFE7002257
:106DE00011464846FFF7BAFE06460028C1D0E6E73E
:106DF000002248461146FFF7B1FE06460028DED1C4
:106E00002F484FF0FF3100F03FFE00284DD1002009
:106E100000F06AFE002844D10023424659465046FD
:106E2000009300F055FA0646012000F05DFE0028B0
:106E300033D1234800F030FE0028BED02248FFF7AF
:106E40006BFE002EBAD0C8E71E484FF0FF3100F0AD
:106E50001BFED8B91F4B1A68174B9A4211D01B4E14
:106E6000AEE71948FFF758FEA5E71B48FFF754FEA9
:106E70009CE71948FFF750FE87E71348FFF74CFEE1
:106E80007EE7B7F5806F05D90C4E99E70E48FFF7FE
:106E900043FEDFE7DFF83C9064E70F48FFF73CFE76
:106EA000C7E70D48FFF738FEB6E70748FFF734FE9F
:106EB000ADE76FF4E0468CE7A5BCC95ADE8FFFFF53
:106EC000C8080020B408002000060300E88FFFFF78
:106ED000FE8FFFFF3C3B0020180603002DE9F04722
:106EE000DFF8A0A00D4680464FF0FF31DAF8000031
:106EF000914600F0C9FDB0BB002000F0F5FD70BB6D
:106F0000CDB1214F002603E000F09AFD2D1B13D0D8
:106F1000182D4FF0180138462C4628BF182400F0D1
:106F200025FB0346224608EB060039462644002B83
:106F3000EAD0164C03E02E46C9F80060002412483F
:106F4000182100F07FFD012000F0CEFDA8B9DAF88D
:106F5000000000F0A1FD50B92046BDE8F0870C48C4
:106F6000FFF7DAFDCCE70B48FFF7D6FDC4E7094889
:106F7000FFF7D2FD2046BDE8F0870548FFF7CCFDBE
:106F8000E5E700BFB80800207C3C0020FE8FFFFF33
:106F9000180603000006030010B5044650B16368EC
:106FA00013F0685F05D0064A934202D000232360A5
:106FB000626010BD034B04485B689847EFE700BF71
:106FC0002C5F5CA93C08002038060300C8B1436868
:106FD0000D4A934213D013F0685F0ED0012350E89E
:106FE000002F194640E8001C9CF0000FF7D1012A41
:106FF000F5D0BFF35F8F0020704704487047044806
:1070000070476FF4E04070472C5F5CA9E98FFFFF89
:10701000EA8FFFFF80B14368094A93420AD013F018
:10702000685F05D0BFF35F8F002303601846704789
:1070300004487047044870476FF4E040704700BF51
:107040002C5F5CA9E98FFFFFEA8FFFFF10B50446B4
:1070500020B1044B63600022226010BD0248FFF79C
:107060005BFDF6E73A00003A6006030010B5D0E990
:107070000023194C6360D0E90230C4E90230226079
:10708000164BD1F800C0C3F800C0D1F804C0C3F853
:1070900004C01348D1F808C0C3F808C0D1F80CC028
:1070A0000969C3F80CC01961436813F0685F04D024
:1070B0000C490023C0E9003190470B48436813F0A6
:1070C000685F07D0074923680022C0E90021BDE8B6
:1070D0001040184710BD00BF580800204408002089
:1070E000780800202C5F5CA970080020F0B585B0FE
:1070F0000446C07FA37F94F81DC094F813E0451C9C
:1071000003EB15230CEB132CA377237FE07E84F88D
:107110001DC003EB1C2300EB13202377A37E94F800
:1071200019C0E07603EB10230CEB132CA376237E1F
:10713000E07D84F819C003EB1C2300EB13202376B9
:10714000A37D94F815C0E07503EB10230CEB132C12
:10715000A375237D84F815C003EB1C2394F812C09B
:1071600023750EEB132E637CE5770CEB1E2C03EBE3
:107170001C2384F812C094F810C084F813E0204651
:107180000CEB132C637400F810CF10234FF0000C9D
:10719000CDE900C004AF02930E4615462346624671
:1071A0006046022100F01EFE10B10437BD46F0BD5E
:1071B0002021204600F0ACFE0028F6D129463046BA
:1071C00000F0A8FE0028F0D11F2D14D8C5F1270328
:1071D00023F007036E46ADEB030DC5F1200504ACAB
:1071E00001462A46204608F036F92946204600F096
:1071F00091FE38B9B5460021084600F0C7FE0437B5
:10720000BD46F0BDB546D0E7F0B589B005460F9C48
:10721000109E002C47D02022684608F0F5F866B38F
:10722000731E022B51D926F00300214620446A46E2
:1072300051F8043B1768814283EA070342F8043B94
:10724000F6D1B30719D026F003031DF80310E25C52
:107250004A400DF803205A1C96420ED91DF8020030
:10726000A15C023341409E420DF8021005D91DF881
:107270000310E25C4A400DF8032024220021284636
:1072800008F0E9F8202269462846FFF72FFF044658
:1072900010B901232B6200240821684600F01CFB72
:1072A000204609B0F0BD0F462422214608F0D3F84D
:1072B000202239462846FFF719FF04460028EFD15F
:1072C000012320462B6209B0F0BD0023BDE700BFBB
:1072D0002DE9F0439046026ABDB01D4601324FF0E1
:1072E0000003CDE90433CDE90633CDE90833CDE918
:1072F0000A3370D004460E46002D6AD0449A2946BF
:10730000FFF7F4FE002861D1E27FA17F637F501C6C
:1073100001EB1021227FA17703EB112302EB132253
:107320006377E37E227703EB1223A27EE37602EB00
:107330001322637EA27603EB1223227E637602EB96
:107340001322E37D227603EB1223A27DE37502EB89
:107350001322637DA27503EB1223227D637502EB7A
:107360001322E37C227503EB1223A27CE37402EB6D
:107370001322637CA27403EB1223227C637402EB5E
:10738000132323740022102304F11007E077022155
:10739000CDE9017310460092234600F023FDA8B901
:1073A0004046F10800F0B4FD80B95FEA162916D016
:1073B0004FEA0929804601E0C84510D0202104A8E1
:1073C00008F5807800F0A6FD0028F5D03DB0BDE8B6
:1073D000F08304AD98E71F203DB0BDE8F083B145D0
:1073E00007D0A6EB0901C90804A800F093FD002806
:1073F000ECD10CA800F05EFD0021084600F0C6FDAF
:107400000028E3D1102212A9384607F0FDFFE17FE2
:10741000A37F627F0139A3EBD1739BB2A2EBD3327E
:10742000A377237FE17792B2E17E6277A3EBD23339
:107430009BB2A1EBD3312377A37E627E89B2A3EB0B
:10744000D1339BB2A2EBD332A376237EE17692B204
:10745000E17D6276A3EBD2339BB2A1EBD3312376ED
:10746000A37D627D89B2A3EBD1339BB2A2EBD33271
:10747000A375237DE17592B2E17C6275A3EBD233F3
:107480009BB2A27C2375A1EBD33189B2637CE174FA
:10749000A2EBD13292B2A3EBD233A274227C9BB284
:1074A0006374A2EBD3332374202229462046FFF7CE
:1074B0001DFE00288AD1236A0133236286E700BFBC
:1074C000F0B589B005460E9E002B43D0684617469E
:1074D0001C4607F099FF66B3731E022B44D926F0B1
:1074E00003022244A646EC46DCF800305EF8041B9A
:1074F000594096454CF8041BF6D1B30719D026F035
:1075000003031DF80310E25C4A400DF803205A1CE7
:1075100096420ED91DF80200A15C023341409E4202
:107520000DF8021005D91DF80310E25C4A400DF871
:1075300003203A4669462846FFF7D8FD044610B9AD
:1075400001232B6200240821684600F0C5F920467B
:1075500009B0F0BDFFF7CAFD04460028F7D10123AA
:1075600020462B6209B0F0BD0023CAE72DE9F04F99
:10757000C24C8FB0237800AFC7E901012BB9204678
:1075800000F066FF204601F0ADF8BD4BBA68A3FBE2
:1075900002231B094FF0000B3B61C7F814B0B7483A
:1075A00000F0BCFF8246002852D1B64C237C002B51
:1075B00040F0AD804FF08053E946D3F80C2C0132F7
:1075C00000F07A81D3F80C2CAD4B172AA3FB0213E1
:1075D0004FEA131640F29980FE604FF000084E46C5
:1075E000C7F800A0A548062207F1200100F0D8FF47
:1075F000002840F06481A44BD4E90215986807F193
:10760000200C07F1380EDCF800301F22994603E009
:10761000A8420ED0531C20D04B46D34013F0010398
:1076200015BF0021013101351D46884202F1FF32AC
:10763000EED19648C4E902154FF00E0AFFF76CFA36
:10764000B54600F0A3FF8D4801F050F80028A6D100
:1076500050463C37BD46BDE8F08F0CF1040CE645C2
:10766000D1D1894B2068C4E90215D3E9009A07F10A
:10767000200E18224FF0000B41460346C3F5806CE4
:107680004FEA5C1C4FEA8C0C944528BF94465FEA95
:107690009C0826D0C7E9063EAEF10400656800EB01
:1076A000880850F804EF4FEA5E0303F05533AEEB61
:1076B00003034FEA930E0EF0333E03F0333373446B
:1076C00003EB131303F00F3303EB032303EB034329
:1076D0001B0EC3F1200380451D44E2D1D7E9063ECD
:1076E000656003EBCC03B3F5806FA2EB0C024BD0CB
:1076F000E644002AC2D12360FB6801F101089845E5
:10770000FFF470AFD7F800A0B54601232374BB681F
:10771000172B40F2A0807B687A69FA6103EB820143
:10772000002398468946D34654480622494600F02D
:1077300037FFCC46002840F0C580534BD4E90256B1
:107740009968FB69A9F1040E9A465EF8040F1F229E
:1077500003E0B1420ED0531C21D020FA02F313F003
:10776000010315BF0025013501361E468D4202F189
:10777000FF32EED14548C7F814A0C4E902564FF0D5
:107780000E0AFFF7C9F95CE763684B4580F08A8011
:10779000534540F28780C4F804B00023A8E709F1FC
:1077A00014037345C4E90256CFD1374BC7F8149080
:1077B0005246D3E900EA2368FA6118214046C3F52E
:1077C00080684FEA58184FEA8808884528BF8846DD
:1077D0005FEA980926D0ACF104056668C7F818C0BE
:1077E00005EB890955F804CF4FEA5C0202F05532E7
:1077F000ACEB02024FEA920C0CF0333C02F0333255
:10780000624402EB121202F00F3202EB022202EB90
:107810000242120EC2F1200216444D456660E1D1CB
:10782000D7F818C003EBC803B3F5806F2360A1EB52
:10783000080117D0C4440029C1D1FB69D7F81490BE
:107840000633FB613B6900F10108984509F118090D
:10785000FFF46AAFDA4600F099FE50463C37BD4669
:10786000BDE8F08F6368734512D2534510D90023E9
:107870000022C4E900230023DCE700BFAC3C002069
:10788000ABAAAAAAE82B0020A008002084060300C7
:10789000FB6910487B614FF00D0AFFF73DF900F0DE
:1078A00075FED0E64FF480630A4823604FF00D0A5E
:1078B000FFF732F9B546C4E64FF404768CE682460B
:1078C000B546BEE6FB697B610546AA4600F05EFE52
:1078D000B9E600BF84060300890000F047B900BF85
:1078E0003AB101EB820251F8043B40F8043B91426B
:1078F000F9D1704708B500F037F830B900F03EF81C
:1079000028B9064AC2F80C0A08BD032008BD00F0D9
:107910002DF800F06DF8042008BD00BF00B0025043
:1079200030B583B0FFF7E6FF044610B90B4D2B6866
:1079300013B1204603B030BD02460146FFF75AF9A5
:1079400050B9074901AB6822FFF7E6F920B9054BAA
:107950002B60204603B030BD0524EAE7BC3C002084
:10796000C03C00205AEA5A5A002070470020704755
:10797000014BC3F8040A704700B0025010B5154817
:1079800000F06EF800B110BD134800F069F800284F
:10799000F9D1124C204600F063F80028F3D1104BC7
:1079A00010481C6000F05CF80028ECD10E4800F094
:1079B00057F80028E7D10D4800F052F8014600289A
:1079C000E1D100F039F8044608B900F06FF820461C
:1079D00010BD00BFC8080020C4080020C008002057
:1079E000B8080020BC080020B4080020B00800201F
:1079F00008B50B4800F03EF80A4800F03BF80A488A
:107A000000F038F8094800F035F8094800F032F87D
:107A1000084800F02FF8BDE8084000F00FB800BF9C
:107A2000C8080020C4080020C0080020BC080020AE
:107A3000B4080020B008002000207047704700BF45
:107A400007F0F0BC82B0019041B100239C461A4679
:107A500001980133994200F802C0F8D102B0704792
:107A600008B5034B02681B6810689847002008BDE2
:107A70005808002008B5034B02685B6810689847F7
:107A8000002008BD58080020024B02689B6810685F
:107A9000184700BF5808002008B5034B0268DB6890
:107AA00010689847002008BD5808002070B5094CA0
:107AB000094D2069AB68984718B1084B08485B68C6
:107AC0009847084AEB68206900211160BDE87040C2
:107AD000184700BF44080020580800203C08002038
:107AE00090060300283D0020F8B51A4D1A4E0446B2
:107AF000B26828699047E8B9184F3B684CB1A3B108
:107B0000012B19D0013B3B602869F368984700209E
:107B1000F8BD43B9124A0121C2F800151149D1F844
:107B20001029002AFBD101333B60F368286998478C
:107B30000020F8BD0C48F8BD0A4AD2F81039002BD5
:107B4000FBD1074A6FF07E40C2F80035FFF710FF07
:107B50003B68D7E74408002058080020283D002053
:107B600000A0025000B00250E98FFFFF2DE9F04164
:107B70000E4682B0002879D000296FD03E4C0546D1
:107B8000012755E0D4E901E1D4F80CC020684FEAA0
:107B9000CE524B0980EAC05842EA502243EACC63F5
:107BA0008EEA02004B404FEA984E4EEA803E83EA4E
:107BB00008038CEA5C1283EA0E03424011EB030EC9
:107BC00082EA90424CEB0200082EC4E90232B04631
:107BD00028BF4FF0080815F00303C4E9001CCDE9E5
:107BE00000E032D1072E3DD8032E2CD9B8F1040283
:107BF000C5F800E018D0042303F108016944012A04
:107C000011F8081CE9540FD003F109006844591C0D
:107C100010F8080C6854032A06D103F10A026A44DA
:107C2000023312F8082CEA54B6EB0806454415D086
:107C3000237E002BA6D118212046FFF797FC0028B1
:107C4000F9D127769EE74246D6E72846424669465E
:107C500007F0DAFBB6EB08064544E9D1002002B094
:107C6000BDE8F081C5F800E06860DDE70029F5D0E7
:107C7000142002B0BDE8F081002C002031B10138A1
:107C8000002300F8013F01339942FAD1704700BF49
:107C900070B5504C504D0120C4F8100800F0C4FBE2
:107CA0000023C4F84034C4F84434C4F84834C4F859
:107CB0004C34C4F86034C4F86434C4F86834C4F88C
:107CC0006C34C4F8BC34D4F8C03423F00103C4F8D5
:107CD000C0346B68D4F8C02403F001031343C4F824
:107CE000C0342A68072A05D1D4F8C03423F0010330
:107CF000C4F8C034374CD4F8C01421F01C01C4F8C7
:107D0000C014D4F8C014930003F01C030B43C4F850
:107D1000C034D4F8C03495F89C1023F00203C4F8A2
:107D2000C0340029A96B2D4B08BF002300293DD189
:107D3000D4F8C00420F44050C4F8C00495F83400CE
:107D4000D4F8C064C4F8C064A0B91A68C4F80024A8
:107D50005A68C4F804249A68C4F80824DB68C4F894
:107D60000C342A68072A03D11A4B0122C3F87C2459
:107D7000002070BD0328F5D11868194E00F0D6FC1C
:107D8000B0B933681B68C4F8003433685B68C4F862
:107D9000043433689B68C4F808343368DB68C4F87B
:107DA0000C3400F0D1FC18B92A68DBE7062070BD5E
:107DB0003268084B1268C3F8002432685268C3F86E
:107DC000042432689268C3F808243268D268C3F881
:107DD0000C2470BD00B002502C3D0020CC3D002092
:107DE000AC0800202DE9F84F2F4E304DDDF828A0CB
:107DF000002483460F4691462146C02230469846CD
:107E000007F029FBC5F84044C5F84444C5F8484488
:107E1000C5F84C44C5F86044C5F86444C5F86844E6
:107E2000C5F86C4400F0F8FAC5F8C044204600F0EC
:107E3000FBFAC5F81048C6E9007B86F83490C6F80E
:107E400038A0B8F1000F0AD00AF102020123D200D3
:107E5000414606F1A00086F89C3007F0D5FA1020C4
:107E600000F0CCFAFFF714FF40B9022F08D0072F1B
:107E700004D01FB10E48FEF74FFE0620BDE8F88F74
:107E80000B9A0A4B1268C3F860240B9A5268C3F825
:107E900064240B9A9268C3F868240B9AD268C3F8DA
:107EA0006C24BDE8F88F00BF2C3D002000B00250CC
:107EB0008406030010B51349C022044607F0A4FA53
:107EC000114B1249D3F84024A260D3F84424E26055
:107ED000D3F848242261D3F84C246261D3F860249B
:107EE000A261D3F86424E261D3F868242262D3F853
:107EF0006C34636204F13C006022BDE8104007F07E
:107F000083BA00BF2C3D002000B002503C3E002050
:107F100000F07ABA70B51B4C2368072B17D0A36A00
:107F200006460D46B3B1012000F07EFAA36A2B4449
:107F30000F2BA3621CD9012301222946304600F0F1
:107F4000BFF9034620B9104B1B6C102B16D0002331
:107F5000184670BDE36A002BE5D0012000F032FA2C
:107F60002368072BDFD1A36A2B440F2BA362E2D82F
:107F70002368012B94BF00230123DDE700F022FAE0
:107F8000E5E700BF2C3D00203C3E00202DE9F041FC
:107F9000554CDFF85881564A84B0A36AD8F840504F
:107FA000C2F8BC5400AF06460D46B3B32368072B96
:107FB0007ED1002000F006FA4D4B0022C3F8BC240D
:107FC00015B1D8F858302B602368072B2FD0002626
:107FD0000024474D4448C022214607F03CFAC5F82A
:107FE0004044C5F84444C5F84844C5F84C44C5F875
:107FF0006044C5F86444C5F86844C5F86C4400F0B2
:108000000BFA2046C5F8C04400F00EFA304610378F
:10801000C5F81048BD46BDE8F081E36A002BCBD01F
:108020002368072B57D0012000F0CCF9C4E7E36A9E
:108030001BB92F4B0122C3F824252D4B256BD3F8F8
:1080400040243A60D3F844247A600335D3F84824B6
:108050006168BA60AD08EA1DD3F84C04F86022F0FC
:10806000070301296C46ADEB030D2CD12946684668
:10807000FFF704FE65B3691E0DF1FF30694400226D
:1080800010F8013F07F1100505EB830556F8233082
:1080900055F8105C6B40134314BF01220022884244
:1080A000EED1ABB11348FEF737FD1226A5468FE798
:1080B000012000F0B9F92368002B7FF47AAF01208A
:1080C00000F080F978E72A4639463046FFF708FC89
:1080D0000026A5467CE7012000F0A6F92368072BBF
:1080E0003FF467AF9FE700BF2C3D00203C3E0020DF
:1080F00000B0025084060300F0B56E4B6E4A0124B6
:10810000C3F8204892F85C5092F84870A542864621
:108110003CD04FF4FE64C3F8044AD3F8084A44F450
:108120007F64C3F8084A002F3BD1002D61D1634B17
:108130001C7C14B11C68844261D993F824401CB1A2
:108140005C69844240F2818093F838401CB19C6A9B
:10815000844240F2918093F84C401CB1DC6B844225
:1081600040F29180534BC3F828ECC3F82C1C002F2D
:1081700043D080214F4AD2F8003A31EA0303FAD1C2
:108180000023C2F8081AC2F82038F0BD4FF4766414
:10819000C3F8044AD3F8084A44F47F64C3F8084A91
:1081A0003FB3464BD46C1F7C17B11F68BC4237D21B
:1081B00093F8247017B15F69BC424DD293F83870C0
:1081C00017B19F6ABC424FD293F84C7017B1DF6B66
:1081D000BC4260D227460C44D464946D0C44946530
:1081E000344CC4F8287DC4F82C1D002D5CD1012727
:1081F0009EE7C3F8300CC3F8341C4021BAE75D6831
:108200002544854299D9002505EB850503EB8503B7
:10821000556D9A68DE68121B104405FB060EA1E737
:108220005E6807EB060C6445C2D24FF0000C0CEB05
:108230008C0C03EB8C0CDCF80860DCF80CC0F71B32
:10824000566D274406FB0C77C5E79D69254485429A
:108250007FF67AAF0125D7E79E6907EB060C6445E8
:10826000ACD24FF0010CE2E7DE6A07EB060C644586
:10827000AAD24FF0020CDAE7DD6A254485427FF688
:108280006AAF0225C0E71D6C2544854288BF0325DF
:108290007FF668AFB8E71E6C07EB060C644538BF85
:1082A0004FF0030C96D2C2E7C4F8300CC4F8341C6B
:1082B0005FE700BF00B002503C3E0020EC3D0020D4
:1082C000B0F1005F55D32DE9F84314464218B2F1DE
:1082D000804F05460F4669D8DFF8E090D9E91012C3
:1082E00074B3002B4ED0D9F85030BB4261D3DB1BA6
:1082F000C9F85030002947D1FFB1D9F8401089F8AA
:108300004840C1BBD9F844307E1EB6FBF3F603FBF0
:1083100006F646B1B6F5803F28461CD23146FFF737
:10832000EBFEBF1B354425483A46294607F06CF85A
:10833000D9F840303B44C9F840300020BDE8F8830C
:108340000029D9D099F84830F3B14846FFF7D4FE58
:10835000C9F84040D0E7D9F84440C4F580384146D8
:10836000FFF7CAFEA4F58033F6181F444544D1D167
:10837000D9E70A2070471148FFF7BEFE0023C9F86D
:108380004030BFE70029B7D0521ABA4209EB0100CA
:108390002946164628BF3E4607F036F8D9F8403041
:1083A00033443544BF1BC9F84030A5E70A20BDE877
:1083B000F8830348FEF7B0FB1320BFE73C3E0020E4
:1083C0008406030010B50C4C216C29B128B90A4869
:1083D000FFF792FE0023236410BDC1F14002601834
:1083E000002107F038F8616C03482164FFF784FE30
:1083F00000232364F0E700BF3C3E0020014B58649B
:10840000704700BF3C3E0020024BC3E9130100202F
:10841000704700BF3C3E002002486022002107F068
:108420001AB800BF3C3E0020074AD2F81039002B92
:10843000FBD1064B0449C2F800091870D1F8103975
:10844000002BFBD1704700BF00B002501542002046
:1084500010B44FF08053D3F8102C013222D0D3F84F
:10846000102CFAB9D3F8142C013230D0D3F8142CD4
:108470006ABBD3F8182C013237D0D3F8182CA2BB22
:10848000D3F81C2C013203D0D3F81C3C002B3ED077
:108490004FF08053D3F81C2C013234D0D3F81C4C4D
:1084A000032108E04FF08053D3F8102C01320AD09A
:1084B000D3F8104C00210023C0E9013401220270DE
:1084C000017310BC7047002141F25C24F3E74FF0C8
:1084D0008053D3F8142C013203D0D3F8144C01216B
:1084E000E9E7012141F66414E5E74FF08053D3F842
:1084F000182C013203D0D3F8184C0221DBE70221FB
:1085000040F6D864D7E7032141F28834D3E7024824
:1085100010BCFEF701BB00BF8406030038B503782A
:1085200053B3184B90F80CC00124D0E90152C3F8A2
:10853000C441C3F84041C3F8C441C3F83021D3F863
:1085400030118A42F7D100203F22C3F82C01C3F832
:10855000082A1E22C3F800210422C3F8040AC3F823
:108560000C21D3F80C214CEA0202C3F80C21C3F809
:108570003851C3F82C4138BD0348FEF7CDFA0C2022
:1085800038BD00BF00B0025084060300034B00203A
:10859000C3F82C01C3F8C401704700BF00B00250FB
:1085A0002DE9F84F4FF0000C4C4B86460E466446C2
:1085B00001204FF0FF354FF03F094FF01E08042710
:1085C000D3F8042112F00E0F55D0D3F80C21D3F8B4
:1085D0003011C3F82C4102F00302032AC3F8BC0196
:1085E000C3F808516BD0013242F0040AD2B2C3F88A
:1085F0000CA1C3F830118EF80C20CEF80810D3F877
:108600000C11D3F83021D3F838A1C3F8C40101F01C
:10861000030BC3F84001C3F8C401C3F83021D3F8F9
:1086200030118A42F7D1C3F82C41C3F8089AC3F835
:108630000081C3F8044AC3F80C71D3F80C214BEA4B
:108640000202C3F80C21C3F838A1C3F82C01D3F8F7
:108650000421D1070CF1010C11D4BCF1640FAFD18E
:108660001E4B1F480022C3F82C21C3F8C421FEF77B
:1086700053FA102021E0D3F80421D207A0D5BCF191
:10868000640FEDD0154B4FF0FF320121C3F8BC1140
:10869000C3F80821D3F814213260D3F8182172608E
:1086A000D3F81C21B260D3F82021F260D3F8242142
:1086B0003261D3F8283173610020BDE8F88F4A1C7D
:1086C0009DD0491844EB04028D4274EB020238BF7E
:1086D0004FF0FF3100224FF0040A88E700B002504B
:1086E000840603000A234360704700BFC368032B5E
:1086F00005D0022B15D80133C36001207047836871
:108700005A1C10D0DB184FF0000242EB02019142DC
:108710004FF0FF3C0CBF19466146C0E90212012030
:1087200070478368EEE70020704700BF29B9044B0B
:10873000002814BF1846002070470248704700BF49
:108740000100F7000300F700034B00200122C3F8EB
:10875000380AC3F87824704700B00250F8B50E4BC1
:108760001D68AB789B07064612D56F6816F8014B5B
:1087700029462CB90A20B847002805DB204609E025
:108780002046B8470028F1DAAB7843F00403AB7019
:108790004FF0FF30F8BD00BF240003000CB430B52B
:1087A0008BB004460D462022002102A806F053FE9D
:1087B00002238DF80A30002D0C4B0393069412DB34
:1087C00001D06B1E1C440FAA0E99079402A80192B7
:1087D00000F00EF815B1069B00221A700BB0BDE830
:1087E000304002B070470024EDE700BF81F5020081
:1087F0002DE9F04F8BB04368009383789C07804647
:10880000924640F1F98000250878002800F0F680B3
:1088100025280AD04B1C019301354146009B9847FF
:108820000028C0F2E3800199EEE74E788B1C252EDC
:108830000193F1D00027B9463C460A221F2C22D8CA
:10884000A6F12003102B20D8DFE803F0141F1F1A15
:108850001F1F1F0B1F1F1F121F171F1F090044F090
:108860000104019B13F8016B0193002EE6D13AE05D
:1088700044F0020444F00404F3E744F00804F0E791
:1088800044F01004EDE77F2C24D8A6F13003092B27
:1088900008D860064EBF02FB073702FB093944F0D7
:1088A0002004DEE72A2E0DD161065AF8043B53D48A
:1088B000002BA7BF44F020049946C3F1000944F0FF
:1088C0002804CEE72E2E05D1630600F1978044F0F0
:1088D0004004C6E76C2E2ED028D8682E32D06A2EDF
:1088E00037D04C2E35D0002F46F02003B8BF24F0EF
:1088F0004004A3F16502BCBFA4B20027022A01D93B
:10890000612B2BD10AF1070A2AF0070A9C4E0AF1C3
:10891000080A0727210760D506EB070B34465C459C
:108920005DD1AE1BA219A9EB070959E1742E98D0AD
:108930007A2E96D0D7E7260648BF44F4007444F058
:1089400080048EE7E00548BF44F4007444F480746A
:1089500087E744F4207484E71F4682E7A6F16302A8
:10896000122A00F2D880DFE812F013004D00D60082
:10897000D600D600D6004D00D600D600D600D600D0
:10898000D600E800D100D600D6001A00D600A0001C
:108990005AF8043B8DF81030012704AEBAE75AF8B4
:1089A000046B784B002E08BF1E4614F0400F14BF16
:1089B00039464FF0FF31304606F07FFD0746A9E704
:1089C000009B41462020984700280FDB013CA7422E
:1089D000F6D34D442D1BA1469EE74C46F7E714F80D
:1089E000010B009B41469847002898DA98F802301E
:1089F00043F0040388F802304FF0FF3528460BB0EF
:108A0000BDE8F08F220630D5A3052AD50AF1070A62
:108A10002AF007039A4659685AF8080B24F0100BFD
:108A200000291FFA8BFB2FDA404261EB41014BF426
:108A3000806B04AC0A23224606F04BFD1BF0400F6E
:108A4000A0EB040200F08E802BF001049742A4B248
:108A500040F38F80002E40F08E802BF01104A4B2E2
:108A60001DE05AF8040BC117D8E7E0055AF8041BBB
:108A700001D40846F7E7A2054BBF48B208B241F35C
:108A8000C01141F3C031C9E750EA0103D1D16306F7
:108A9000CFD5002FCDD124F01104A4B23A463B46E5
:108AA00040F206410C4262D124E024F01004A4B24A
:108AB0000A2314F0800243D014F400711FBF0AF19E
:108AC000070A2AF007029246516814BF5AF8080BA9
:108AD0005AF8040B50EA01023ED124F0160B62064C
:108AE0001FFA8BFB3CD5002F3AD124F01704A4B217
:108AF0003A463B4621075AD4E10705D5994572DD30
:108B0000A9EB03039F184B469B464AE044F0100430
:108B100010237826CDE7782B04D1C6F1780343F0F3
:108B20001003C6E7009B4146252098470028FFF622
:108B30005DAF02354146304670E608230026B8E7AF
:108B400014F480715AF8040BC4D014F400711ABFE5
:108B5000C0B2114680B2BDE724F006041FFA84FBC0
:108B600004AC68E713465C46E10699D52EB901339B
:108B7000C0E71346F8E73B46F6E70233BAE700BF23
:108B80008C43030085430300CDE902324146009B3C
:108B9000202098470028FFF629AFDDE902320BF1CB
:108BA000010BD945F0DCEB1A03EB0B055B46E10644
:108BB00027D5CDE902324146009B30209847002856
:108BC000FFF614AFDDE902327EB901352F44791B7F
:108BD0008A4229DB144604AE9CBB2A44A9EB030954
:108BE0001546914442E017468EE7CDE90232023540
:108BF00041463046009B98470028DDE90232E5DA1D
:108C0000F4E640F206410C42E0D014F0020F14BF2B
:108C10002B20202014F4806FCDE9023205F10105EC
:108C2000414618BF2D20E5E7CDE902324146009BC1
:108C3000302098470028DDE9023205F10105C6DA47
:108C4000D4E6013CCDE90232305D009B41469847B5
:108C50000028DDE90232BFDAC8E6009B4146202049
:108C60009847002805F10105FFF6C0AEA9EB050302
:108C7000002BF2DCD7E500BF38B5044C044DAC4204
:108C800000D138BD54F8043D9847F8E700000000D3
:108C9000000000007047FAF7BBBE00EBC10040883F
:108CA0004008704708B5FFF7F8FF084408BDF0B565
:108CB000034600EBC100161DC588A94209D1012158
:108CC0009140DA6822EA0102DA60002243F82620A5
:108CD000F0BD8788FC000634EA00185B814202F18F
:108CE000040202D1985A814207D0002181F31188F1
:108CF000BFF36F8F0421084602DF43F826501D534F
:108D00009F52E5E708B50346FFF7C7FFB0FA80F2C8
:108D1000C2F11F021846BDE80840FFF7C8BFF8B50A
:108D20000346FFF7BAFFB0FA80F0C0F11F0003EB73
:108D3000800CCA00DCF81060171D0C4606328DB29C
:108D400056B9012101FA00F0D9680143D960CCF885
:108D50001040DD539D52F8BDF100043133F801C0DD
:108D60004FEACC040634185B864208D0002080F31A
:108D70001188BFF36F8F4FF0040E704602DF23F8A7
:108D800007C09E521D535D52E5E710B500EBC103CD
:108D900004465B88DB070A460ED4FFF783FF34F8EE
:108DA0003030C01A814207D134F831102046511AB0
:108DB000FFF778FF824207D0002383F31188BFF3C7
:108DC0006F8F0423184602DF10BD2DE9F843B1FA76
:108DD00081F3C3F11F0800EB88090546D9F810603C
:108DE0000A46A6B9C3F120034FF0FF349C40EB685C
:108DF0001C401CD094FAA4F6B6FA86F6331D284619
:108E000055F823402146FFF7C0FF32460BE03446B9
:108E1000032721462846FFF740FF90420AD3284601
:108E2000FFF7B3FF424621462846FFF740FF2046A2
:108E3000BDE8F88305EBC404013FE488C9F810409D
:108E4000D0D0A642E5D1CDE738B50446FFF725FFDF
:108E50000D46034611462046FFF71FFF1A1892B22F
:108E600004EBC50553006B802046FFF71BFF24F879
:108E7000302038BD70B50546FFF70FFF0B46511A7D
:108E800089B205EBC3049B1A03444E0066809CB272
:108E900005EBC2036000588025F8321028461146C1
:108EA000FFF700FF25F8304070BDF8B5002967D006
:108EB00004680D1F2D1BEE0825F007056219538865
:108EC00013F0010306D183F31188BFF36F8F0423DE
:108ED000184602DF31462046FFF7E4FE34F8303012
:108EE000C01A864207D0002383F31188BFF36F8F27
:108EF0000423184602DF615B2046711AFFF7D2FE99
:108F0000B04207D0002383F31188BFF36F8F04238F
:108F1000184602DF538823F0010353803146204670
:108F2000FFF7C0FE04EBC00307465B88DA070CD4EA
:108F300001462046FFF729FF39462046FFF7E2FEAB
:108F40003A4631462046FFF77FFF655B751B04EB11
:108F5000C5035B88DB070DD429462046FFF715FFC4
:108F600029462046FFF7CEFE324629462046FFF727
:108F70006BFF2E4631462046BDE8F840FFF7CFBED6
:108F8000F8BD70B509B9002070BD056801F0070390
:108F90000B33CC0804EBD304AB689C4228BF1C46BF
:108FA00021462846FFF711FF06460028EBD0014670
:108FB0002846FFF772FEA04207D932192846FFF76C
:108FC00059FF11462846FFF7AAFE05EBC6021046D8
:108FD000538843F0010353800430D5E71146FFF76F
:108FE000D0BF002070470FB407B504A951F8040B97
:108FF0000191E7F7C1FB03B05DF804EB04B07047E3
:10900000002383F31188BFF36F8F0423184602DF18
:1090100070470FB407B504A951F8040B0191E7F7A5
:10902000ABFB03B05DF804EB04B0704703680022AB
:109030000BB9184670478B4210D10B6842B9426891
:109040000360914200D1436000230B600120704710
:1090500013604368994208BF4260F5E71A461B68EF
:10906000E6E7838B13F0070306D10368002B18BFD4
:10907000032008BF00207047022B05D1C08BB0FA37
:1090800080F0400980007047012B04D10368002B59
:1090900018BF0520EDE70020704710B50C4600B161
:1090A00011B96FF0150010BD081D00F02FF8002851
:1090B000F9D1A368032BF6D9F3E72DE9F0410D466A
:1090C00007461946281D90461E46E7F70FFF04463F
:1090D00038B13346424629463846A446BDE8F041F9
:1090E0006047BDE8F08138B50C46054658B151B12E
:1090F0000B6843B14B6833B12022002106F0ABF975
:109100002C61002038BD6FF01500FBE7034658B115
:10911000426802F00302012A03D0032A04D1026844
:1091200012B10020986070476FF01500704770B55D
:109130000C8806468888241A3069A4B2844285B215
:1091400024BF641BA4B22D1BA8B2984228BF1846A6
:109150003368234413600B8803440B8070BD70B4E4
:10916000838985880669ED1AADB2731B934228BFC7
:10917000134670BC0A46011DFFF7D9BF70B40E46F6
:109180000146C58831F80A3FEC1AA3B2934228BFC2
:109190001346324670BCFFF7CABF10B54B880C8827
:1091A000E41AA4B294420ED31A4492B28B884A8035
:1091B0000A800069D21A92B2824201D2002010BD08
:1091C00003448B80FAE76FF01500F8E77047F0B5BD
:1091D00087B01F4604460D46164601F048FC0223A0
:1091E00002930DF116030193BDF83030ADF816006F
:1091F000009332463B462946204603F015F807B057
:10920000F0BD2DE9FF411F460D4616460446EBF71B
:109210002FFA8046E6F791FABDF82830009380B225
:10922000CDE901803B4632462946204602F0FCFF4C
:1092300004B0BDE8F081FEE706F00DB906F0E4B831
:1092400001460068E8F7B0B808B5E8F7DDF8BDE812
:109250000840E8F789BC00210120E8F7A5B86FF0C5
:109260008500704761B662B680F31188BFF36F8FD7
:10927000704772B6002383F31188BFF36F8FBFF37B
:109280004F8F30BF62B6BFF36F8F704772B6002347
:1092900083F31188BFF36F8FBFF34F8F20BF80F32D
:1092A0001188BFF36F8F62B67047202809D9B0F1DB
:1092B000004F08D80138B0FA80F0C0F11F0040001C
:1092C0007047082070473E20704708B5E8F77AFEDF
:1092D000002008BD7047416A8968E8F7F7BE036857
:1092E0000B6043684B6083688B60704738B50D46F0
:1092F00014461146E9F7AEF922462946BDE8384042
:1093000006F082B810B50C460121E9F7A3F9047004
:1093100010BD10B50C460221E9F79CF90470240A2F
:10932000447010BD10B50C460121E9F7CDF9047069
:1093300010BD10B503681C780121E9F7E5F9204656
:1093400010BD10B503681C880221E9F7DDF920463D
:1093500010BD4FF0FF324FF0FF330430F7F7CEBFB0
:10936000F8F794B890F87000C0F341107047F8B562
:1093700004461E460D461746FFF7EBFF94F8703083
:109380009B0713D41DB1012D0ED0E9F717FA616FB9
:1093900079B19DF818300F714E718B710025201D29
:1093A000FFF7DEFF2846F8BDA16FF1E76FF0770504
:1093B000F5E76FF01505F2E790F87000C0F3800054
:1093C000704738B50446FAF7D7F82046FFF7C1FFD3
:1093D000A06940B96FF01205201DFFF7C1FFFAF731
:1093E0003DF9284638BD94F87030DB0716D405F0F7
:1093F00020F80028EED02046EAF700F905460028BC
:10940000EAD10146242204F12C0006F024F894F855
:10941000703043F0010384F87030DDE76FF07705BA
:10942000DAE770B50446FAF7A7F82046FFF791FF90
:1094300094F87030DA0731D5C3F340019B0730D47C
:10944000A06903F0DBFF0646A06904F067F8054653
:10945000B0B9E36F4BB13146204600F08DF90546B7
:10946000A8B1A06904F086F80AE0A06903F0FEFF45
:10947000E0670028EFD1A06904F07CF86FF00B05DD
:10948000201DFFF76DFFFAF7E9F8284670BD94F844
:10949000703043F0020384F87030F1E74FF0FF358D
:1094A000EEE76FF07705EBE70246034652F8680FE8
:1094B00090420BD100207047027A8A42FBD0DA6ECC
:1094C0008242F7D000680028F6D170470028F3D117
:1094D000704738B504460D46FFF73BFF94F87030EF
:1094E000DB0718D42B690BB9EB68BBB1A36E1BB9B2
:1094F00004F16803C4E91A332B6893B9E26E04F1EE
:109500006801C5E900121560E5661D46201DFFF7DC
:1095100027FF284638BD4FF0FF35F7E76FF01505F8
:10952000F4E76FF07705F1E710B50446034654F809
:10953000500FA0420DD100200DE0447D8C4204D19B
:10954000032909D1047A944205D05C6D8442F2D09B
:1095500000680028F1D110BD0F29F5E72DE9F04191
:1095600005460C46061D4FF0FF324FF0FF333046E4
:10957000F7F7C4FE6F6F002F6DD095F87030DB07E2
:1095800069D42B6D1BB905F15003C5E91433236869
:10959000002B63D1637D0F2B09D1237A012B0CD0D3
:1095A0006B6D05F15002C4E900231C606C65637D9E
:1095B000032B0FD04FF0000806E0E1682846FFF7C4
:1095C00088FF80460028EBD03046F7F75FFF404623
:1095D000BDE8F0812A6D05F1500090421ED10023B4
:1095E00029E091F815C0BCF1030F10D001332372AC
:1095F0004B68C4E900131C604C60637A022B24D0D2
:10960000032B25D0012BD5D1237ABB73D2E791F858
:1096100008C00CF1FF3C6345E8D11268002ADED097
:10962000517D6B6D03290DD19A42137A02D01168D6
:109630000029D6D1013323726B6DC4E900031C608D
:109640006C65DAE79342E8D1C9E7237AFB73B1E7A7
:10965000237A3B74AEE74FF0FF38B5E76FF0770839
:10966000B2E70346006800B1187A70478388C28861
:109670008168D21A03685B1AD01A70470346C08803
:1096800008B11878C009704770B50C46154600F04F
:10969000E3FA40B1406883681B6823B12A4621463B
:1096A000BDE87040184770BD38B580210446806918
:1096B00003F0FFFE054650B101462046EAF718F8D0
:1096C000044610B12846E8F7A3FE204638BD6FF0E7
:1096D0000B04FAE738B50446C06FE8F7DBFE054631
:1096E000E8F7DCFC20462946EAF702F8044610B108
:1096F0002846E8F78DFE204638BDF8B50446866852
:1097000003690D461746BFF35B8FD3F8A030BFF354
:109710005B8F9B070ED5B36A7BB1F36B9847B36A37
:1097200029463A4620469847336C054620469847D6
:109730002846F8BD4FF0FF35FAE76FF08505F7E7EB
:1097400070B50446866803690D46BFF35B8FD3F896
:10975000A030BFF35B8F9B070BD5F36B9847736A01
:10976000294620469847336C0546204698472846A8
:1097700070BD4FF0FF35FAE710B5044619B9002067
:1097800084F8340010BDFFF7A5FF0028F7D0F9E7F3
:1097900038B590F83430022B0D4604D100F060F952
:1097A00008B1C46804B938BD2B78032B05D0052B4C
:1097B0000ED0022B08D02468F4E7606883685B69E8
:1097C000002BF8D09847F6E7606883689B69F7E755
:1097D00060688368DB69F3E7012270B515460B68A2
:1097E0005BB302F07F04103423FA04F6F60710D5B9
:1097F000036823FA04F6F60702D46FF0150070BD73
:1098000005FA04F423EA040303600B6823EA040363
:109810000B60D340DE070DD5036823FA02F4E4079A
:10982000EBD505FA02F423EA040303600B6823EA8C
:1098300004030B600132102AD1D10020DFE72DE9AB
:10984000F04F8369426F1B6993F88030C3F3411373
:10985000022B8FB081460ED0032B0ED0012B0CBFF4
:1098600010230823D371D9F858800026B8F1000FCF
:1098700005D14046AEE02023F4E74023F2E7D8F8D4
:109880000430D8F80C4003930C9604967CB9049BE2
:10989000039A09339BB293701B0AD3701671D8F8E0
:1098A0000C40002C40F0B080D8F80080DDE7606804
:1098B00083681B6B00250D95002B00F0A3802946C3
:1098C0009847002800F09E80C4E90355A0F1040BDE
:1098D00035465BF8043F0BB11A7822B9B5427CD803
:1098E0006FF0150076E05A780B2A08BF9D70DBF800
:1098F00000305A78042A10D1E2680D990A43E260D8
:10990000DA78002A57D19D7023690122AA401343B7
:1099100001352361EDB200230D93DBF800707B78F5
:10992000052BD6D1D9F8183008936FF012004FF0FC
:10993000010A7A793B7943EA0223ADF82E300C9B79
:10994000069397F90230069A002B5FFA8AF1BBBFA3
:1099500041F080014BB24FFA8AF30793B9BF21F06F
:109960008003103307935346DA40D2072AD40D9A66
:10997000059222FA03F3DB0724D4BB79FA7808981E
:1099800000930DF12E03099103F0B8FB0999C8B9B2
:10999000079BB970002BBCBF21F08001103101235F
:1099A0008B4006980599BDF82E20BA8019430343D1
:1099B000CDE90C318DE76A1E9A700DA90CA8FFF74E
:1099C0000BFFA8E70AF1010ABAF1100FB1D1002884
:1099D0003FF47FAF0FB0BDE8F08FE3680D9A1343FB
:1099E000E360606883689B6AD3B198470028F1D12F
:1099F0000146606800F000F9049B24680344049366
:109A00002E4643E73546ECE7E368A36004F10C011A
:109A10000CA8FFF7E1FE00287FF462AF246840E75E
:109A20006FF08500D6E74FF0FF324FF0FF33043080
:109A3000F7F764BCF7F72ABD21B101290DD0002347
:109A40001B68FFDE5830006848B143685B79934279
:109A500005D000680028F8D170476030F3E7704700
:109A600010B590F83430022B044609D1FFF77AFC88
:109A700094F83C2001462046BDE81040FFF7DCBFCB
:109A8000002010BD08B5FFF7D7FF003818BF012030
:109A900008BD2DE9F04104460E46FFF763FC94F83B
:109AA0003C308046CBB9002E3BD032464146204662
:109AB000FFF7C2FF0746A8B10246204600F0CEF9E4
:109AC000054688B984F83C60FC6864B360688368C4
:109AD0001B6A03B198472468F7E72046FFF7C0FFE9
:109AE000074620B96FF03C052846BDE8F0810146E5
:109AF000204600F089F910220546002104F13E00BD
:109B000005F0A9FC002384F83C30FF6817B9002D4C
:109B1000C9D0E9E7786883685B6A03B198473F6812
:109B2000F4E784F83C600025DEE7F8B504460E460D
:109B300057681546FFF777FF94F87030D9074BD474
:109B4000012E4CD0FB799A0605D5A3691B6993F8C1
:109B500080309B0743D5002E41D1236E53B9A26DAF
:109B600062B9636F6A685B7C0133DBB25371626F09
:109B700053740EE09D4235D01B68EFE7954225D126
:109B80002A68EBB9E36DA2659D4200D1E26500232E
:109B90002B60A96841B12046FFF7E0FC064650B9AA
:109BA000A868FFF75EFDB87100232B60E36D83B9F1
:109BB000C4E916550026201DFFF73CFF3046F8BDCE
:109BC0001A60E26D954208BFE365E0E7134612684C
:109BD000C6E71D60E565EDE76FF00F06EBE76FF098
:109BE0008506E8E76FF01506E5E74FF0FF324FF026
:109BF000FF330430F7F782BB08B583681B6B0BB1EA
:109C000098470346002023B153F8042B0AB1127879
:109C100002B908BD1044F6E710B51C46FFF70CFF6B
:109C200048B10122C06802FA04F320B1026913426C
:109C300001D10068F9E710BD10B50C46FFF710FF21
:109C400048B10123C06803FA04F120B10369194245
:109C500001D10068F9E710BD70B501F07F0311F084
:109C6000800F18BF103301259D4090F83430022B2F
:109C7000044601D0002070BD90F83C60FFF772FBF5
:109C8000324601462046FFF7D7FE0028F2D0C068D2
:109C90000028EFD083681D42EDD10068F8E738B5A1
:109CA0000C46FFF7DDFE80B1C06870B14368DA682A
:109CB0001AB111790023994201DC0068F5E71568B3
:109CC000ED5CA54201D00133F5E738BD2DE9F8433D
:109CD00005460846114616461F46E9F7A7FC044606
:109CE000002843D02846FFF780FF95F87030DA0748
:109CF00033D4D4F8048004F11409BFF35B8F636993
:109D0000BFF35B8FDB072BD4D8F804300BB19D4237
:109D100026D13A4631462846FFF78EFE18B3002377
:109D200023600369B3B9C0E90344BFF35B8F59E80B
:109D3000003F43F0010349E80032002AF7D1BFF3A6
:109D40005B8F0024C8F80450281DF7F79FFB2046BE
:109D5000BDE8F8831C600461E7E76FF00F04F3E7E8
:109D60006FF07704F0E76FF03C04EDE76FF012045A
:109D7000EDE72DE9F8434C689DF820900D46984694
:109D800006461746FFF7EEFAA3681B6B01461BB9A0
:109D90006FF01500BDE8F883204698470028F7D0FB
:109DA000041F0C35002054F8041F09B10B782BB99F
:109DB000002814BF00206FF03C00EBE74B78042B29
:109DC0000BD1F8B98B784345EDD1CB784B45EAD12F
:109DD0000B79002BDED00120E5E7052BE3D100282D
:109DE000E1D0012F07D0022FF5D18978B0692A463A
:109DF00000F0C3F803E0B0692A4600F0A2F800289A
:109E0000E9D0C7E70020C5E7F8B5CC6806460CB92D
:109E1000204622E004F10C070125E268AAB165F0B2
:109E20007F03D9B203F07F031033DA40D2070ED498
:109E3000E368EB40DB0705D5B0693A46E9B200F0CC
:109E40009CF850B90135102DE7D12468DFE7B069DF
:109E50003A4600F092F80028EAD0F8BD2DE9F34721
:109E60005768002497F8058005460E46A1463B79C1
:109E7000A34203DC002002B0BDE8F0875FFA84FA59
:109E80003146534642462846FFF7C6FE014650B1CA
:109E9000CDF80090534601222846FFF76AFF0028BC
:109EA000E9D10134E3E76FF03C00E4E72DE9F74343
:109EB00080460D461746FFF7BFFE064628B96FF0ED
:109EC0000104204603B0BDE8F0830F2DF7D808EB5E
:109ED0000509014699F83E4000972B46002240466E
:109EE000FFF747FF0028EAD100942B4602223146B3
:109EF0004046FFF73EFF04460028E2D100972B467C
:109F0000012231464046FFF734FF04460028D8D1ED
:109F1000706883685B6813B13A462946984789F8A8
:109F20003E70CEE711F0800F18BF21F0800102686B
:109F30004FF0010318BF10318B4022EA0303036086
:109F4000704737B58B7900938B880C461546CA78D5
:109F5000897803F04CF970B994F90230A1782A6835
:109F6000002BB8BF21F080014FF00103B8BF1031C2
:109F70008B4013432B6003B030BDF8B506460D4649
:109F8000174603F07CF9044658B929463846FFF7CE
:109F9000C9FF2946304603F048FA044608B9F9F7E4
:109FA0001FFC2046F8BD0A468069802103F06DBA87
:109FB00043689869F0F780B970B5054646680C4665
:109FC00009B9E9F781FB91F91830002B07DBC4F8D8
:109FD0001A50B0692146BDE8704003F0C6B930465A
:109FE000FFF7EAF90028F2D04FF0FF3070BD80692A
:109FF00003F070BA38B5054680690C4603F05BF98A
:10A0000060B914F0800F18BF24F08004AA6B4FF0E1
:10A01000010318BF1034A3401343AB6338BD70B5C0
:10A02000054680690E4603F070F9044620B93146B2
:10A0300005F13800FFF776FF204670BD0B0648BFDC
:10A0400021F08001806B48BF1031C84000F0010052
:10A05000704782B0C3698DF8001001922BB102AB3A
:10A0600013E9060002B0E9F735BC02B0704782B0D0
:10A07000C3698DF8001001922BB102AB13E9060001
:10A0800002B0E9F727BC02B07047704703695B680C
:10A09000D868704743680361037A63B1012B0CBF32
:10A0A000022303234375437A5A1E032A05D8DFE8A7
:10A0B00002F0050505050123F4E700230375837A03
:10A0C000062B09D0072B09D0052B0CBF0023032337
:10A0D0008375837EC37570470123F9E70223F7E791
:10A0E000036993F8400030B1DA6B93889189106965
:10A0F0005B1A9BB2C01A7047036993F83800704727
:10A10000036993F8402012B993F838007047012092
:10A1100070470369C3E907127047BFF35B8F00689C
:10A12000BFF35B8F084100F00100704703691B69B2
:10A13000BFF35B8F883353E8001F41F0020143E80F
:10A140000012002AF7D1BFF35B8F704710B5046986
:10A15000606BE6F71DFF10B1012384F8393010BDA4
:10A1600010B50469606B4289C3889A4202D14FF0EE
:10A17000FF3010BD0122E6F70BFF0028F7D004F1F5
:10A180007800F8F75FF80020F3E738B50346406839
:10A190001B695D68AC68A37A84F8223094F82D308E
:10A1A00084F82330696841B1237C33B9FFF7D6F9CD
:10A1B00018B96868FFF755FA2074002038BD0123EC
:10A1C0008B40DB43BFF35B8F50E8002F1A4040E821
:10A1D00000210029F8D1BFF35B8F7047006902218D
:10A1E0008830FFF7ECBF006903218830FFF7E7BF35
:10A1F00008B50369186900218830FFF7E0FFBDE862
:10A2000008400121FFF7DBBF03691869012188308D
:10A21000FFF7D5BF2DE9F04750F8483C00F1400466
:10A220005B68064600212046D3F80090FFF775FFD3
:10A23000002850D001212046FFF76FFF0746002875
:10A2400049D1BFF35B8F54E8003F43F0200244E85C
:10A2500000210029F7D1BFF35B8F9B063BD4D9F8CF
:10A2600010305B689B68402293F836104846FFF731
:10A270009FFE054650B920460521FFF7A0FF304656
:10A280002122BDE8F0470023F8F7AAB98246428AA6
:10A290005AF80C1F56F80C0CE6F77AFE8046014679
:10A2A0005046E8F7D7F9B8F1000F04D008F03F089E
:10A2B000B8FA88F77F0906F82D7C29464846FFF74B
:10A2C0007BFE40B12846E8F7A3F820460521BDE80B
:10A2D000F047FFF774BFBDE8F08738B550F8783C19
:10A2E0005B681D6800F11003024600211846FFF765
:10A2F00014FF002836D001211846FFF70EFF88BB57
:10A3000052F8441C8A8888890969121A92B28A1AFA
:10A310003F2A27D9BFF35B8F53E8002F42F010018B
:10A3200043E800100028F7D1BFF35B8FD30619D4A0
:10A330002B695B689B68402293F83D102846FFF725
:10A3400037FE044670B1438A402B28BF4023438226
:10A3500001462846FFF730FE20B12046BDE83840D0
:10A36000E8F756B838BD38B550F8083C0446002B1D
:10A370004FD050F8243C5B6800F164051A68002354
:10A380008382838302212846FFF7C7FEB8B154E9D0
:10A39000023110699847637D1BB104F15400F7F74F
:10A3A00051FF05212846FFF7B8FE98B9637F6BB1CE
:10A3B0000022002304F12400F8F712F90AE0032137
:10A3C0002846FFF7AAFE0028E1D1E4E714F8093C8B
:10A3D000002BEDD102212846FFF79FFE38B12369FB
:10A3E0005A89DB889A4202D02046F7F72BFF0321D7
:10A3F0002846FFF792FE60B1A2699388918912699D
:10A400005B1A9BB29A4204D02046BDE83840F7F769
:10A4100019BF38BD08B5036903F18802022110464F
:10A42000FFF77BFE28B1596BC8884989401A18BFCD
:10A43000012083F8380003211046FFF76EFE40B17B
:10A44000DA6B908891891269401A80B2801A18BF1D
:10A45000012083F84000012008BD0069BFF35B8F35
:10A4600000F1880353E8001F41F0080143E800129F
:10A47000002AF7D1BFF35B8FC26B93889189126971
:10A480005B1A9BB29A4202D02430F7F7DBBE7047CA
:10A4900038B50469BFF35B8F04F1880555E8003FC8
:10A4A00043F0040345E80032002AF7D1BFF35B8F85
:10A4B000636B5A89DB889A4203D004F12400F7F7D2
:10A4C000C1FE04212846FFF728FE28B904F17800D0
:10A4D000BDE83840F7F7B6BE38BD70B503691C69F2
:10A4E000BFF35B8F04F1880555E8002F42F00102AD
:10A4F00045E800210029F7D1BFF35B8F02212846F0
:10A50000FFF70BFE10B11846FFF7C2FFE36B5A8945
:10A51000DB889A420AD103212846FFF7FEFD68B185
:10A5200004F12400BDE87040F7F78CBE04F1480048
:10A530000022BDE870400023F8F752B870BD7FB527
:10A5400014460A888B78ADF8002006460D220021BB
:10A550000DF103008DF8023004F07DFF6A46694674
:10A56000304603F0C1FC28B9BDF800209DF8023048
:10A570002280A37004B070BD13B50C4601AA03314C
:10A58000FFF7DDFF48B9032201A9204604F072FF5E
:10A59000B0FA80F0400902B010BD0020FBE710B512
:10A5A0000C46017822788A4288B00ED06946E9F7D5
:10A5B00029FC04A92046E9F725FC10220DEB020135
:10A5C000684604F057FF08B010BD012A06D0022AE1
:10A5D00007D072B940886388C01AF4E7406863689E
:10A5E000FAE71022611C013008B0BDE8104004F009
:10A5F00041BF6FF01500E6E7042A0AD0102A0DD0FB
:10A60000022A4FF0000315D103700B88438001200C
:10A610007047012303700B684360F8E7022300F8DA
:10A62000013B01F1100351F8042B40F8042B99422F
:10A63000F9D1ECE718467047012310B5062104460E
:10A6400000F8013BF3F73CFE18B9A37963F03F0330
:10A65000A37110BD0B6803608B8883808B79837135
:10A66000037823F00203037070470078C0F34000C2
:10A67000704738B50446807AE7F7E6FC616905461D
:10A6800049B1637ADB0704D4436A1B6820469B68A0
:10A6900098470023636121462846BDE8384003F00F
:10A6A0004EBF438A23B9C068B0FA80F040097047B2
:10A6B000002070477047D0F8A43083B15A7CD1078E
:10A6C0000DD5D2060DD51B7C102B0CBF0423032304
:10A6D0004372807A98428CBF002001207047022389
:10A6E000F6E70323F4E70F2806D80D280BD8052832
:10A6F00014BF022003207047132804D01A2814BF67
:10A700000220012070470120704738B5C3681D78CA
:10A7100075B9B3F801000F21EBF78EFD044638B18F
:10A720002946EBF7E3FC2046BDE83840EBF74CBC8C
:10A7300038BD08B5C3680121B3F80100EBF77CFD13
:10A7400018B1BDE80840EBF73FBC08BD08B5C368C9
:10A7500001211888EBF770FD18B1BDE80840EBF750
:10A7600033BC08BD10B50346BFF35B8F53E8000F41
:10A7700040EA010243E80024002CF7D1BFF35B8FCD
:10A7800010BD01210C30E7F7DDBF38B5C5680121E8
:10A79000B5F80100EBF750FD044698B12B783BB9B2
:10A7A000D5F80330C0F89930D5F80730C0F89D309F
:10A7B000201D4FF48031FFF7D5FF2046BDE838401B
:10A7C000EBF702BC38BD30B402EBC30304460846C5
:10A7D0009A4201D130BC7047114611F8085BA5427E
:10A7E00006D1018A53789942F4D330BC5368184794
:10A7F0000A46EDE7BFF35B8F50E8003F0B4040E8AF
:10A800000032002AF8D1BFF35B8F704710B5EAF72A
:10A81000C9FD6FF4807104461030FFF7EBFF20464E
:10A82000BDE8104000F0E9BBC368DB78012B01D123
:10A83000FFF7ECBF7047C0F307231070000E537092
:10A84000D0700023C1F30720090E9370137150716B
:10A850009371D1717047C368DB78012B01D1FFF789
:10A86000D5BF704773B5C5680121B5F80100EBF796
:10A87000E3FC0446002851D02B781A2B00F1040683
:10A8800019D1C378012B2DD14FF480413046FFF709
:10A8900069FF42040FD4D4F88C3000936946D4F891
:10A8A000943001932046ECF7B7FB204602B0BDE898
:10A8B0007040EBF789BB2B78A3B9B5F8033040F2B1
:10A8C000E2425343C4F88830B5F80530A4F890301C
:10A8D000B5F80730A4F892306FF480513046FFF796
:10A8E00089FF17E0BFF35B8F6368BFF35B8FDB0407
:10A8F000F2D52B78202BEFD194F89830002BEBD0A9
:10A90000013B84F898304FF42032002304F14000DA
:10A91000F7F766FE2046EBF753FFC6E702B070BDBF
:10A9200010B5EAF73FFD6FF480711030FFF762FF5A
:10A930000020E9F7F1FB044648B13C2303730021F2
:10A94000EBF7D4FB2046BDE81040EBF73DBB10BD54
:10A950000020704710B5028843889A4218D8052A0B
:10A9600016D9B3F5486F13D88488B4F5FA7F0FD29F
:10A97000C188A1F10A0292B240F67640824207D81D
:10A9800004FB0333B3EB810F34BF0120002010BD63
:10A990000020FCE738B5C3680F21B3F801001D782B
:10A9A000EBF74AFC044638B365B12846E9F748FEA0
:10A9B000294602462046ECF709F82046BDE8384013
:10A9C000EBF702BB8378012B07D102F01FF9204679
:10A9D000FFF771FE002808BF05252846E9F730FE7D
:10A9E000294602462046EBF7F1FF002DE5D0052170
:10A9F0002046EBF7C1FCE0E738BD70B5C6680F2113
:10AA0000B6F801003578EBF717FC044670B34DB18A
:10AA10002846E9F715FE294602462046EBF7D6FF01
:10AA2000204603E0F378C27A9A4203D1BDE8704031
:10AA3000EBF7CABA8278C372012A08D10BB102F0CF
:10AA4000E5F82046FFF737FE002808BF0525284611
:10AA5000E9F7F6FD294602462046EBF7B7FF002D41
:10AA6000DED005212046EBF787FCD9E770BD00203A
:10AA7000704708B5EFF78CFA18B1408A003818BF54
:10AA8000012008BD73B506460D4601AA002142F219
:10AA90002F00E9F75DFE044648B90198C368B3F892
:10AAA00001203280B3F803302B80E7F7B1FC204659
:10AAB00002B070BD70B506460D464FF0FF304FF046
:10AAC000FF31E9F795FD044668B103210C30E7F743
:10AAD000C1FD0680857021460022BDE8704040F22D
:10AAE0000640E9F735BE6FF0680070BDC0680378B6
:10AAF0001BB13C2B03D1FFF713BFE9F7B1BE704781
:10AB000038B54FF0FF3105464FF0FF30E9F770FDE3
:10AB1000044668B102210C30E7F79CFD2B880380C6
:10AB200021460022BDE8384042F21600E9F710BE87
:10AB30006FF0680038BDF8B507460E464FF0FF309D
:10AB40004FF0FF311546E9F753FD044678B1062171
:10AB50000C30E7F77FFD3B880380468085802146E7
:10AB60000022BDE8F84042F22200E9F7F1BD6FF0A3
:10AB70006800F8BDF0B5C5682F8887B00121B8B26C
:10AB8000EBF75AFB064660B302ACD5F80220D5F8C5
:10AB9000063001946989009101F0D4FE18B34FF09A
:10ABA000FF304FF0FF31E9F723FD0546B0B1122128
:10ABB0000C30E7F74FFD0346224623F8027B14468C
:10ABC00003CC596006A98C421860224603F10803A1
:10ABD000F5D1294642F21A00E9F772FD3046EBF74B
:10ABE000F3F907B0F0BD4FF0FF304FF0FF31E9F758
:10ABF000FFFC04460028F1D002210C30E7F72AFDC3
:10AC00002146078042F21B00E6E770B506460D4676
:10AC10004FF0FF304FF0FF31E9F7EAFC044660B136
:10AC200003210C30E7F716FD06808570214642F2BD
:10AC30002100BDE87040E9F743BD70BD73B5C3683E
:10AC4000D9789A781E8842EA0122ADF80020597915
:10AC50001A7942EA0122ADF80220D9799A7942EABA
:10AC60000122ADF804201A7A5B7AB4B242EA0323D7
:10AC700001212046ADF80630EBF7DEFA054628B98B
:10AC800002212046FFF7C1FF02B070BD6946EBF715
:10AC900001FE38B91E212046FFF7B7FF2846EBF723
:10ACA00093F9F1E74FF0FF304FF0FF31E9F7A0FCE7
:10ACB00004460028F2D00E210C30E7F7CBFC00232D
:10ACC0000680C0F80A30BDF800304380BDF802307D
:10ACD0008380BDF80430C380BDF80630038121466F
:10ACE00042F22000E9F7ECFCD8E708B5072204F0AF
:10ACF000C1FBB0FA80F0400908BD0B6803608B8887
:10AD000083808B7983717047BFF35B8F0068BFF3DB
:10AD10005B8F7047F8B50F46144638BB4FF0FF30D5
:10AD20004FF0FF31E9F764FC054610B327210C30E2
:10AD3000E7F790FC3946FFF7E0FF06462246C31DC1
:10AD400004F1100152F8040B43F8040B8A42F9D1C4
:10AD50001022002106F1170004F07DFB2946002295
:10AD6000BDE8F84042F22700E9F7F2BC6FF01500A9
:10AD7000F8BD6FF06800FBE7037A5B07024605D574
:10AD800001462E3211F8010BFFF7C4BF704738B5EA
:10AD90004FF0FF3105464FF0FF30E9F729FC04463C
:10ADA00058B129460C30FEF7ADFA21460022BDE825
:10ADB000384042F22D00E9F7CBBC6FF0680038BD97
:10ADC00010B400F11003BFF35B8F53E8002F22F49F
:10ADD000005143E80014002CF7D1BFF35B8F9304BC
:10ADE00003D510BC012100F006B910BC704770B546
:10ADF000044686B00E4601300131FFF776FF2E344F
:10AE0000162200210546684604F025FB10226946FB
:10AE1000204604F02FFB40B1102206F12E012046FF
:10AE200004F028FBB0FA80F04009284300F001004C
:10AE300006B070BD00F1100208B503461046FFF7DA
:10AE400063FFC10511D5BFF35B8F52E8000F40F4DB
:10AE5000005042E800010029F7D1BFF35B8F18468C
:10AE60000021BDE8084000F0C6B808BD10B50C468A
:10AE700030B919B1EFF73AF800B1441C204610BDC3
:10AE80000024FBE718B111B10846E9F729BF6FF0BC
:10AE90001500704713B5044680B106216846F3F7E4
:10AEA0000FFA48B99DF80530694603F03F03204684
:10AEB0008DF80530FFF7E6FF02B010BD6FF015000A
:10AEC000FAE7003818BF01207047037AD90704D584
:10AED00023F001030372E9F7C1BF990704D523F0FA
:10AEE00002030372EAF744B87047BFF35B8F006850
:10AEF000BFF35B8F70472DE9F74F884601904FF005
:10AF0000FF314FF0FF30E9F773FB0446002849D0CA
:10AF100020210C30E7F79EFB002120220646002767
:10AF200004F099FAD8F8005006F1010B3946D8F828
:10AF300004309F4208D3019831700022214603B0AB
:10AF4000BDE8F04FE9F704BC6A7895F800C0881CAA
:10AF500013181F2B5FFA80F908D9BCF1090FC9F14A
:10AF60001F0217D1002A15DD4FF0080C5FFA82FA94
:10AF70000AF1010E0BF801E00131C9B258440BF897
:10AF800001C0D144696804F03FFA01375FFA89F1E2
:10AF90000835CCE72046E7F73BFA6FF0150003B021
:10AFA000BDE8F08F6FF06800F9E770B5064686B02F
:10AFB0000D464FF0FF304FF0FF31E9F719FB044623
:10AFC000B0B10C3095B10121FEF79CF906F11002E9
:10AFD00003A9204600950823E9F7F8FA0022214644
:10AFE00042F20A00E9F7B4FB06B070BD2946EBE770
:10AFF0006FF06800F8E7FFF7D8BF1830F7F77EBBAF
:10B00000EAF79ABB00230B60436813B9C0E900114B
:10B010007047196041607047D0F8B400003818BF1D
:10B020000120704710B50346BFF35B8F53E8000F54
:10B0300040EA010243E80024002CF7D1BFF35B8F04
:10B0400010BD2438EAF7D2BE036800220BB91846B7
:10B0500070478B4210D10B6842B94268036091423D
:10B0600000D1436000230B600120704713604368E8
:10B07000994208BF4260F5E71A461B68E6E710B53B
:10B080000446006918B1E7F7C3F90023236110BD36
:10B0900070B516460D4601210446EAF7F9FE012E69
:10B0A00017D0022E17D1236913B12046FFF7E7FF0F
:10B0B000256121690A8A012A39D9CB681B880433A2
:10B0C0009BB29A4233D32AD92046BDE87040FFF79D
:10B0D000D6BF206918B92046FFF7D1FF01E02A8AC0
:10B0E00022B92846BDE87040E7F792B9018A438A41
:10B0F00046695B1AC168891B5B1A9A4207D90146E7
:10B100000022204600F0E1F900232361E9E7E96825
:10B110000C30FEF7EBF82846E7F77AF9C9E7002389
:10B12000236120460122BDE8704000F0CEB970BD19
:10B1300010B50446D0F8A40028B9207A04F17001B3
:10B14000EEF726FF38B1E278438A2AB903F02100EE
:10B15000003818BF012010BD03F02400F8E738B50F
:10B160008378012B044627D1437B072B27D10B067D
:10B1700001F07F050CD54FF400410430FFF752FF7A
:10B18000A5722046EEF71CFB08B1637AA37238BDA6
:10B19000437AAB4216D2837AAB4213D2BFF35B8FB2
:10B1A000031D53E8001F21F4004143E80012002A68
:10B1B000F7D1BFF35B8FE3E76FF01500E7E76FF0C0
:10B1C0007F00E4E70020E2E78378012B0CBF407AA0
:10B1D0000020704738B5037A8B420446154615D1D6
:10B1E00000F170010722284604F044F980B1E378A9
:10B1F000072243B904F17E01284604F03BF9B0FA76
:10B2000080F0400938BD04F17701F5E70020F9E747
:10B210000120F7E708B5EBF745FC10B1EAF7D4FEDB
:10B22000012008BDF8B507460D464FF0FF304FF03E
:10B23000FF31E9F7DDF90646D0B10E210C30E7F712
:10B2400009FA0E220446002104F005F93B88238008
:10B250002B8863806B88A380AB88E380EB88238195
:10B2600031460022BDE8F84042F21300E9F770BA17
:10B270006FF06800F8BD704710B50446F8F77CF928
:10B28000234653F8442BD2F8B41061B96164D2F864
:10B29000B81061B9C2E92D33F8F7E0F92068BDE8CC
:10B2A0001040EAF7FFBE8B42F6D00968EDE70B606D
:10B2B000C2F8B830F0E770472DE9F843446B2CB181
:10B2C00054F8085905B1083D00270CB9BDE8F883CA
:10B2D000D4E900682EB3F8F74FF9D6F8B43004F18A
:10B2E0004401002263B1994233D1636C4ABBD6F862
:10B2F000B820C6F8B430914201D1C6F8B8306764BE
:10B30000F8F7ACF904F13009002200234846F6F7BB
:10B310006DFA064600BBD8F804300BB120469847BA
:10B320002760E3680BB120469847D8F820300BB16E
:10B3300020469847DDB1AB6803B1083B2C461D465B
:10B34000C3E71360D6F8B830994208BFC6F8B820F2
:10B35000D5E71A461B68C5E7B36923B1F1692068D0
:10B360006FF06D0298473046E7F752F8CCE72B466E
:10B37000E4E738B5406B0D4620B150F8084904B1F8
:10B38000083C00B938BD43689B680BB12946984713
:10B390002CB1A36803B1083B20461C46F1E72346C5
:10B3A000FAE7F8B50E4600210746154600234FF48C
:10B3B00080320846EBF7D0FC044630B104210C3053
:10B3C000E7F748F90770467045802046F8BD70B52C
:10B3D00005460068B8B1407B072814D1002A0E7AD0
:10B3E0000CBF01200220864210DCC87A07280DD944
:10B3F0008A61CB6105F1300003F096F82846FFF72B
:10B400003BFF002070BD6FF07F00FBE76FF0150081
:10B41000F8E7406B30B1838B8B42A0F1080001D07C
:10B420008068F7E7704710B54AB989B2FFF7F1FFB6
:10B4300028B143689B6913B1BDE81040184710BD9F
:10B4400038B50D460521FFF7E4FF00231A462946CB
:10B45000FFF7BDFF044610B12846E6F7D9FF2046A6
:10B4600038BD38B50B8A032B05460C4621D904217B
:10B4700004F10C00E7F766F9238A42889A4218D152
:10B480004178B1B10378012B13D0132B11D00222D4
:10B4900001202D68FFF785FF044650B102210C30D2
:10B4A000E7F7D8F800230370437021462846FFF7DA
:10B4B000C7FF002038BD406B30B183898B42A0F1BB
:10B4C000080001D08068F7E7704738B50B8A032B76
:10B4D00005460C4604D82046BDE83840E6F798BF3C
:10B4E000042104F10C00E7F72DF941882846FFF705
:10B4F000E2FF0028EFD0436821465B699847EAE7FE
:10B5000070470346006828B1596802681A6088428B
:10B5100008BF5A6070470346002003B970471A8A73
:10B520005B681044F9E710B5D4682378023113B989
:10B530002170012010BD8B42FBD0038A023B0382A5
:10B5400000201061F6E773B51446014605464FF436
:10B550009572206800F0D6FE207530B92068294623
:10B5600000F08AFF20B908232375002002B070BDC7
:10B57000237AB3B1A3F11802534253419B000193C4
:10B58000638A0093AE68238AE26820682946B04740
:10B59000002808DB238A83420CD100232375012075
:10B5A000E4E70223EBE710F1FF0F03D34042C0B200
:10B5B0002075DAE70E20FBE7F8B5936816680546B4
:10B5C0000F46144663B9506801210C30E7F742F882
:10B5D000A0602B681B78002B14BF0223012303708B
:10B5E000A3681B78012B03D0022B1FD000201CE086
:10B5F0002B681B78002BF9D1606804210C30E7F729
:10B6000029F8E06007802A68E36852885A806168F8
:10B61000728D738B088A9A4294BFC0EB0200C0EB14
:10B620000300042894BF00200120F8BD2B681B787C
:10B63000022BDBD1606812210C30E7F70BF8E060D9
:10B6400007802B68E268591C0232113351F8040B51
:10B6500042F8040B9942F9D16168728D738B088AA4
:10B660009A4294BFC0EB0200C0EB03001228D9E756
:10B6700070B40668326A5AB3144654F8A03903B15C
:10B68000A03B002211467CB9438D408B8B4201D8F0
:10B6900090421FD9824238BF02469942306838BF73
:10B6A000194670BCEDF752BC844207D0658D648B9F
:10B6B000A94238BF2946A24238BF224633B1D3F847
:10B6C000A05005B1A03D1C462B46DCE71D46FAE71D
:10B6D0001146D9E770BC7047D0680378043113B9BC
:10B6E0000170012070478B42FBD091680B8A0020CB
:10B6F000043B0B82106170472DE9F04104468868D5
:10B70000FFF709FF638B628D934228BF1346834284
:10B710000D461DD36165D1F8088000278F60F7F7CB
:10B720002BFF41462046EBF78BFD064638B1C5F8A6
:10B7300008806765F7F792FF3046BDE8F081618DBC
:10B74000638B994228BF1946284600F092FEF1E724
:10B750006FF07906F0E72DE9F041046A074644B13D
:10B7600054F8A06906B1A03E0022154607F104086E
:10B770000CB9BDE8F081636D9BB905B98AB9404643
:10B78000FFF7BFFE054658B101462046FFF7B4FF5C
:10B790000028EED07B682B60BB687D6003B9BD607C
:10B7A000224636B1D6F8A03003B1A03B34461E463F
:10B7B000DEE73346FAE738B504460D46EBF740FDC1
:10B7C00030B1294604F15800BDE8384002F0ACBE63
:10B7D00038BD2DE9F041CB681F88BBB2162B05465A
:10B7E0001BD90321EBF7CCFD0646C0B102210C307A
:10B7F000E6F730FF00244FF0410880F800804470E5
:10B8000031462846FFF7D7FF2846A5F81A806F85EE
:10B81000FFF72EFF2046BDE8F0810420FBE70E2055
:10B82000F9E72DE9F0418846174601210422054633
:10B830001E46EBF763FD044670B104210C30E6F7B9
:10B8400009FF80F80080A0F80170C67021462846E4
:10B85000BDE8F041FFF7AFBFBDE8F0811FB5CDE90E
:10B860000123002300931A46ECF774FE05B05DF83F
:10B8700004FB0368002203B970478B420FD10B68A9
:10B880003AB942680360914200D1436000230B60E3
:10B89000704713604368994208BF4260F6E71A4652
:10B8A0001B68E8E7BFF35B8F50E8003F43F00802F6
:10B8B00040E800210029F7D1BFF35B8FC3F3C0003C
:10B8C000704707B5CA681388528800920C210D2270
:10B8D000EBF7CAFD03B05DF804FB07B5CB680022A7
:10B8E0001B8800920A210B22EBF7BEFD03B05DF826
:10B8F00004FB70B504460E46002200230846F5F707
:10B9000075FF054658B101462046EBF799FC044601
:10B9100018B12946304602F012FE204670BD6FF085
:10B920000104FAE737B50C46054601F10C00FDF7B6
:10B9300008FD228A0192E268009203461322122136
:10B940002846EBF7CFFF03B030BD37B50C460546B0
:10B9500001F10C00FDF7F5FC228A0192E2680092E9
:10B960000022034611462846EBF7BCFF03B030BD6A
:10B970002DE9F04391B0D2F8008007460E4600252D
:10B9800042F601030068D8F804908DF82C500BA9FA
:10B990001446ADF82E30FEF702FE002800F082803B
:10B9A0004FF4205338688DF82C500BA9ADF82E3089
:10B9B000FEF7F5FD38B1A3681BB15A88B24200D238
:10B9C0005E80012010E061680846FFF7A4FDB8F82A
:10B9D0002A20B8F81A309A4294BFC0EB0200C0EB9C
:10B9E0000300032803D8002011B0BDE8F083084607
:10B9F000E6F768FD616805460846FFF78CFD6B8A2F
:10BA00002A8AA3EB020C6B69EA68D21AACEB020338
:10BA1000B8F81AC0B8F82A20944594BFC0EB0C00BF
:10BA2000C0EB0200834228BF03466BB9887AE6F771
:10BA30000BFB00220023FDF74EFC05460028D2D068
:10BA400001466068E6F784FD00230093D7F8048080
:10BA50003946102302AA4846C047071E22DB227C33
:10BA6000E068BA421AD001460BA8FEF7C5FDC8B17E
:10BA7000FAB202A906A8FEF7BFFD98B106A90BA865
:10BA8000FEF78DFD70B900236374042105F10C00ED
:10BA9000E6F7E0FDA0600680A36891E702A903F045
:10BAA000E9FCEFE70023A3608BE72DE9F04F0646A2
:10BAB00085B0104690469946FFF72DFD738B728D29
:10BAC000934228BF134683428B4675D9736803930C
:10BAD0004046E6F7F7FC4FF0000A04464046FFF701
:10BAE0001AFDE168228A658A6369778BCB1AAD1AE1
:10BAF000ED1A738D9F4294BFC0EB0700C0EB0300AB
:10BB0000854228BF054625BB98F80A00E6F79CFA4F
:10BB100000220023FDF7DFFB044608B9574627E063
:10BB200001464046E6F714FD4046FFF7F4FCE168A5
:10BB3000228A658A6369778DCB1AAD1AED1A738BE9
:10BB40009F4294BFC0EB0700C0EB0300854228BFB3
:10BB50000546CDF80090DBF8047003980A44ABB2B8
:10BB60005946B847071E07DABAF1000F18BF574603
:10BB7000384605B0BDE8F08F0E9BABB9394604F1ED
:10BB80000C00E6F767FD4046FFF7C5FC738D728B2E
:10BB9000934228BF1346B9448342BA441FFA89F935
:10BBA000BCD9AF429AD0B9E70F9A0E9B39462046CE
:10BBB00098470028E2D1B1E70027D9E72DE9F34102
:10BBC0001768D7F80480002314461373014606460D
:10BBD0009522404600F096FB0546207330B9314669
:10BBE000404600F047FC28B908232373002002B028
:10BBF000BDE8F081A068798B7A8D038A914294BF69
:10BC0000C3EB0103C3EB0203012BEFDD02210C3078
:10BC1000E6F720FDCDE900558046A388A2683146AD
:10BC20003846FFF742FF031E06DA13F1FF0F26BF67
:10BC30005B42DBB20E23D8E7A8F800300120D6E73C
:10BC40002DE9F3411768D7F80480002314461373D5
:10BC5000014606469522404600F054FB05462073F7
:10BC600030B93146404600F005FC28B9082323735B
:10BC7000002002B0BDE8F081CDE900553146A3882F
:10BC8000A2683846FFF711FF002807DA10F1FF0F0E
:10BC900026BF4042C0B20E202073E9E70120E8E74A
:10BCA000F8B50546071F00F14C0350F8044CBFF3EC
:10BCB0005B8F53E8001F21F0040143E80012002AC3
:10BCC000F7D1BFF35B8FFCB12B6D83B9636873B1A0
:10BCD000201DFFF716FC064601463846FFF70CFD0F
:10BCE00090B163683360A368666003B9A66005F12C
:10BCF00054013846FFF7FDFD30B104F10C01384620
:10BD0000BDE8F840FFF7F5BDF8BD08B5437B072B4C
:10BD100001D0002008BD0421FFF7CDFB0028F8D09A
:10BD2000BFF35B8FC36CBFF35B8FDB07F1D550F8BC
:10BD3000040CEFE738B50546BFF35B8F0B68BFF324
:10BD40005B8FDB0716D550F8040C98B12B6D8BB9BF
:10BD50000430FFF7D6FB044660B10146281FFFF709
:10BD6000CBFC38B155F8043C5A6822609A685C6094
:10BD700002B99C6038BD70B50E461546FFF7C5FF89
:10BD800078B1036A6BB1184650F8A03903B1A03BF3
:10BD9000691C428D448BA24228BF2246914202D99F
:10BDA0003BB9002070BD2A463146BDE87040EBF734
:10BDB000A5BAD3F8A04004B1A03C18462346E8E752
:10BDC000ECF72ABB10B504466C38ECF7A1F854F830
:10BDD0006C0C1321BDE81040EAF7CEBA70B550F8EC
:10BDE000043C0446061F002B34D039B1036D002BF0
:10BDF00030D01B7CDA072DD505231EE005682846C8
:10BE0000EDF7C4F86B7A012B24D0246D14B3237C96
:10BE1000DB071FD5E368002BEED06269617C3046FA
:10BE2000EBF76CFA054638B1D4E90512E368984798
:10BE300050B12846E6F7ECFA0E23002230461146B0
:10BE4000BDE87040ECF72EB829463046EBF7F8F91C
:10BE50000028EED170BD08B500230A8AC968ECF746
:10BE600021F8002008BD0120704708B5FFF74DFFFD
:10BE700098B1036A8BB1BFF35B8FA03B03F1500213
:10BE800052E8000F20F0080042E800010029F7D135
:10BE9000BFF35B8FD3F8A030ECE708BD08B50421F1
:10BEA000FFF709FB30B1BFF35B8FC06CBFF35B8F53
:10BEB000C0F3C00008BD70B51C460E461546EBF732
:10BEC00099F9C0E903650123C380047570BD106052
:10BED0000020704710B5029CA36833B1B1F5807F94
:10BEE00028BF0E21CAB221469847A37DE268013BD4
:10BEF000DBB2A37522B11BB92046BDE81040104744
:10BF000010BD106091800020704708B5072203F033
:10BF1000B1FAB0FA80F0400908BDBFF35B8F00684A
:10BF2000BFF35B8F704710B50346BFF35B8F53E8D9
:10BF3000000F40EA010243E80024002CF7D1BFF3D0
:10BF40005B8F10BD0B6803608B8883808B79837156
:10BF5000704770B50D46064611F8010BEAF7A2FDD1
:10BF6000044610B12C89EAF72FF8A87A05F10B01E5
:10BF7000EAF798FD28B16B8A9C4238BF1C46EAF765
:10BF800023F8AB8AA34207D0AB69AC8223B1214628
:10BF90003046BDE87040184770BD38B5BDF8104058
:10BFA000A24215460CD84CB16BB1A41A8C42A8BF62
:10BFB0000C46A4B22246591903F026FA204638BD91
:10BFC0006FF00604FAE76FF00D04F7E730B585B0BF
:10BFD000C96814461D46ECF7E1F800B10089ADF8D8
:10BFE0000E0002230093BDF820200DF10E03294618
:10BFF0002046FFF7D2FF05B030BD1FB50C461946ED
:10C00000E3681C781046BDF818203CB110240133B9
:10C01000069404B0BDE81040FFF7BFBF5B88ADF8E1
:10C020000E30022300930DF10E03FFF7B6FF04B0AC
:10C0300010BD30B585B01D46002314468DF80C3078
:10C04000ECF758F810B1037A8DF80C300123009307
:10C05000BDF8202003AB29462046FFF79EFF05B020
:10C0600030BD08B5ECF778F818B1002303604360E1
:10C07000836008BD70B500F1700605463146007A50
:10C08000FEF7F7FC04463146287A1CB1BDE8704043
:10C09000FFF7E7BFECF760F810B10460446084601C
:10C0A00070BD022A10B508D1002300F170011A46B4
:10C0B000007AECF7ADF8022010BDFFF7DBFFFAE7DE
:10C0C000F0B507683D7889B00646144635BB7B88D5
:10C0D000B3F5245F04D01BD8A3F52053032B1DD840
:10C0E000ADF80A1002220DF10A01204602F0F2FD1D
:10C0F00048B97B88ADF80A3002220DF10A012046CA
:10C1000002F0E8FD70B16FF01503C4F85C3106E091
:10C1100003F55643FF339BB2042B15D9012528465E
:10C1200009B0F0BD009003AA776813233146B847E1
:10C13000021E02DAC4F85C21F1E703A9204602F0EE
:10C14000C9FD0028EAD0DEE7ADF80A1002220DF1A1
:10C150000A01204602F0BEFD0028D4D17B88ADF84C
:10C160000A3002220DF10A01E8E701210C30FFF745
:10C17000DABE2DE9F0419846BDF81830012B06468D
:10C1800017462DD84344012B45462CDCEBF7B2FF74
:10C19000044618B9EBF7AEFF044638B3B8F1000F08
:10C1A00011D0217A002321FA03F2D00703D53A787F
:10C1B000DA40D2071DD50133032BF4D13B7803F0CD
:10C1C000070319432172601C06F17001FFF7BAFEE4
:10C1D000337A23702046FFF7C8FF2846BDE8F08178
:10C1E0006FF00605F9E76FF00C05F6E76FF0100544
:10C1F000F3E76FF01205F0E738B504461546FFF790
:10C2000032FE40B12046EBF775FF20B1037ADB0721
:10C2100001D5FFF7AAFF35B9207A04F17001EBF7D9
:10C220009BFF00B1856038BD38B5BDF81010BDF872
:10C230001840059DA14210460CD84CB16DB1641A4E
:10C240009C42A8BF1C46A4B22246294403F0DCF855
:10C25000204638BD6FF00604FAE76FF00D04F7E7EB
:10C2600013B5044610B9002002B010BD00238DF8AC
:10C270000430006842F6030301A9ADF80630FEF76A
:10C280008EF90028EFD1E36898880028ECD1204689
:10C29000ECF718F9013080B2E6E770B5CC6888B0E9
:10C2A00008461E46A3798DF80C301546FFF7D8FFD7
:10C2B000ADF80D00246823786BB96388ADF80F30B2
:10C2C00005230093BDF8302003AB31462846FFF725
:10C2D00064FE08B070BD631C0DF10F02113453F8F9
:10C2E000041B42F8041BA342F9D11323E9E71FB54D
:10C2F000CDE90123002300931A46ECF72BF905B092
:10C300005DF804FB38B54C8AD3070546C4F30E0428
:10C3100004D514F0950F2AD04B6843B3900704D589
:10C3200014F4957F25D08B681BB3144014F4DE7F82
:10C330000DD0EB7A2BB92846FEF7FAFED8B90520C6
:10C3400038BD14F0300F04D114F4C07F07D10020A1
:10C35000F6E72846FEF738FF0228F5D8EFE7D5F8CC
:10C36000A430002BEBD05B7CDB06E8D5EFE70220A6
:10C37000E6E70320E4E70F20E2E7F8B514460F46AE
:10C38000942261680646FFF7BDFF20BB6168012269
:10C390003046ECF7FFF908B3A2891B210232304680
:10C3A000FFF7E9FC0546E0B1A1890C300231E6F760
:10C3B00051F920F8027BA289A16803F025F8D4E99D
:10C3C000041228460123FFF776FD29463046BDE8D2
:10C3D000F840EBF701BE4FF0FF30F8BD6FF01500ED
:10C3E000FBE76FF00B00F8E72DE9F04105468846C2
:10C3F000EBF780FE044608B3037ADA071ED500F196
:10C400000C063046FFF789FD10F0010716D1B8F190
:10C41000000F14D0BFF35B8F56E8003F23F00202F9
:10C4200046E800210029F7D1BFF35B8F9B07284620
:10C4300008D5FFF71AFD2046FFF797FE012738467B
:10C44000BDE8F081FFF70FFD0028F8D02846FFF780
:10C4500025FD0028F3D0BFF35B8F56E8003F23F0A3
:10C46000020346E80032002AF7D1BFF35B8F28466B
:10C47000DFE77047012070470120704713B5C0689F
:10C48000144668B100238DF8043001A94FF4C0535D
:10C49000ADF80630FEF783F810B923680133236046
:10C4A000012002B010BD0720704708B50621FFF734
:10C4B00002F800B1EC3808BDBFF35B8F0068BFF332
:10C4C0005B8F084100F00100704738B50A4603460B
:10C4D00009B9012038BD488A10F0240FF9D0197D20
:10C4E0005D7B147CA94228BF29468C4201D90020DB
:10C4F000F0E7800607D4517CC9070BD4187A0038BE
:10C5000018BF0120E6E70521181DFFF7D5FF002819
:10C51000F1D1ECE7197A0029E9D00521181DFFF7C0
:10C52000CBFF18B9197A01390129E0D9527CD20719
:10C53000CFD4E3E701238B40DB43BFF35B8F50E8AD
:10C54000002F1A4040E800210029F8D1BFF35B8F8B
:10C55000704707207047002370B51A460446EC3038
:10C560000D46FEF734FF20B12846BDE87040E5F7E0
:10C570004FBF04F59C704FF47022BDE8704000235B
:10C58000F6F7B6B801238B40BFF35B8F50E8002F5E
:10C590001A4340E800210029F8D1BFF35B8F7047B0
:10C5A00008B50E21FFF7EEFF002008BD38B505469F
:10C5B0000B4604300D21FFF77FFFA0B1DC68D5F8F2
:10C5C000EC300220197A03F17002EDF71FFD80B103
:10C5D000224600F12E0304F1100152F8040B43F837
:10C5E000040B8A42F9D128460921FFF7CBFF00202E
:10C5F00038BD0820FCE770B5051D0E46284604210D
:10C60000FFF75AFF68B10022002100230846EAF72D
:10C61000A3FB044640B904212846FFF7B3FF204698
:10C6200070BD4FF47022EFE701210C30E6F712F8ED
:10C630000670F4E738B504210446FFF7DCFF054631
:10C6400098B110210C30E6F705F804F1270304F146
:10C65000370253F8041B40F8041B9342F9D12046DB
:10C660002946FFF778FF002038BD0820FCE72DE9B8
:10C67000F04790B004460CAD10220021284602F08D
:10C68000EAFE237A052B1ED8DFE803F00603030633
:10C690001D21D4F8D8300C93D4F8EC3004F14702C3
:10C6A00004F1C707CDE9017204F1370803F17E02F6
:10C6B00004F12709009277334A46414604F1970076
:10C6C000EDF716FD98B1082010B0BDE8F087D4F85A
:10C6D000E430002BE0D02E4603F1100718685968AB
:10C6E000324603C20833BB421646F7D1D4E7D4F82A
:10C6F000EC3003F177027E3308AE019304F11103AD
:10C700000292009303962B4642464946384600F073
:10C7100039FB0028D7D1237A052B0FD1D4F8E010AC
:10C72000002948D00B46AC4601F1100E1868596834
:10C73000624603C2083373459446F7D1D4F8EC300F
:10C7400003F17E0277330DF1100A019304F10A031D
:10C7500002920093CDF80CA02B464A46414638463B
:10C7600000F010FB0028AED11022514604F1B700B2
:10C7700002F080FE20BB0D212046FFF73CFF07465C
:10C780000028A0D010210C30E5F764FF32460346A4
:10C79000164603CEAE4218605960324603F10803D4
:10C7A000F6D139462046FFF7D6FE201D0121FFF7BE
:10C7B000E9FE002088E71022284602F04CFEBDE783
:10C7C0000B2081E770B5D0F8EC30DB78012B044604
:10C7D00019D1CD68061D10213046FFF7ABFE2B4660
:10C7E00004F1B70205F1100153F8040B42F8040BF1
:10C7F0008B42F9D107213046FFF75EFE28B10921AF
:10C800003046FFF7BFFE002070BD0A213046FFF71B
:10C8100053FE0028F3D12046BDE87040FFF727BF44
:10C8200070B5061DCD6804460B213046FFF782FE29
:10C830002B4604F1170205F1100153F8040B42F8DE
:10C84000040B8B42F9D1237A012B09D0022B13D18F
:10C8500020460421FFF796FEBDE87040ECF72EBDA0
:10C860000A213046FFF728FE0028F1D0304600218B
:10C87000FFF788FE002070BD0820FCE70720704706
:10C88000072070470720704730B5012303FA01F1F4
:10C89000CA43BFF35B8F50E8003F03EA020440E85D
:10C8A0000045002DF7D1BFF35B8F01EA030000388C
:10C8B00018BF012030BD38B50446031D0025BFF365
:10C8C0005B8F53E8002F43E800510029F9D1BFF3F3
:10C8D0005B8F04F59C70F5F711FF2572BFF35B8F3A
:10C8E00054E8003F44E80052002AF9D1BFF35B8FBF
:10C8F00020460121BDE83840FFF744BE70B500F185
:10C90000700605460C4607220968304602F0B2FD63
:10C91000B8B963681A682A679A88A5F874209B7961
:10C9200085F87630D5F8A4305BB1A268934208D080
:10C9300062681168C3F801109188A3F80510927914
:10C94000DA7170BD2DE9F84FDDF82C80BDF8289024
:10C95000044692461F46FFF7A8FD054600285CD016
:10C96000061DB9F1000F27D15AEA070324D103218C
:10C970003046FFF7A1FDF8B101213046FFF79CFDDD
:10C98000D0B12C7D6B7B9C4228BF1C46224605F112
:10C990004701404602F038FD0F2C06D8C4F11002C2
:10C9A000494608EB040002F056FD30460121FFF72E
:10C9B000E9FD0120BDE8F88FD4F8A43083B904F173
:10C9C000700B217A5A462020EDF766FAC4F8A400CD
:10C9D00030B9217A5A460120EDF75EFAC4F8A40076
:10C9E000B9F1000F0CD15AEA070709D1D4F8A41005
:10C9F00031B14B8A9B0603D50C7C1E312246C8E719
:10CA00000F213046FFF758FD20B1022206212046B3
:10CA1000E9F7DCFF2846FFF74EFF0020CAE76FF07A
:10CA200085007047F8B5031D06460F4618460221DB
:10CA3000FFF742FD044620B1B6F8E840B4FA84F4AA
:10CA4000640903211846FFF737FD58B139463046CF
:10CA5000ECF778FF052194B1D6F8EC00E9F78CFCEF
:10CA60000020F8BD01211846FFF726FD0028EDD172
:10CA70000F211846FFF720FD0028E7D1EAE73046EE
:10CA8000FFF7B9FD054688B101210C30E5F7E2FD5D
:10CA9000234607702246294606F1EC00FEF797FC74
:10CAA0000028DDD02846E5F7B3FCD9E76FF0680031
:10CAB000D7E770B504460820ECF7D2FA0546E0B196
:10CAC000061D08213046FFF735FDBCB30721FFF7EF
:10CAD00031FD234605F1970204F1200153F8040BC0
:10CAE00042F8040B8B42F9D10A213046FFF7E4FCEF
:10CAF00070B109213046FFF745FD0720ECF7B0FA89
:10CB00000446E8B1ECF7FCFAD0B10821204612E067
:10CB100010213046FFF7D0FC09210028EAD1304629
:10CB2000FFF7CAFC0028E8D02846FFF7A0FD014621
:10CB30000028E2D02846FFF775FFDEE70B21F9E772
:10CB400070BD2DE9F0410E460446D0F8EC80ECF7BC
:10CB500095FAF768261D05460A213046FFF794FE30
:10CB600038B16DB920463978ECF7ECFE0020BDE80D
:10CB7000F0810B213046FFF787FE0028F1D1F1E765
:10CB80002B69002BEED040469847EBE770B5044682
:10CB9000A0F1EC0650F84C3BE83CD3F8A450F5F774
:10CBA000ADFD03212046FFF787FCA0B108213046E8
:10CBB000ECF7C8FE3DB16B8A13B16B7C9B0702D5C5
:10CBC0002846EDF747FA30464FF4B872BDE870409A
:10CBD000002102F040BC01212046FFF76DFC002837
:10CBE000E4D10F212046FFF767FC0028DED1E1E702
:10CBF00010B508210446A0F59C70ECF7A3FEA4F53F
:10CC00009A700421BDE81040FFF7BCBC70B5044623
:10CC1000FFF74BFC0546002875D0061D0321304662
:10CC2000FFF74AFC00286ED0D4F8A40008B1EDF755
:10CC300011FA207A04F17001EDF7CCF8C4F8A400E1
:10CC400028B928460821BDE87040FFF7EBBE0E2149
:10CC50003046FFF731FC28B1D4F8A420537C43F0D0
:10CC6000020353742B7A032B0DD8002B4CD1D4F82C
:10CC7000A420537C23F020035374D4F8A420537CC5
:10CC800023F001030DE0053B012BF0D8D4F8A420DC
:10CC9000537C43F020035374D4F8A420537C43F016
:10CCA000010353742B7D697BD4F8A4208B4228BFE9
:10CCB0000B46137405213046FFF7FEFBD4F8A42081
:10CCC000537C40B343F0100353740D213046FFF7FB
:10CCD000F3FBC0B1D4F8A4002021EDF77FF9D4F81C
:10CCE000A43005F147021E33573552F8041B43F8B0
:10CCF000041BAA42F9D1D4F8A42000235361936104
:10CD0000D4F8A420938370BD05213046FFF7D4FBEF
:10CD10000028ACD0C0E723F010035374F3E710B53C
:10CD2000431E00F11002073013F8011F12F8014DE5
:10CD30001C7083421170F7D110BDF0B597B0144646
:10CD40000E462022014605A81D461C9FEDF7A4F9BA
:10CD5000202231460DA8EDF79FF92146102201A8A7
:10CD60008DF85450EDF798F93B46412205A901A8EA
:10CD7000EDF754FA044610B93846FFF7D0FF2046C5
:10CD800017B0F0BD2DE9F04397B00446164605A84C
:10CD900010221D46DDE91F98219FEDF77DF9102235
:10CDA000314609A8EDF778F9102229460DA8EDF7CC
:10CDB00073F91E99032211A8EDF76EF94946D9F8C7
:10CDC000010011F8013B8DF8473012908B88ADF8C7
:10CDD0004C30062212A8EDF75FF94146062211F801
:10CDE000013B8DF84E30D8F80130CDF84F300DF1C1
:10CDF0004F008B88ADF85330EDF74EF921461022E5
:10CE000001A8EDF749F93B46412205A901A8EDF734
:10CE100005FA044610B93846FFF781FF204617B0DF
:10CE2000BDE8F083F0B59DF814600446014418464F
:10CE30008C4200D1F0BD14F8013B082558403EB1AA
:10CE400040F30003134083EA5000013DF7D1EFE7C0
:10CE500047B24300D8B2002FB8BF5040F5E738B50D
:10CE60000446807AE5F7F0F86169054649B1637ACE
:10CE7000DB0704D4436A1B6820469B68984700235D
:10CE8000636121462846BDE8384001F058BB30B503
:10CE90000906847D054614D414F0400016D0A98AF2
:10CEA000C3F30A00C1F30A01884222D802F003004A
:10CEB000022809D003280AD0012811D004F001006B
:10CEC00004E014F02000E9E7C4F3800030BD14F062
:10CED0000200FBD013F4C05F09D0C4F30010F5E7E3
:10CEE00014F0080205D013F4C05FEFD0F5E701207D
:10CEF000ECE70020EAE7BFF35B8FD0F8A000BFF3B8
:10CF00005B8F00F001007047BFF35B8FD0F8A0008B
:10CF1000BFF35B8FC0F340007047026902F1A003CA
:10CF2000BFF35B8FD2F8A020BFF35B8FBFF35B8FA3
:10CF300051B153E8001F41F0040143E80012002AF8
:10CF4000F7D1BFF35B8F704753E8001F21F0040156
:10CF500043E80012002AF4D0F6E701F00F030906B7
:10CF6000026948BF103352F823007047007EC0F3B7
:10CF700000107047037E61F304130376704708B511
:10CF800002691046FFF7B7FF60B9087F00F00F0392
:10CF9000000648BF103342F82310084601F0BBFAE0
:10CFA000002008BD6FF00C00FBE700220023F4F71F
:10CFB0001DBC01F0CEBA01F0B7BA08B508B9EDF75B
:10CFC00067F9407EC0F3C00008BD08B508B9EDF7A9
:10CFD0005FF9437E23F00803437608BD1FB504695B
:10CFE0008DF80410CDE90220D4F8983001A99847B3
:10CFF00004B010BD1FB5034609B9EDF749F904693E
:10D0000006208DF804002046CDE90213FFF773FFD8
:10D0100040B1C1F81E20D4F8982001A918469047C5
:10D0200004B010BD4FF0FF30FAE738B505460C46A6
:10D030002046FFF7BAFF014600B938BD6FF0700215
:10D040002846FFF7D7FFF3E72DE9F84306690746BF
:10D05000D6F80090D6F840800D464FF0FF324FF0E2
:10D06000FF3306F18400F4F749F94046FFF79DFFCE
:10D07000014618BB4846FFF798FF044620BB99F8C5
:10D08000183023F0100389F8183098F8183023F07E
:10D09000100388F8183024BB012286F8B020EDB1C7
:10D0A0002B68C6F8A8306B68C6F8AC3086F8B1209B
:10D0B00038698430BDE8F843F4F7E8B96FF06702E7
:10D0C0003846FFF797FFD0E7637EDB07D7D46FF0D2
:10D0D000670221463846FFF78DFFCBE786F8B1504F
:10D0E000E6E72DB10822294604F10C00FCF7FEF812
:10D0F000002221463846FFF77DFFD9E72DE9F843A6
:10D100000546D0F80890884614461F46FFF725FFCD
:10D110000646002835D0D9F83C3028469847414685
:10D120003B8822463046FFF7B2FE804690B18BB96D
:10D130002B6993F88030DB0758BF402204F00304CA
:10D1400046BF4FF480624FF400711146022C0DD09F
:10D15000032C11D02846D9F840309847B8F1000F79
:10D1600014BF00206FF08500BDE8F883B38A8B42BE
:10D1700028BF0B463B80EDE7B38A934228BF134696
:10D18000F8E76FF01200EFE72DE9F0470546D0F819
:10D1900008A0894690461F46FFF7DFFE044618B3F5
:10D1A000067EF3071DD43B4642464946FFF76FFE15
:10D1B000D0B19DF8203084F81D8026F00606E78364
:10D1C00084F820302676DAF8183021462846984729
:10D1D000227EB0FA80F35B0963F300022276BDE899
:10D1E000F0876FF07700FAE76FF01200F7E72DE9AC
:10D1F000F3411F464B06D0F8088004460D461646FC
:10D200001BD0D8F83C3098472069FFF77DFE88B1E5
:10D210009DF82030009329463B4632462046FFF7D2
:10D22000B3FF0546D8F8403020469847284602B05C
:10D23000BDE8F0814FF0FF35F4E76FF01505F5E735
:10D2400070B505468668FFF788FE044688B1037E00
:10D25000DB0711D50146F3692846984738B1237E8C
:10D2600003F00103227E63F30002227670BD0346C1
:10D27000F8E76FF01200F9E76FF07700F6E770B5A6
:10D280004B06866804460D4612D0F36B984720691A
:10D29000FFF731FE48B129462046FFF7D1FF05468A
:10D2A000336C20469847284670BD4FF0FF35F7E7AE
:10D2B0006FF01505F7E770B586680546F36B0C4609
:10D2C00098472869FFF720FEB0B121462846FFF7AE
:10D2D00044FE014698B1037EDB0710D5437F03F07F
:10D2E0000303012B0ED0F3682846984704462846CE
:10D2F000336C9847204670BD4FF0FF34F7E76FF06E
:10D300001204F4E76FF08504F1E7F8B58768064684
:10D31000FB6B0C4698473069FFF7F6FDE0B12146FC
:10D320003046FFF71AFE0546C8B1037EDB0716D567
:10D33000437F03F00303012B14D001463B693046C1
:10D340009847044618B92B7E60F341032B7630468C
:10D350003B6C98472046F8BD4FF0FF34F7E76FF07D
:10D360001204F4E76FF08504F1E72DE9F0418668D7
:10D370000769F36B05460C4698472869FFF7C4FD1B
:10D38000B0B30CB9ECF784FF94F8188028464146F6
:10D39000FFF7E3FD014670B3037EDA072BD518F0E3
:10D3A0007F0F20D197F8B030EBB1637EDB0717D544
:10D3B00097F8B13033B1082207F1A80104F10C004D
:10D3C000FBF794FF002287F8B02021462846FFF79C
:10D3D00011FE04462846336C98472046BDE8F0818C
:10D3E0006FF06702F1E77368224628469847F0E736
:10D3F0004FF0FF34EEE76FF01204EBE770B586688C
:10D4000005460C46F36B984721462846FFF7A5FDD5
:10D4100048B101F09EF8B0FA80F464092846336CF4
:10D420009847204670BD0124F8E770B58668054628
:10D43000F36B0C4698472869FFF75DFD80B12146E4
:10D440002846FFF78AFD014668B104681CB1B3683D
:10D450002846984704462846336C9847204670BDB6
:10D460004FF0FF34F7E76FF01204F4E708B50369F3
:10D470001B680021DA8BECF71FFF28B1437E23F0F5
:10D48000070343F00103437608BD08B539B90369C2
:10D490001B68DB8B013A1A44B2FBF3F25A43ECF7F8
:10D4A0000BFF28B1437E23F0070343F002034376CA
:10D4B00008BD08B561B903691B68DA8BECF7FCFE9F
:10D4C00028B1437E23F0070343F00403437608BDED
:10D4D0000022F3E770B586680D46F36B0446984763
:10D4E0002846E4F795FF2046336C9847002070BD2E
:10D4F00070B586680546F36B98472869FFF704FD09
:10D50000044620B133683BB1284698470446284674
:10D51000336C9847204670BD0124F8E7F8B587685A
:10D520000669FB6B044698472069FFF7E4FCD8B115
:10D530002069FFF7E9FCD0B9FB6A20469847054609
:10D5400068B9BFF35B8F06F1A00353E8001F41F0F9
:10D55000020143E80012002AF7D1BFF35B8F204697
:10D560003B6C98472846F8BD4FF0FF35F7E76FF062
:10D570007705F4E7F8B587680669FB6B04469847BA
:10D580002069FFF7C1FCB0B13B6B20469847BFF361
:10D590005B8F054606F1A00353E8001F21F002014E
:10D5A00043E80012002AF7D1BFF35B8F20463B6CA3
:10D5B00098472846F8BD6FF07705F7E72DE9F04169
:10D5C0000546D0F80880066914460F4631B32AB3E1
:10D5D000D8F83C3098472869FFF78DFCD8B9C6E9E0
:10D5E00026742846D8F834309847044660B9BFF30B
:10D5F0005B8FA03656E8003F43F0010346E8003257
:10D60000002AF7D1BFF35B8FD8F8403028469847FF
:10D610002046BDE8F0816FF07704F5E76FF0150460
:10D62000F6E7F8B587680669FB6B044698472069FA
:10D63000FFF76AFCD0B92069FFF75DFCC8B1BB6B8E
:10D6400020469847BFF35B8F054606F1A00353E8D9
:10D65000001F21F0010143E80012002AF7D1BFF3B7
:10D660005B8F20463B6C98472846F8BD6FF00F054E
:10D67000F7E76FF07705F4E74FF08053D3F83021E8
:10D68000082A05D1D3F83401003818BF01207047AB
:10D690000020704708B500F0F5FDF1F7DFFD002030
:10D6A00008BD01238B40BFF35B8F50E8002F1A4366
:10D6B00040E800210029F8D1BFF35B8F7047006973
:10D6C0008430F3F7E3BE006984304FF0FF324FF04F
:10D6D000FF33F3F713BE10B5807A0C46E4F7B4FCC1
:10D6E000436A21465868BDE81040F3F72BBAF7B5F6
:10D6F0000D46807A17461E46E4F7A6FC2C68436A5E
:10D70000033424F0030258682A600421CDE900762E
:10D71000F3F7F2F900B9286003B0F0BDF4F7F0B800
:10D72000F8B5069F04690546C9B2EFF3118C402095
:10D7300080F31288BFF36F8F0C2606FB0146B06C96
:10D7400000F0070EBEF1010F11D1B76400268CF373
:10D750001188BFF36F8F46B90C2000FB0144C4E968
:10D7600010236B6853F8313098473046F8BD00F00D
:10D77000C00087420CBF6FF077064FF0FF36E6E738
:10D7800013B580240094FFF7CBFF02B010BD0069F1
:10D79000CBB200EB4310002110471046F4F7B0B8AD
:10D7A00000F0E4BB00F0E3BB8022EEF791BB4FF446
:10D7B000AF607047002208B511461046F9F71AFA13
:10D7C000002818BF6FF0150008BD43685B68D3F8E8
:10D7D00010350B600020704743685B6802EA010067
:10D7E00021EA0201C3F80805C3F80C1500207047B0
:10D7F00043685B680020C3F80815704743685B689E
:10D800000020C3F80C15704743685B68D3F8042503
:10D8100021EA02001140C3F80805C3F80C150020E6
:10D820007047F1F7DDBB13B54FF080520829136E36
:10D83000526E28BF082112BA00921BBA0C460A4643
:10D840006946019301F0E0FD204602B010BD37B5F6
:10D850000446002201210320E4F7EEF863685D69C5
:10D8600001AA0021284600F0D4F800280DDB019B16
:10D870002A6819791868EFF739F9002805DB20467E
:10D8800003B0BDE8304000F06FB803B030BD02789F
:10D890000B69012A07D0022A08D052B95A6603F14F
:10D8A0005400F4F72DB86FF00402F7E76FF00A02A6
:10D8B000F4E76FF08B02F1E72DE9F04F056985B0D1
:10D8C00006460C469046039305F144094FF0FF329B
:10D8D0004FF0FF334846F4F791F805F1540A00225F
:10D8E00000235046F4F78AF82846F2F78FFC002709
:10D8F00008F1FF3BB84501D8002323E0BB4581BFB9
:10D90000237DC3F3800383F00103DBB298BF0023C0
:10D910000193039B0093D4E90023217A304600F061
:10D9200049F8034670B94FF4804200235046F4F79B
:10D9300065F898B12846F2F795FC304600F032F8C9
:10D940006FF0040328460393F2F78CFC4846F3F784
:10D95000D7FF039B184605B0BDE8F08F6B6E0C3403
:10D96000002BEDD10137C5E7416803460A6900691C
:10D97000F2F7EEBBCA07036905D4C1F34202012ADC
:10D9800004D0022A0AD06FF0150070471A684FF0D1
:10D99000CC70C2F824051964002070471A684FF053
:10D9A000CD60F6E703691B68D3F80805D3F80C15BA
:10D9B000F2F7B4BD2DE9F04186B00C4607699DF839
:10D9C00034801546002112220DF106001E4601F09A
:10D9D00042FDBDF830208DF8052004F0010314F05D
:10D9E00008028DF80430029604950FD1A10704D4E3
:10D9F000B8F1000F08D14BB9202201A93846F2F73F
:10DA000069FC06B0BDE8F0814022F6E76FF08500C2
:10DA1000F7E730B543681360057A446804EBC50442
:10DA2000A34202D36FF0010030BD5C798C4203F158
:10DA30000803F0D10020F7E71FB540BA0023ADF886
:10DA40000C0000933122FF23022103A8FFF7EAF91B
:10DA500005B05DF804FB1FB54368022249BA186897
:10DA6000ADF800109B88CDF804D002928DF80C2000
:10DA70009DF80C20816842F002028DF80C208C6821
:10DA8000012201A9A04704B010BD10B543680446A7
:10DA9000186800F0CEFCD0B143F241012046FFF7F8
:10DAA000DAFF002802DA6FF0040010BD4FF47A703C
:10DAB00000F0BBFC42F230112046FFF7CCFF0028FB
:10DAC000F1DB43F6982000F0B0FC0020EDE76FF0AA
:10DAD0001500EAE710B50269126A8B00D46803F0FA
:10DAE000FC030C221021A0470028B4BF6FF00400F3
:10DAF000002010BD10B503691B6A0429DC6809D138
:10DB000002230E221121A0470028B4BF6FF00400A9
:10DB1000002010BD890001F0FC03F2E737B504696D
:10DB2000236A6A461D6828210623A8470028A1BF4A
:10DB3000BDF900302360BDF902306360A3BFBDF9B9
:10DB40000430A36000206FF0040003B030BD37B58F
:10DB50000469236A6A461D6822210623A847002813
:10DB6000A1BFBDF900302361BDF902306361A3BFDD
:10DB7000BDF90430A36100206FF0040003B030BD94
:10DB8000072910B504460BD04C2905D003290BD129
:10DB9000BDE81040FFF7C2BFFFF7C0FF38B920460D
:10DBA000BDE81040FFF7D3BF6FF0850010BD6FF0E8
:10DBB0000400FBE770B503290569144605D90B1F5E
:10DBC000032B22D96FF085000DE0EE680229324662
:10DBD0000AD003290AD0012914BF296869682046A0
:10DBE000E2F72AF9002070BDA968F8E72968204605
:10DBF000E2F722F96968324604F10800E2F71CF9FD
:10DC0000A968324604F11000EAE7EE6906293246B7
:10DC100009D0072909D0052914BF29696969204657
:10DC2000E2F736F9DEE7A969F9E729692046E2F764
:10DC30002FF96969324604F10800E2F729F9A96968
:10DC4000324604F11000EBE7F0B40C2707FB021496
:10DC5000866814F8045C45F0020504F8045CB468B6
:10DC6000A446F0BC604730B589B044688DF8071011
:10DC70000DF1070102910121606803911D46002109
:10DC800023898DF81010CDE9052502A902228DF80F
:10DC90001C20FFF7D9FF09B030BD30B589B044680A
:10DCA0008DF807100DF107011D46029101216068F2
:10DCB00023890391CDE90525002107228DF8101055
:10DCC0008DF81C2002A90222FFF7BEFF09B030BD6B
:10DCD00010B588B043688DF807100DF10701029167
:10DCE000012158681B890391CDE9052107228DF890
:10DCF0001C200024022202A98DF81040FFF7A4FF87
:10DD000008B010BD2DE9F0471F46436888B0D3F82E
:10DD1000048093F808A08DF80410002301268DF8E4
:10DD200010300DF10303CDE9053607230D461446E7
:10DD30000DF104098DF81C300222534602A9404619
:10DD4000CDF808900396FFF77FFFB8B99DF8032040
:10DD500022EA04033C401C43A2420FD00223039357
:10DD60008DF810303246534602A940468DF80450D3
:10DD70008DF80540CDF80890FFF766FF08B0BDE8C4
:10DD8000F0874379014623B151F8060B83681B687D
:10DD900018476FF08500704737B52A294568046930
:10DDA00001D04C2914D16846D4E9062300F0EAFCDE
:10DDB000DDE90001F5F72CFE2846FFF7E2FF48B940
:10DDC000286883685B68214603B0BDE83040184787
:10DDD0006FF0850003B030BD0120704710B54FF0E3
:10DDE000FF304FF0FF31EFF7B7FD044628B9D4F705
:10DDF000CFF9044618B1EFF7B7FD204610BDEFF795
:10DE0000B3FD2046E6F794F8F7E738B50B8A0D46E0
:10DE10003BB101F10C00FBF78CFA012818D0022865
:10DE200003D06FF01504204638BD4FF0FF304FF09F
:10DE3000FF31EFF791FD04460028F4D1E868DEF7E2
:10DE40000FFD0446EFF790FDACB1EFF7A7FEEAE750
:10DE50004FF0FF304FF0FF31EFF77EFD0446002812
:10DE6000E1D1E868EFF740FF0446EFF77DFD002CB5
:10DE7000D9D1EFF793FE2846E4F7CAFA0024D2E797
:10DE8000EFF7C4BE10B532220446002101F0E3FAD8
:10DE9000202323708023A3706FF03F03637104235A
:10DEA000A3722823A3730223E3730423A3756FF0E3
:10DEB000480363760323A3766FF01F03E3760E23F4
:10DEC0002377302384F82030402384F821307923CD
:10DED00084F822307E2384F82330802384F826308F
:10DEE000042384F8273010BD08B50323DDF776F945
:10DEF000002008BD08B5F0F70FFA002008BD08B5EE
:10DF0000F7F744FE48B1002383F31188BFF36F8F06
:10DF10000423184602DF6FF0040008BD684620F0B5
:10DF200007018D4601B5DCF737F9BDE801408546AC
:10DF30007047684620F007018D4601B5DCF720F9EF
:10DF4000BDE8014085467047684620F007018D46D0
:10DF500001B5DCF703FFBDE801408546704708B511
:10DF6000E1F7F3FA002008BDF8F7A2BD70470020E2
:10DF7000F0F71ABB7047DAF79DBD0020704710B567
:10DF800021F040010C29046904D1DDF731F920604A
:10DF9000002010BD6FF08500FBE74FF08053D3F8F1
:10DFA0003021082A03BFD3F83401B0FA80F04009C9
:10DFB0000020704703460020184700F036BA10B51D
:10DFC00002461168B1B1BFF35B8FB1FA81F3C3F1BF
:10DFD0001F000123834021EA030352E8004F8C42D3
:10DFE00004D142E8003CBCF1000FF6D1BFF35B8FD7
:10DFF000E7D110BD6FF00B00FBE710B50368CB4015
:10E00000DB0714D401238B400268BFF35B8F43EA24
:10E01000020150E8004F944204D140E8001CBCF1DA
:10E02000000FF6D1BFF35B8FEED1002010BD6FF073
:10E030001500FBE743090AD0012B0BD14FF6FF7304
:10E0400000F01F0023FA00F000F0010070474FF0CD
:10E05000FF33F5E70020704710B504460846F0F797
:10E06000EFFB04EB4004207DC0F3401010BD10B561
:10E0700004460846F0F7E4FB04EB4004A08A00F0F5
:10E080001C00003818BF012010BD10B5044608461A
:10E09000F0F7D6FB04EB4004207DC0F3400010BD38
:10E0A00010B50446FFF7F1FF20B12046BDE810404F
:10E0B000FFF7D2BF10BD10B504460846F0F7C0FB0D
:10E0C00004EB4004A08A400B10BD70B5044608461E
:10E0D0001646F0F7B5FB08300D4634F81030DA0577
:10E0E00009D5C3F3432304EBC302314654F833305C
:10E0F000526828469847A3682BB1E2683146284603
:10E10000BDE87040184770BD2DE9F341019001A8AA
:10E11000DDE908580C4617461E46F0F7D5FB019B73
:10E12000391E18BF012100EB8300231E18BF0123F5
:10E13000002E43EA41030CBF00210C21002D43EACD
:10E1400001030CBF00214FF4E061B8F1000F43EA76
:10E150000103D0F800270CBF00214FF440310B43DE
:10E1600022EA030304B124780FB13F787F001C43F7
:10E170000EB13678B6003C438DB12978090234439C
:10E18000B8F1000F03D098F800804FEA0848214307
:10E1900041EA0801C0F8001702B0BDE8F081294645
:10E1A000EDE71FB50DF10F03019300238DF80F105C
:10E1B00000931A461946FFF7A7FF05B05DF804FB68
:10E1C0002DE9F047002504468846D7B22E464FF089
:10E1D0000109AA46AF420CD1D4F87C3133B10023F7
:10E1E000C4F87C31D4F87C3146F000463046BDE8B6
:10E1F000F0872846F0F79CFBA0F580739B0809FA8E
:10E2000003F318EA030F05D022581AB144F800A00E
:10E2100022581E430135EDB2DCE738B504460D4601
:10E22000FFF71AFFA8B12046FFF72FFF88B9204655
:10E23000FFF741FF226801238340C2F808332368B7
:10E2400003EB8000D0F8103523F00303C0F810353D
:10E2500038BD28460021BDE83840FFF7A2BF00F1D5
:10E2600080431A68002A1FBF00221A601B68012021
:10E2700008BF002070474FF080434FF46072C3F82E
:10E28000042370474FF080434FF46072C3F80823B3
:10E29000704708B5F1F70CF8BDE80840FFF76BBE12
:10E2A00010B5A1F58074A4080123A34018400AD03A
:10E2B00001F1804101F5E041086820B100200860CB
:10E2C00009680AB9012010BD116819431160F9E706
:10E2D00008B500210120F1F729F90028F9D008BD7F
:10E2E00030B5D0F804312BB10023C0F80431D0F898
:10E2F0000431012391F82F2022B30022C0F82421F9
:10E30000D0F82441C0F81C21D0F81C41C0F80821E5
:10E31000D0F80821002B79D0002281F82D2091F827
:10E320002F20002A37D14D6B8C6AA5421FBF0523D1
:10E33000C0F80025C0F80035134683F0010381F8CA
:10E340002F3028E0D0F8244114B1C0F824210EE089
:10E35000D0F81C216AB3C0F81C41D0F81C214A6BCC
:10E3600001324A63D0F8245145B1C0F82441D0F8B5
:10E3700024210122426181F82F20CBE78C6AA2423E
:10E3800004D24C6AA25CC0F81C25C3E791F82C208B
:10E390001AB10123C361002030BD0A6A12F0400F98
:10E3A0004FF0010203D0C26181F82D20F3E74261F2
:10E3B000B0E7D0F80841002CACD0C0F80821D0F864
:10E3C0000841D0F82441002CBFD14A6B8C6AA2428C
:10E3D000A0D24C6AD0F81855A5544A6B8C6A013209
:10E3E000651EAA424A6308D10A6A540602D4022270
:10E3F000C0F80022012202628CE7A242FAD10A6A26
:10E40000520687D5022381F82D30C4E70120C3E7E7
:10E4100007B5019001A8F2F755F8019A012393403E
:10E42000C0F8083503B05DF804FB08B1E4F7B4B9EF
:10E43000704740B1C368587810F001001EBF1878CB
:10E44000B0FA80F040097047EFF31183402383F363
:10E450001288BFF36F8FFEE708B5FFF7F5FF10B422
:10E4600000F10C04C0E903440024446110BCE2F74D
:10E47000E5B810B582696AB1C36842EA0301890749
:10E4800008D14169A2FB011424B95B182CBF0121FA
:10E49000002102D36FF0150005E001619B1A42696B
:10E4A0008A4201D8002010BD02691A6082690361A6
:10E4B00001319B1AF3E710B5C0E905320023C160B2
:10E4C000C36183600446FFF7D4FF08B9C4E9004480
:10E4D00010BD13B501240094F2F73EFD02B010BD4B
:10E4E00090F90E308B4201D0F4F758BF00207047EE
:10E4F00003460020C3E90200C3E90033704710B5AA
:10E50000044630B10268930703D0446809B100F0B3
:10E510008FF9204610BD0023C0E90033836000F16D
:10E520000C03C0E90333704707B5012300930023B0
:10E530000A461946F3F79CF803B05DF804FB07B5EB
:10E5400000230A4600931946F3F792F803B05DF8EA
:10E5500004FB00680021FFF7D2BF3AB18A4205D31D
:10E56000C0E90212C0E90000002070476FF01500FA
:10E570007047026801238B4022EA0303036022FAFA
:10E5800001F000F001007047704710B50321044608
:10E590000C30FFF7EEFF30B104F11000F5F73AFF51
:10E5A000B0FA80F0400910BD20B100221146C430FD
:10E5B000F5F7F6BB704770B5C368C3F340069B0719
:10E5C000044616D4856802210C30FFF7D2FF80B1D3
:10E5D000D5F8BC206AB194421DD122689EB9D5F805
:10E5E000C030C5F8BC209C4201D1C5F8C020002332
:10E5F0002360E36813F01F001EBF43F00203E360D3
:10E6000040F0020070BD3260D5F8C020944208BFCF
:10E61000C5F8C060EBE716461268DBE710B5F3F704
:10E62000A7FD041E08DDEFF31180402383F3128859
:10E63000BFF36F8FF4F78CFF204610BDEFF305801A
:10E64000003818BF01207047D0E9003213605A60CB
:10E650000023C0E90033704738B504460D46F4F78F
:10E66000C7FB237C43F002032374D5B1A5602B685C
:10E670009D4209D16B68C4E900531C606C6010E0D6
:10E680006A689A42F6D01B68002BF3D093F90E10FB
:10E6900094F90E209142F3DD5A68C4E90032146007
:10E6A0005C6038BD10B5037C13F0280F04460CD114
:10E6B00083680BB1F4F776FC237C23F00403237406
:10E6C0002046BDE81040F4F72BBB10BDF4F724BC86
:10E6D00038B504680546AC424FF0000000D138BDA3
:10E6E000002CFCD02046F4F75DFC04F11800F5F78F
:10E6F00091FE2046F4F714FB2C680120A542EDE7BB
:10E7000008B50246F5F77CFD70B1D0E904319B1ADB
:10E7100061EBE272B3F1004F72F1000104DA002AFA
:10E72000ACBF1846002008BD6FF00040FBE708B5FD
:10E73000F5F7A0FF08BDF5F79DBFB3F1FF3F08BF98
:10E74000B2F1FF3F70B506461D46144614D01A4379
:10E7500016D0002B08DBF5F78DFF041941EB0501FE
:10E76000C6E90041304670BD6FF001031C1B4FF03D
:10E77000FF3363EB0501F3E74FF0FF342146EFE78A
:10E780000024FBE7B3F1FF3F08BFB2F1FF3FF8B54C
:10E79000074616461C4610D054EA020311D0F5F77E
:10E7A00069FFB0420A46A14103460AD2F31A64EB5C
:10E7B0000204C7E900343846F8BD4FF0FF331C4669
:10E7C000F7E70023FBE70023C0E9081200F1180275
:10E7D000C0E90622C0E9003303634363704710B504
:10E7E0000446D0E918020B6812F0010F03EA000397
:10E7F00001D0984210D17BB12366520742BF4A68CC
:10E800001A434A6004F11800F5F704FE0023C4F827
:10E81000B4302046FFF746FF002010BD0A46F6F749
:10E8200027B90A460021F6F723B95200F6F76AB96C
:10E8300020B1011F50F8040CF2F784B970477047FB
:10E8400000207047704710B5044608B1F6F762FC27
:10E850002046BDE81040F6F74DBC0346C068F8B14D
:10E860005888E8B11B8803F44F42B2F5824F02D0BA
:10E87000B2F5884F09D1DBB2272B2AD008D8172B45
:10E880000FD0222B34D0122B16D06FF0850070479A
:10E89000302B2FD0413B012BF7D8FF2839D1002056
:10E8A0007047C028FBD0E128F9D0B0F5807F14BFB5
:10E8B0006FF086000020704720F02003C02BEED0C0
:10E8C00020F08003B3F5807FE9D040F2092398421D
:10E8D000EDE7E928E3D0EF28E1D040F21B1398429E
:10E8E000DDD040F299139842D9D040F23B23EEE7B5
:10E8F000E928F1E720F02003C02BD0D020F040031E
:10E90000B3F5807FCBD0B0F5C07FC8D0B0F5007F25
:10E91000CDE7B0F5E07FCAE73AB1002918BF002380
:10E92000D21A2121184400F096BD70472DE9F04F0E
:10E9300089B09B4600238DF81B30159BDDF8508075
:10E94000002B91460B460D460CBF4FF400624FF46E
:10E95000806207A9DDE912A7F6F77EFD0446D0B96B
:10E96000079E0DF11B0231882846F6F7F1FD04469B
:10E9700088B99DF81B30BB421FD8CDE90338CDE9DB
:10E9800001BACDF80090D6E909122B463046F7F7C8
:10E9900079FA044608B1C8F80070D8F800303A4651
:10E9A00021465046FFF7B8FF0798F7F755FA002CB5
:10E9B00018BF204609B0BDE8F08F6FF08904EAE780
:10E9C00041F2062398421AD8B0F5905F09D241F27D
:10E9D000010398420CD0B0F5885F09D06FF0850034
:10E9E0007047A0F5905080B26923C340DB07F5D58E
:10E9F00011F0070F14BF6FF0860000207047B0F5CC
:10EA0000105FEBD121F04003802B06D0B1F5807F61
:10EA100014BF6FF08600002070470020704770B56B
:10EA2000446A05460E463CB90120F6F75DFB686274
:10EA300028B1AE62204670BD6FF08A00FBE76FF030
:10EA40008C00F8E7F8B51E460F4603881546C2B19C
:10EA500003F4E043B3F5805F02D0B3F5005F10D15B
:10EA6000089BE90019600088FFF7AAFF044630B947
:10EA70002A463946304600F0C7FC079B1D602046F9
:10EA8000F8BD6FF08504FAE710B50446406A10B18E
:10EA9000A16AFFF7D8FE0020C4E9090010BD38B50F
:10EAA0000446FFF7F1FF237F012B0FD0023B012B20
:10EAB0000FD8236A012B14BF6FF0960500252C2276
:10EAC0000021204600F0C7FC284638BD236A002BF1
:10EAD000F1E76FF09605F2E738B514460288049D19
:10EAE00002F4E040B0F5805F07D0B0F5005F04D0DD
:10EAF00002F44F42B2F5824F0ED1AC420FD8184605
:10EB0000224600F081FC2A1B0021204400F0A3FCD7
:10EB1000059B00201C6038BD6FF08500FBE76FF09F
:10EB20008900F8E7F0B50F4685B01E461546CAB114
:10EB300000233360012203A9F6F78EFC044670B966
:10EB4000CDE9005603983B46D0E9091200F0CEF912
:10EB500004460398F7F780F9002C08BF04462046C6
:10EB600005B0F0BD6FF08904F9E770B50488049E24
:10EB7000154604F4E042B2F5804F22D124F440500F
:10EB800044F2010290420DD004F44F44B4F5824F98
:10EB900008D0B4F5844F05D0B4F5884F02D0B4F551
:10EBA0008E4F0ED1B5420FD818462A4600F02CFCE5
:10EBB000721B0021284400F04EFC059B00201D60C4
:10EBC00070BD6FF08500FBE76FF08900F8E7F0B5E6
:10EBD0000F4685B01E461546FAB1002333601A462B
:10EBE00003A9F6F739FC044688B9039803885B0447
:10EBF00010D5CDE900563B46D0E9091200F081F965
:10EC000004460398F7F728F9002C08BF044620466D
:10EC100005B0F0BD6FF08604F3E76FF08904F6E706
:10EC200010B50368044643B100F0C9F9002323601E
:10EC3000A3886FF30803A38010BD1846FCE72DE9F5
:10EC4000FF410C460168984600230546164603938B
:10EC5000002939D14FF4A872083000F0FCFBB8F15C
:10EC6000000F204633460CBF4FF400624FF4806221
:10EC700003A9F6F7F1FB0446B8B9039F2A1D3988AA
:10EC80003046F6F765FC044678B96B7968F3000303
:10EC90006B71D7E90923394600962846B8F1000F71
:10ECA0000FD0F7F707F9044610B12846FFF7B8FF71
:10ECB0000398F7F7D1F8002C18BF204604B0BDE840
:10ECC000F081F7F717F9EEE76FF08804EDE701231D
:10ECD000FFF7B5BF38B50368054614464BB132B1EE
:10ECE00000F058F9044610B12846FFF799FF204676
:10ECF00038BD6FF08804FAE72DE9F0411646026846
:10ED000005460F469846F2B14279D2071BD50279E3
:10ED1000CAB1B2421AD800F046F9044618B100232D
:10ED2000C8F800602B7137B1D8F800303246214660
:10ED30003846FFF7F1FD2846FFF772FF002C18BF99
:10ED40002046BDE8F0816FF08804E8E76FF08904A1
:10ED5000E5E71FB501240394089C0294079C0194E5
:10ED6000069C0094FFF7E2FD04B010BD2DE9F047CA
:10ED700088B005469A460023079325F0004323F404
:10ED80007F03B3F1106FDDE91096DDF84880084687
:10ED9000174623D12B464FF4804207A9F6F75CFBB8
:10EDA000044660B9CDE90368CDE901A90798009749
:10EDB000D0E909122B4600F00AF9044628B1314681
:10EDC0004846F6F783FDC8F800600798F7F744F85F
:10EDD000002C18BF204608B0BDE8F0876FF086040D
:10EDE000EDE7034608461B8803F4E043B3F5805F74
:10EDF000114602D0B3F5005F01D1F6F767BD6FF0A1
:10EE0000850070471C22002100F025BB034668B135
:10EE1000017F8A1E012A0BD80329026A03D1012A25
:10EE200001D1FFF73CBE1AB1013A1A6200207047C7
:10EE30006FF096007047C0B2002814BF6FF08500D5
:10EE40000020704700207047704700221A606FF062
:10EE50008600704700230B606FF0860070472DE935
:10EE6000F04147683F0A04460D461646984611D1C0
:10EE700007887F0407D44346324629462046BDE82A
:10EE8000F041FFF7AEBF00F0DEF810F1860FF2D0D0
:10EE9000BDE8F0816FF08600FAE72DE9F04F476892
:10EEA00085B03F0ADDE90E9ADDF840B004460D4614
:10EEB0001646984615D1CDE901ABCDF8009000F08B
:10EEC000B4F810F1860F0ED143463246294620464B
:10EED000CDE90FABCDF8389005B0BDE8F04FFFF7A6
:10EEE000B1BD6FF0860005B0BDE8F08F10B4446886
:10EEF000240A02D110BCFFF7EFBD6FF0860010BCF2
:10EF000070472DE9F34747683F0ADDE90A9A04464E
:10EF10000D461646984611D1CDE9009A00F077F8D3
:10EF200010F1860F0CD14346324629462046CDE9E2
:10EF30000A9A02B0BDE8F047FFF717BE6FF08600EF
:10EF400002B0BDE8F08713B504464868000A0AD14C
:10EF50000498009004F10800F7F774F808B91C232E
:10EF6000236002B010BD6FF08600FAE710B40468A9
:10EF70001C2C03D110BC0830F7F790B86FF0860056
:10EF800010BC704703681C2B02D1083000F061B937
:10EF90000020704703681C2B02D1083000F034B900
:10EFA0006FF08600704710B404681C2C03D110BCAD
:10EFB000083000F032B96FF0860010BC704703686B
:10EFC0001C2B02D1083000F034B90020704710B477
:10EFD0004468240A02D110BC00F043B96FF08600E7
:10EFE00010BC70470020704713B5002001AB1446D9
:10EFF000F7F792FE30B9019BA34218BF6FF0930060
:10F0000002B010BD6FF09200FAE70020704710B414
:10F01000048804F44F44B4F5824F02D110BC00F0D0
:10F0200045B96FF0850010BC704710B4048804F433
:10F030004F44B4F5824F02D110BC00F067B96FF0B5
:10F04000850010BC704710B4048824F0FF04B4F5A8
:10F05000E24F02D110BC00F0ACB96FF0850010BCDB
:10F060007047024612F8103B43F3C01303F08703C6
:10F0700012F8011D83EA4103904213704FEA1323F3
:10F08000F6D170472DE9FF4705468846144622B35E
:10F09000D0F8486100F5947786B9A0444FF0100984
:10F0A0000DF10C0A102CA8EB040237D82346394680
:10F0B000384600F0EEF8C5F848410EE0C6F11009F8
:10F0C0004A450FD8B91913460846424600F0E1F800
:10F0D000D5F848312344C5F848310026304604B0FD
:10F0E000BDE8F087B9F1000F08D0B91942464B4688
:10F0F000084600F0CEF8103EC844344403AB10225A
:10F10000019300923B4639462846FFF72FFF0646FB
:10F110000028C2D02846FFF735FFDFE71023394625
:10F12000384600F0B6F8CDE9009A3B461022394641
:10F130002846FFF71BFF06460028EBD1103CB1E73D
:10F140002DE9F0439846D0F84831102B174685B08A
:10F150000446894600F5947500F59C721CD1294639
:10F16000284600F096F803AB1022019300922B463C
:10F1700029462046FFF7FAFE064630B93A462946A8
:10F18000484600F041F9C8F800702046FFF7FAFE43
:10F19000304605B0BDE8F083C618104696F8283111
:10F1A00083F0800386F82831FFF75BFF10230246C7
:10F1B000D5E7F0B5D5B004460E46174600214FF40A
:10F1C000A67201A81D4600F046F921463B4632468C
:10F1D00001A8F6F7AFFE044680B95A9A294601A85D
:10F1E000FFF750FF044648B9DDE95C235B9901A8AD
:10F1F000FFF7A6FF0446204655B0F0BD01A8FFF773
:10F20000C1FEF8E7F6F7BCBE90F84C31022B01D1F5
:10F21000FFF738BF6FF08800704710B490F84C418A
:10F22000022C02D110BCFFF78BBF6FF0880010BC1E
:10F23000704710B590F84C31022B044607D1FFF708
:10F24000A1FE4FF4A8720021204600F004F900202E
:10F2500010BD08B54FF49072002100F0FCF80020BA
:10F2600008BD10B4048804F44F44B4F5824F02D1B1
:10F2700010BCF6F739BF6FF0850010BC704703462D
:10F280000144002013F8012B8B4240EA0200F9D11F
:10F29000704730B50B4411F8014B12F8015B9942ED
:10F2A00084EA050400F8014BF5D130BDF8B50546F8
:10F2B00014462F8807F4E04CBCF5804F1846DDE972
:10F2C000063606D19A421ED800F09EF8346000201F
:10F2D000F8BD47F21212974202D06FF08500F7E7AF
:10F2E000640001349C420ED86B8834600422B3F56C
:10F2F000807F0270F1D10130F7F774F80028E6D072
:10F300006FF08600E4E76FF08900E1E72DE9F04156
:10F310001F460388DDF820800E4644F212118B420E
:10F32000154642882ED047F212118B423BD102B9CA
:10F33000EA00B2F5807F36D1202D03D06FF0860031
:10F34000BDE8F08129463046FFF799FF0028F5D047
:10F350003046F7F733F80028F0D1D8F8004034F4FD
:10F360008074EBD1069B9D4220D82A463146384610
:10F3700000F04AF8079B1D604FF48073C8F8003016
:10F380002046DDE71AB9EB07D8D56A08D200B2F5F6
:10F39000807F08D1412DD1D13378042BCED1701C80
:10F3A000F7F716F8D7E76FF08500C9E76FF0890027
:10F3B000C6E7F8B50C46478801881E4647F2121387
:10F3C000FD1D99424FEAD50502D06FF08500F8BDCA
:10F3D000954216D829462046F6F778FA0028F6D145
:10F3E00029462046FFF74BFF0028F3D0B7F5807F72
:10F3F000EBD12046F6F7E2FF0028EBD12023336063
:10F40000E5E76FF08900E2E70A44914200F1FF333B
:10F4100000D1704710B511F8014B03F8014F91422C
:10F42000F9D110BD884210B501EB020402D9844223
:10F43000234607D8431EA14207D011F8012B03F839
:10F44000012FF8E70244824200D110BD13F8011DDC
:10F4500002F8011DF7E702440346934200D17047CA
:10F4600003F8011BF9E7044608B5F9F705FC204647
:10F47000E2F7A0FD10B501390244904201D100200D
:10F4800005E0037811F8014FA34201D0181B10BD0D
:10F490000130F2E710B50139034632B111F8014FDE
:10F4A00003F8014B013A002CF7D11A440021934292
:10F4B00000D110BD03F8011BF9E710B50246014465
:10F4C0008A42134603D01C780132002CF8D1181A56
:10F4D00010BDF0B5C3F137070446FFB203F01F03B8
:10F4E0001046082BE6B233D0102B3ED06508A40896
:10F4F00044EA817445EAC1752D194FEA910242EB45
:10F500005102290941EA02716D1842EB1212290ACF
:10F5100041EA02616D1842EB1222290C41EA0241D4
:10F520006D1842EB1242AD1842F10002EC0844EAB9
:10F530004274D10804EB8402A6EB4205EDB2092D1A
:10F540000CD90134A5F10A0541F10001EDB212E038
:10F55000E40844EA417406F00705C908303554EA66
:10F56000010200F8015BBCD1F0BD240944EA01743A
:10F5700006F00F050909092D84BFED19EDB2EDE77D
:10F58000D1E9043293421EBF5A1C0A6118707047B9
:08F59000E001FE7F0100000014
:10F59800812701000000000000000000A8F602001A
:10F5A800A90A020000000000ED0B020000000000A4
:10F5B80000000000C4F6020000000000E0F60200AF
:10F5C80075E30100000000005FDF0200000000009A
:10F5D80069DF0200000000000000000034F70200AC
:10F5E8000000000018F702000000000050F70200B9
:10F5F80000000000FCF6020055C2010000000000F7
:10F6080079D8010000000000ED1F01000000000093
:10F61800000000006CF70200C5E4010000000000D3
:10F6280035E5010000000000F51B020000000000A5
:10F6380000000000A4F7020000000000C0F702006C
:10F648000000000088F702005D3D01000000000096
:10F65800F5DE020000000000FFDE020000000000EE
:10F668000000000014F802000000000030F802005A
:10F6780000000000F8F7020000000000DCF70200BC
:10F688000935010000000000E5400100000000000D
:10F69800BD1001000000000005100100000000007E
:10F6A800E82A0300C40303008CFA0200460900207C
:10F6B8005836002071BF010000000000CD2C030067
:10F6C800DC030300E0F902004C090020F8360020B2
:10F6D80059CA010000000000DB2C0300F0030300FE
:10F6E800E0F902004E0900200437002059CA010041
:10F6F80000000000E21B030034000300A8FA020027
:10F7080040090020E0000020013C0100000000004A
:10F71800492B030000000000D8F902004809002026
:10F72800B4360020BDC4010000000000B22B030065
:10F7380000000000D40303004A0900200000000074
:10F74800B5D7020000000000E22E03008804030081
:10F75800ECFA02005809002018080020CDD3010057
:10F76800000000005130030000000000A80403005E
:10F778005A09002050370020E1DA0100000000009B
:10F78800C9290300A00303005C0303004209002009
:10F79800FC060020F1A80100000000007A2A0300FE
:10F7A80000000000CCF9020044090020000000001D
:10F7B80009BC010000000000E92C03000404030058
:10F7C80004FA020050090020B00700204FD80200B8
:10F7D800000000004A2D03003804030038FA020034
:10F7E80052090020C83E00208BDA02000000000009
:10F7F800542D0300400403001CFA020054090020A1
:10F8080010370020C1CD010000000000DC2E0300ED
:10F818005C04030070FA020056090020282000202A
:10F82800A5CF0100000000002A31030000000000FD
:10F8380054FA02005C090020B03700207BDF020088
:04F8480000000000BC
:10F84C0093E20200B5DF02000000000057920200B4
:10F85C0050F70200FDD20100B0070020E9030200BE
:10F86C0000000000579202000000000057920200B6
:10F87C00D804002023D8020085FD0100B5DF02006A
:10F88C000000000057920200000000005792020096
:10F89C000000000057920200000000005792020086
:10F8AC000000000057920200B436002055C501003C
:10F8BC000000000057920200000000005792020066
:10F8CC0000000000579202000000000061D6010009
:10F8DC000000000057920200000000005792020046
:10F8EC000000000057920200000000005792020036
:10F8FC000000000057920200000000005792020026
:10F90C0000000000579202000000000059E40100C2
:10F91C000000000057920200000000005792020005
:10F92C0000000000579202000000000057920200F5
:10F93C0000000000579202000000000057920200E5
:10F94C0000000000579202000000000057920200D5
:10F95C0000000000579202000000000057920200C5
:10F96C0000000000579202000000000057920200B5
:10F97C000000000057920200DDB00100B5DF02006C
:10F98C000000000057920200000000005792020095
:10F99C000000000057920200000000005792020085
:10F9AC000000000057920200000000005792020075
:10F9BC000000000057920200000000005792020065
:0CF9CC00CDB801004DBC01005802000045
:08F9D80041C4010065C30100F8
:10F9E00051C80100CBD70200D9D70200F1D70200DD
:10F9F000FDD7020009D8020041C7010045C6010039
:04FA00000000000002
:10FA040075D9020000000000B9D80200000000000F
:08FA140000000000A5D902006A
:10FA1C0001FF0000000000000000000081DB02007C
:10FA2C00B5DB020000000000000000000000000038
:10FA3C000000000000000000C1CC010059CC010006
:10FA4C0000000000000000000000000000000000AA
:10FA5C00000000007FDF020049E60100000000000A
:10FA6C00000000000000000000000000000000008A
:10FA7C0099DD0200BDCE0100000000000000000076
:10FA8C00C9BF0100A9D7020081D702000000000005
:0CFA9C0099BE0100000000000000000006
:10FAA80061A102001D3B010000000000D5390100E2
:10FAB8004DA102005BA40200E7A10200E1A0020040
:10FAC80091A40200DDA1020000000000F9A00200DC
:10FAD800000000000000000001A1020015A40200BF
:10FAE80013A1020085D1010049D30100A9D1010069
:10FAF80091D50100B9D10100E5D101002DD2010055
:10FB080059D2010039D2010049D2010059D201006D
:10FB180081D2010095D20100A5D20100B5D2010021
:08FB2800D9DD0200E9D2010061
:10FB300005000000F16C0100060000003D9001008E
:08FB400004000000B17B01008C
:10FB48002D010100950001000000000000000000E8
:10FB5800000000000000000000000000000000009D
:10FB68000C02030008000000C8FE020007000000A5
:08FB780054FF0200060000002A
:10FB8000040000000F000000010000000800000059
:10FB90002000000068000000780000001000000055
:10FBA0000C0000000E000000500000007C0000006F
:10FBB000B0000000FFFFFFFFFFFFFFFFFFFFFFFFA1
:04FBC000FFFFFFFF45
:10FBD0000000000003000000A0000000F000000092
:10FBE0000000000000000000000000009C3E00201B
:10FBF0000C0000000C0000000100010000010100E9
:10FC000000010001000001000100000001000B00E4
:10FC100002000A00050009000A000800140007009D
:10FC20001E000600320005004B00040064000300C3
:10FC300096000200FA000100F4010000F401FA004D
:10FC4000960064004B0032001E0014000A000500FC
:10FC5000020001000C0802170D010102090901014F
:10FC600006020918180301010909838385030201AB
:10FC7000230202240910040405050B0B040B2B1BA3
:10FC80001B159A9A1C021D16130501490D1505082E
:10FC9000061B1B0F01010000FEFEFEFEFEFEFEFE27
:10FCA000FEFEFEFEFEFEFEFEFEFEFEFEFE16FEFE5C
:10FCB000FEFEFEFEFEFEFEFEFEFE1F1FFE26FEFEFA
:10FCC000FEFEFEFEFEFEFEFEFEFEFEFEFEFEFEFE54
:10FCD0003E3EFEFEFEFE3B3BA301B103BF05EF022D
:10FCE0004906A309C505F50B251200000100000017
:10FCF00010110040000000000000000000000000A3
:10FD0000000000000406080A0C0E10121416181C3D
:10FD10001E20222426282A2C2E30323436383A3C13
:10FD20003E40424446484A4C4E021A5000000000F1
:10FD3000280000001800000000000000141E000051
:10FD4000301100000000000070170000A00F00003C
:10FD50000000DC05E803000000000000141E0000A5
:10FD60003011000000002CA6E0A100003408E803D8
:10FD70001800280000002A00D8ECF0F4F8FC00027B
:10FD80000304050607080000000000000000000052
:10FD9000000000000000000000000101010102025B
:10FDA0000202030303030404040405050505060613
:10FDB000060809000000000000000000000000002C
:10FDC0000000000000000001010101020202020324
:10FDD00003030304040404050505050606070809D2
:10FDE0000A0B0C0D00100200FA0000000103006273
:10FDF000746C6500000000000000000000000000BE
:10FE000000000000000000000000000000000000F2
:10FE100000000000000000000000000000000000E2
:10FE200000010000000000000000000000000000D1
:10FE30000338FDD870470000A4F702000001000459
:10FE400000000002000000000C000000A4F7020007
:10FE50000101000400000103000000000C0000008C
:10FE6000A4F70200020100040000020600000000E6
:10FE70000C000000A4F702000301000400000304CA
:10FE8000000000000C000000A4F7020004010004C0
:10FE900000000400000000000C000000A4F70200B5
:10FEA0000601000400000601000000000C00000034
:10FEB00007100000CC08002001010000DC08002031
:10FEC000090E0000C509030002070300FBBF020082
:10FED00000000000FE06030000000100FA06030017
:10FEE0009BC20200000000004C0400200000010042
:10FEF000F206030003920200000000000000000070
:10FF000000000100EE0603009BC20200000000009A
:10FF10004404002000000100E6060300CF91020027
:10FF2000000000000000000000000100E2060300E5
:10FF30009BC20200000000003C0400200000010001
:10FF4000DA0603009110010000000000000000002C
:10FF50000000010012070300FBBF020000000000C8
:10FF60003E440300000001000E0703009BC2020094
:10FF70000000000080040020000001001C44030079
:10FF80000000000000000000000000000000010070
:10FF90000A070300CDBF0200198301005C040020A2
:10FFA00000000300060703009BC2020000000000DF
:10FFB0005404002000000100FA4303000000000088
:10FFC000F510010000000000000003000000000028
:10FFD00037920200C0040020B8040020B0040020C2
:10FFE00000000000A8040020991201008D110100FA
:10FFF000E11101004112010000000020000000009A
:020000023000CC
:1000000000000B06020000000C00030000000000CE
:100010005E1703002600020600000020661703009A
:1000200022000B11C804002079200100000000000C
:10003000D59202009005002000000000F808002082
:10004000A405002000000000280003005800030061
:100050004A00000000000000447F00202800030048
:100060006C0003002E000000000000000C84002043
:1000700028000300800003000201000000000000CF
:10008000E08400200E030000294B01000F04000053
:10009000254C01001A010000B5A60200050400006D
:1000A0009940010013010000B94401003E01000025
:1000B0006D4201000112000029A802000A1E000082
:1000C00057A80200FF010000454101003E01000069
:1000D00065410100050400000BA7020008040000B0
:1000E000FBA902003003000095A9020010010000E6
:1000F00083A7020001120000E14901000A1E00006E
:10010000EDAA02000309000065A80200040B00002C
:100110008BA70200060A00003DAC0200070A00009F
:100120004DA702000C05000033A70200050C0000DB
:1001300075AB0200280003004401030047000000E3
:1001400000000000FC850020280003005801030087
:1001500000000000000000001C87002028000300B1
:100160006C0103004A0000000000000044870020EA
:1001700077B20200B7B202000000000000000000E9
:100180000000000063B40200000000000000000056
:10019000000000000000000002020100D3B70200CE
:1001A00004040100BD730100060601002176010070
:1001B00008040100E17601000A020100DBB8020038
:1001C0000C040100C3B802000E040100F974010020
:1001D000200401008D75010010040100F577010075
:1001E0001202010025B902001E00040057BE0200E1
:1001F000520200004BB9020028000300080203006D
:100200004C000000000000009C8800204207030012
:10021000FBBF0200000000003E07030000000100D9
:100220003A0703009BC2020000000000AC06002059
:100230000000010032070300000000000000000081
:1002400000000000000000002E070300CDBF0200E8
:1002500019830100B4060020000003002A070300F0
:100260009BC2020000000000A40600200000010064
:100270002207030033C0020073C102000000000027
:10028000000003001E0703009BC2020000000000E4
:100290009C0600200000010016070300E98601000B
:1002A000000000000000000000000100199501009E
:1002B0008DCB0200CD9C010000000000000000007A
:1002C000DD9A0100000000000000000000000000B6
:1002D000000000000000000000000000D5950100B3
:1002E0000600000081C802000600000021C80200CC
:1002F00010000000659101001000000043CB0200D7
:1003000001000000A7C40200100000007DC8020028
:100310000A000000ADC5020010000000619B010052
:100320000700000085C802001000000053C502004D
:10033000010000007194010040000000C5C70200E8
:1003400010000000A1C5020001000000AC03030082
:10035000F80900200000000000000000000000007C
:1003600051AA0100ADA8010061A30100D5A70100B9
:100370000000000001AB010079AA010015B60100E0
:100380008DA80100000000008DB60100CDAF010076
:10039000ADA3010095D60200C7D60200BFD6020069
:1003A000000000000100000021A80100EFD60200BB
:1003B00000000000D7D602005DBE010049BF010069
:1003C00000000000D5C00100F9BF0100A5D7020060
:1003D000A1D70200C9C5010000000000FFFF000016
:1003E00000030050D80400200000000001000000BD
:1003F000FFFFFFFF00000050D804002000000000B5
:100400000000000000000000000000000000980153
:10041000000001018FD802001C04030000300040DE
:100420002804030001000000300403000200000063
:100430000C00000C0B00000BC0F702004400000091
:100440009DCE0100C0F702006A0000009BDC0200A4
:1004500067DC0200D1DC020005DD0200A4F7020027
:100460000500000000000000000000000000000087
:10047000400D0300A0860100000000000000000005
:1004800064000000000000008C0403000020004015
:100490009804030001000000A00403000200000013
:1004A0001900000018000001C1D90100DDDD0200C3
:1004B0000BDE0200080000000300000098F50200B7
:1004C00098F5020008F6020010F6020098F6020005
:1004D000A8F602000E3C0300000100008813000093
:1004E00057F40200512563FCC2CAB9F3849E17A7D2
:1004F000ADFAE6BCFFFFFFFFFFFFFFFF00000000BB
:10050000FFFFFFFFAAAAAAAAAAAAAAAAAAAAAAAAF7
:1005100055555555555555555555555500000000DF
:1005200055555555522563FCC2CAB9F3849E17A789
:10053000ADFAE6BCFFFFFFFFFFFFFFFF000000007A
:10054000FFFFFFFF512563FCC2CAB9F3849E17A7C2
:10055000ADFAE6BCFFFFFFFFFFFFFFFF000000005A
:10056000FFFFFFFF96C298D84539A1F4A033EB2DC9
:10057000817D0377F240A463E5E6BCF847422CE1B5
:10058000F2D1176BF551BF376840B6CBCE5E316BF9
:100590005733CE2B169E0F7C4AEBE78E9B7F1AFEBD
:1005A000E242E34F4B60D2273E3CCE3BF6B053CC09
:1005B000B0061D65BC86987655BDEBB3E7933AAAA5
:1005C000D835C65AFCFFFFFFFFFFFFFFFFFFFFFF0D
:1005D000000000000000000000000000010000001A
:1005E000FFFFFFFFFF8FFFFFFF8FFFFFFE8FFFFF6C
:1005F000FE8FFFFFFD8FFFFFFC8FFFFFFC8FFFFFD4
:100600004661696C20746F20616371756972652041
:100610006D757465780A00004661696C20746F20FE
:10062000696E63726561736520504D20636F756EEE
:100630007465720A000000006D757465785F6672FB
:1006400065652063616C6C65642077697468204E11
:10065000554C4C20706172616D65746572000000CC
:1006600043616E277420696E697469616C697A658B
:10067000206D757465782C20776173204E554C4C35
:100680000D0A0000466174616C206572726F720021
:10069000436F756C64206E6F74206C6F636B207099
:1006A0006F7765722073617665206D75746578006B
:1006B000647261676F6F6E2F6C6962732F7363680A
:1006C00065642F7372632F73636865645F68616C20
:1006D0005F7274632E63000009040000042A0000A6
:1006E000042A000003280000012A0000012A00005B
:1006F00003280000002A0000002A00000328000050
:100700000018000000280000032800000229000053
:1007100003280000002800002A2B00002A2B0000DC
:1007200003280000292B0000292B000003280000CB
:1007300002290000052A0000052A00000328000005
:100740000118000000280200040008001000010049
:10075000010008000200040000000C001A00340030
:100760006800D000A00141038206040D081A0100B0
:10077000424C4520646973636F6E6E656374656493
:100780002C20726561736F6E2025750A00416476B6
:100790006572746973696E672072657374617274CF
:1007A000206661696C65643A2025640A00416476BC
:1007B0006572746973696E672072657374617274AF
:1007C00065640A00424C4520636F6E6E6563746910
:1007D0006F6E206661696C65642C206572726F7241
:1007E0002025750A00424C4520636F6E6E65637468
:1007F00065640A005374617274696E6720424C45E7
:10080000202B20414443202B20494D5520617070FE
:100810006C69636174696F6E0A00414443206465CA
:100820007669636520666F72206368616E6E656CC1
:10083000202575206973206E6F742072656164795C
:100840000A00414443206368616E6E656C20257523
:100850002075736573206120646966666572656ED4
:100860007420414443206465766963650A00436FE0
:10087000756C64206E6F7420636F6E666967757245
:100880006520414443206368616E6E656C20257568
:100890002C206572726F722025640A0053697820DB
:1008A000414443206368616E6E656C7320696E69B4
:1008B0007469616C697A65640A00494D5520646504
:1008C00076696365206973206E6F74207265616458
:1008D000790A0043616E6E6F7420736574206163E2
:1008E00063656C65726F6D65746572204F44522C40
:1008F000206572726F722025640A0043616E6E6F0C
:100900007420736574206779726F73636F706520EC
:100910004F44522C206572726F722025640A004980
:100920004D5520696E697469616C697A65642061EE
:100930007420257520487A0A00426C7565746F6FC3
:10094000746820696E697469616C697A6174696F31
:100950006E206661696C65643A2025640A00426C09
:100960007565746F6F746820696E697469616C690C
:100970007A65640A004E6F7264696320554152546F
:10098000205365727669636520696E697469616C6C
:10099000697A6174696F6E206661696C65643A207A
:1009A00025640A004164766572746973696E672014
:1009B0006661696C656420746F2073746172743A47
:1009C0002025640A00496E736F6C655F466561742B
:1009D000686572004164766572746973696E672038
:1009E00061732025730A0023204552524F523A204A
:1009F0004144432072656164206661696C65642CC2
:100A0000206572726F722025640A002320455252BD
:100A10004F523A20494D552073616D706C652066C8
:100A200065746368206661696C65642C2065727208
:100A30006F722025640A0023204552524F523A20FB
:100A4000416363656C65726F6D6574657220726574
:100A50006164206661696C65642C206572726F72D6
:100A60002025640A0023204552524F523A204779EC
:100A7000726F73636F70652072656164206661696F
:100A80006C65642C206572726F722025640A0025E3
:100A9000752C25642C25642C25642C25642C256458
:100AA0002C25642C256C6C642C256C6C642C256CBA
:100AB0006C642C256C6C642C256C6C642C256C6C23
:100AC000640A0023204552524F523A204353562085
:100AD000726F7720666F726D617474696E672066DD
:100AE00061696C6564206F72207761732074727520
:100AF0006E63617465640A0025730048656164650E
:100B0000722073656E64206661696C65643A2025A5
:100B1000640A00424C452073656E64206661696C0E
:100B200065643A2025640A00574553545F544F507A
:100B30004449522F7A65706879722F6C69622F6808
:100B40006561702F686561702E630028616C69674C
:100B50006E20262028616C69676E202D203129299E
:100B6000203D3D203000415353455254494F4E20C3
:100B70004641494C205B25735D20402025733A2572
:100B8000640A0009616C69676E206D757374206278
:100B900065206120706F776572206F6620320A00D1
:100BA0006279746573202F203855203C3D203078C1
:100BB00037666666550009686561702073697A65F5
:100BC00020697320746F6F206269670A006279740C
:100BD0006573203E20686561705F666F6F74657233
:100BE0005F62797465732862797465732900096896
:100BF0006561702073697A6520697320746F6F2056
:100C0000736D616C6C0A00686561705F737A203E79
:100C1000206368756E6B737A2873697A656F6628CE
:100C2000737472756374207A5F6865617029290036
:100C30006368756E6B305F73697A65202B206D6910
:100C40006E5F6368756E6B5F73697A6528682920CB
:100C50003C3D20686561705F737A00574553545F6F
:100C6000544F504449522F7A65706879722F696EDB
:100C7000636C7564652F7A65706879722F6B657225
:100C80006E656C2E6800216B5F69735F7072655FC3
:100C90006B65726E656C282900096B5F63757272F3
:100CA000656E745F6765742063616C6C6564207049
:100CB00072652D6B65726E656C0A00574553545F03
:100CC000544F504449522F7A65706879722F6C697D
:100CD000622F7574696C732F6F6E6F66662E63007A
:100CE0007374617465203D3D203055002173797324
:100CF0005F736C6973745F69735F656D7074792875
:100D0000266D67722D3E636C69656E74732900747D
:100D100072616E73697420213D202828766F6964A2
:100D2000202A293029007374617465203D3D2028F4
:100D300031554C203C3C2028312929006D67722D0B
:100D40003E72656673203D3D2030007374617465AA
:100D5000203D3D202831554C203C3C20283029297D
:100D600000574553545F544F504449522F7A657091
:100D70006879722F696E636C7564652F7A65706827
:100D800079722F7370696E6C6F636B2E68007A5F77
:100D90007370696E5F756E6C6F636B5F76616C69A3
:100DA00064286C2900094E6F74206D792073706976
:100DB0006E6C6F636B2025700A007A5F7370696ECA
:100DC0005F6C6F636B5F76616C6964286C290009E6
:100DD000496E76616C6964207370696E6C6F636BC9
:100DE0002025700A006D67722D3E72656673203E85
:100DF000203000287374617465203D3D202828311F
:100E0000554C203C3C2028322929207C2028315573
:100E10004C203C3C20283129292929207C7C202871
:100E20007374617465203D3D20282831554C203C69
:100E30003C2028322929207C2030552929207C7CFF
:100E400020287374617465203D3D20282831554C5D
:100E5000203C3C2028322929207C202831554C2058
:100E60003C3C2028302929292900574553545F54F8
:100E70004F504449522F7A65706879722F6C6962BD
:100E80002F7574696C732F6E6F746966792E6300A9
:100E9000574553545F544F504449522F7A657068F8
:100EA00079722F6C69622F7574696C732F72696E19
:100EB000675F6275666665722E63006364635F6177
:100EC000636D5F30006364635F61636D5F73657260
:100ED00069616C002A2A2A20426F6F74696E67204C
:100EE0004D79204170706C69636174696F6E207612
:100EF000332E342E302D356665326165373432330A
:100F00006363202A2A2A0A002A2A2A205573696E36
:100F100067206E524620436F6E6E656374205344A3
:100F20004B2076332E342E302D393935353330354C
:100F30003536303762202A2A2A0A002A2A2A2055E2
:100F400073696E67205A6570687972204F532076F6
:100F5000342E342E302D626638303165346533647A
:100F60003139202A2A2A0A006D757465785F696E06
:100F700069742063616C6C65642077697468204EC5
:100F8000554C4C20706172616D6574657200436FE1
:100F9000756C64206E6F7420616C6C6F6361746536
:100FA000206D75746578206265666F726520696E64
:100FB000697469616C697A696E670072302F61319A
:100FC0003A2020307825303878202072312F613255
:100FD0003A2020307825303878202072322F613343
:100FE0003A20203078253038780A0072332F613467
:100FF0003A2020307825303878207231322F6970CD
:101000003A2020307825303878207231342F6C72B5
:101010003A20203078253038780A002078707372B2
:101020003A20203078253038780A004661756C7493
:10103000696E6720696E737472756374696F6E2070
:101040006164647265737320287231352F7063296F
:101050003A203078253038780A00556E68616E6421
:101060006C6564204952516E3A2025640A002A2A90
:101070002A2A2A205553414745204641554C5420A1
:101080002A2A2A2A2A0A0020204469766973696F6D
:101090006E206279207A65726F0A002020556E6199
:1010A0006C69676E6564206D656D6F727920616330
:1010B000636573730A0020204E6F20636F70726F38
:1010C000636573736F7220696E737472756374698C
:1010D0006F6E730A002020496C6C6567616C206C30
:1010E0006F6164206F66204558435F5245545552E6
:1010F0004E20696E746F2050430A002020496C6CAA
:101100006567616C20757365206F66207468652063
:10111000455053520A002020417474656D7074204C
:10112000746F206578656375746520756E64656697
:10113000696E656420696E737472756374696F6E2D
:101140000A002A2A2A2A2A20425553204641554C71
:1011500054202A2A2A2A2A0A002020537461636B09
:10116000696E67206572726F720A002020556E7377
:101170007461636B696E67206572726F720A00201A
:1011800020507265636973652064617461206275C3
:1011900073206572726F720A00202042464152200D
:1011A000416464726573733A20307825780A0020B0
:1011B00020496D7072656369736520646174612094
:1011C000627573206572726F720A002020496E7317
:1011D0007472756374696F6E2062757320657272C4
:1011E0006F720A002020466C6F6174696E672D7003
:1011F0006F696E74206C617A7920737461746520F4
:10120000707265736572766174696F6E2065727253
:101210006F720A002A2A2A2A2A204D505520464158
:10122000554C54202A2A2A2A2A0A00202053746165
:10123000636B696E67206572726F722028636F6ED0
:10124000746578742061726561206D6967687420C7
:101250006265206E6F742076616C6964290A0020D3
:101260002044617461204163636573732056696F24
:101270006C6174696F6E0A0020204D4D464152200A
:10128000416464726573733A20307825780A0020CF
:1012900020496E737472756374696F6E2041636365
:1012A0006573732056696F6C6174696F6E0A0057BD
:1012B0004553545F544F504449522F7A65706879B2
:1012C000722F617263682F61726D2F636F72652F69
:1012D000636F727465785F6D2F6661756C742E63D1
:1012E00000212828285343425F54797065202A2919
:1012F00020282830784530303045303030554C2962
:10130000202B20307830443030554C2920292D3E78
:10131000434653522026202831554C203C3C20285F
:101320003055202B20345529292900095374616335
:101330006B696E67206F7220446174612041636342
:101340006573732056696F6C6174696F6E20657286
:10135000726F7220776974686F757420737461633B
:101360006B2067756172642C20757365722D6D6FCB
:101370006465206F72206E756C6C2D706F696E7471
:10138000657220646574656374696F6E0A0A005241
:101390006573657276656420457863657074696FFE
:1013A0006E20280053707572696F757320696E74B2
:1013B0006572727570742028495251200053505341
:1013C000454C20696E20746872656164206D6F649D
:1013D0006520646F6573206E6F7420696E64696345
:1013E000617465205053500A0065736620213D20CA
:1013F0002828766F6964202A293029000945534638
:1014000020636F756C64206E6F7420626520726556
:10141000747269657665642073756363657373665A
:10142000756C6C792E205368616C6C206E657665E6
:1014300072206F636375722E0A002A2A2A2A2A20D4
:1014400048415244204641554C54202A2A2A2A2AEF
:101450000A002020427573206661756C74206F6EDF
:1014600020766563746F72207461626C65207265AA
:1014700061640A0020204465627567206576656EA8
:10148000740A0020204661756C7420657363616C7A
:101490006174696F6E20287365652062656C6F7773
:1014A000290A00415243485F45584345505420772C
:1014B00069746820726561736F6E2025780A0A006E
:1014C000094661756C7420657363616C6174696F42
:1014D0006E20776974686F75742046535220696E68
:1014E000666F0A0009486172644661756C74207702
:1014F0006974686F7574204846535220696E666F30
:10150000205368616C6C206E65766572206F636332
:1015100075720A002A2A2A2A2A20446562756720E1
:101520006D6F6E69746F7220657863657074696F32
:101530006E202A2A2A2A2A0A002A2A2A2A2A20252A
:101540007320256429202A2A2A2A2A0A005745536B
:10155000545F544F504449522F7A65706879722F06
:10156000617263682F61726D2F636F72652F636F95
:10157000727465785F6D2F6972715F6D616E6167FE
:10158000652E63007072696F203C3D20282831551C
:101590004C203C3C2028332929202D2031290009CA
:1015A000696E76616C6964207072696F72697479B2
:1015B00020256420666F72202564206972712120C5
:1015C00076616C756573206D757374206265206C2F
:1015D000657373207468616E20256C750A0A005764
:1015E0004553545F544F504449522F7A657068797F
:1015F000722F617263682F61726D2F636F72652F36
:101600006D70752F61726D5F6D70752E630009438B
:101610006F6E6669677572696E67202575207374D1
:1016200061746963204D505520726567696F6E73F0
:10163000206661696C65640A0A0009526571756506
:10164000737420746F20636F6E6669677572653A94
:1016500020257520726567696F6E73202873757019
:10166000706F727465643A202575290A0A00212872
:10167000726567696F6E5B6964785D2E64745F6123
:101680007474722026202831554C203C3C20283090
:10169000292929000952414D5F4E4F434143484596
:1016A00020776974682044545F4D454D5F43414342
:1016B000484541424C452061747472696275746595
:1016C0000A0A00094661696C656420746F20616CC8
:1016D0006C6F63617465204D505520726567696F4A
:1016E0006E732066726F6D2044540A0A0028282801
:1016F0004D50555F54797065202A2920282830786C
:101700004530303045303030554C29202B20307852
:1017100030443930554C2920292D3E54595045200C
:1017200026202830784646554C203C3C2038552908
:1017300029203E3E203855203D3D20380009496E85
:1017400076616C6964206E756D626572206F6620CB
:101750004D505520726567696F6E730A0A00464CDA
:101760004153485F30005352414D5F300065786906
:101770007400574553545F544F504449522F7A6573
:10178000706879722F6C69622F6E65745F6275661E
:101790002F6275662E63006275662D3E6672616704
:1017A00073203D3D202828766F6964202A2930293E
:1017B000007265715F73697A65203C3D2073697AB8
:1017C00065006C697374006275662D3E7265660013
:1017D0000962756620257020646F75626C652066ED
:1017E0007265650A00706172656E742D3E66726185
:1017F000677300706172656E742D3E667261677307
:10180000203D3D206672616700574553545F544F39
:10181000504449522F7A65706879722F6C69622F33
:101820006E65745F6275662F6275665F73696D7051
:101830006C652E63006275662D3E6C656E203D3DC5
:10184000203055006E65745F6275665F73696D70F8
:101850006C655F7461696C726F6F6D286275662963
:10186000203E3D206C656E006275662D3E6C656E97
:10187000203E3D206C656E006E65745F6275665F2C
:1018800073696D706C655F68656164726F6F6D28F8
:1018900062756629203E3D206C656E0057455354A5
:1018A0005F544F504449522F7A65706879722F7394
:1018B00075627379732F7573622F646576696365DA
:1018C0005F6E6578742F757362645F6465766963B3
:1018D000652E6300094E6F7420737570706F72749B
:1018E00065642073706565640A00574553545F54FE
:1018F0004F504449522F7A65706879722F696E6330
:101900006C7564652F7A65706879722F6472697678
:101910006572732F7573622F7564632E6800574567
:1019200053545F544F504449522F7A65706879720E
:101930002F7375627379732F7573622F646576697F
:1019400063655F6E6578742F757362645F63683971
:101950002E63006173636969375F7374725B695DDD
:10196000203E203078314620262620617363696945
:10197000375F7374725B695D203C203078374600B6
:10198000094F6E6C79207072696E7461626C6520AB
:1019900061736369692D372063686172616374657F
:1019A00072732061726520616C6C6F776564206969
:1019B0006E2055534220737472696E67206465739C
:1019C00063726970746F72730A00574553545F54A1
:1019D0004F504449522F7A65706879722F7375623F
:1019E0007379732F7573622F6465766963655F6EB3
:1019F0006578742F757362645F636F72652E630020
:101A00007564735F63747820213D202828766F69A0
:101A100064202A29302920262620757362645F6994
:101A2000735F696E697469616C697A65642875644D
:101A3000735F6374782900095553422064657669A1
:101A40006365206973206E6F7420696E69746961C3
:101A50006C697A65640A007573626400635F6E6422
:101A6000203C3D205F757362645F636C6173735FDC
:101A700066735F6C6973745F656E640009756E658B
:101A800078706563746564206C69737420656E6436
:101A9000206C6F636174696F6E0A00635F6E64200F
:101AA0003C3D205F757362645F636C6173735F6854
:101AB000735F6C6973745F656E6400574553545F60
:101AC000544F504449522F7A65706879722F73755C
:101AD000627379732F7573622F6465766963655FCE
:101AE0006E6578742F757362645F636C6173732EB7
:101AF0006300574553545F544F504449522F7A6501
:101B0000706879722F7375627379732F7573622F92
:101B10006465766963655F6E6578742F757362645A
:101B20005F656E64706F696E742E63000943616E49
:101B30006E6F742064657465726D696E6520624DA8
:101B400061785061636B657453697A6530202875DC
:101B50006E737570706F7274656420737065656400
:101B6000290A00574553545F544F504449522F7A25
:101B700065706879722F7375627379732F757362EC
:101B80002F6465766963655F6E6578742F7573621F
:101B9000645F6D73672E63006E6F646520213D2066
:101BA0002828766F6964202A2930290009736C6916
:101BB0007374206170706561727320746F20626548
:101BC00020656D7074790A00094661696C6564204E
:101BD000746F207363686564756C6520776F726BD2
:101BE0000A00626F6172645F6364635F61636D5F6B
:101BF00075617274004254204C572057510057456C
:101C000053545F544F504449522F7A65706879722B
:101C10002F696E636C7564652F7A65706879722FB1
:101C20007379732F627974656F726465722E6800C0
:101C3000282870737263203C2070647374202626F9
:101C4000202870737263202B206C656E677468297E
:101C5000203C3D207064737429207C7C20287073A4
:101C60007263203E207064737420262620287064DE
:101C70007374202B206C656E67746829203C3D20AE
:101C80007073726329290009536F7572636520614F
:101C90006E642064657374696E6174696F6E20622E
:101CA000756666657273206D757374206E6F74202F
:101CB0006F7665726C61700A00574553545F544FDC
:101CC000504449522F7A65706879722F7375627328
:101CD00079732F626C7565746F6F74682F686F739A
:101CE000742F6275662E630074797065203D3D2007
:101CF00042545F4255465F455654207C7C2074799F
:101D00007065203D3D2042545F4255465F41434C43
:101D10005F494E207C7C2074797065203D3D2042D7
:101D2000545F4255465F49534F5F494E0009496E23
:101D300076616C696420627566666572207479707C
:101D400065207265717565737465640A0057455343
:101D5000545F544F504449522F7A65706879722FFE
:101D6000696E636C7564652F7A65706879722F622D
:101D70006C7565746F6F74682F6275662E68006D80
:101D80006574612D3E706172656E74007669657769
:101D9000006E65745F6275665F68656164726F6F1F
:101DA0006D28706172656E7429203E2030002162BA
:101DB000745F6275665F6861735F766965772870C6
:101DC0006172656E74290062745F74785F70726FFF
:101DD000636573736F7200574553545F544F50449B
:101DE00049522F7A65706879722F737562737973AF
:101DF0002F626C7565746F6F74682F686F73742FC2
:101E00006863695F636F72652E630062745F686305
:101E1000695F6576745F6765745F666C6167732878
:101E20006864722D3E657674292026202831554C31
:101E3000203C3C2028312929006576745F666C615E
:101E400067732026202831554C203C3C202830291F
:101E50002900216275660061746F6D69635F676553
:101E6000742826636F6E6E2D3E696E5F6C6C290060
:101E7000657272203E3D2030000925640A00094346
:101E80006F6E74726F6C6C657220756E72657370B4
:101E90006F6E736976652C20636F6D6D616E642063
:101EA0006F70636F646520307825303478207469F2
:101EB0006D656F757420776974682065727220256E
:101EC000640A006576742D3E737461747573203DE9
:101ED0003D20307830300042542052582057510075
:101EE000574553545F544F504449522F7A65706898
:101EF00079722F7375627379732F626C7565746F65
:101F00006F74682F686F73742F69642E6300636F3A
:101F10006E666C69637420213D202828766F6964A1
:101F2000202A29302900636F6E666C6963742D3E28
:101F300063616E64696461746520213D20282876A0
:101F40006F6964202A293029007265736964656E9F
:101F50007420213D202828766F6964202A293029A1
:101F60000028636F6E666C6963742D3E63616E64F6
:101F700069646174652D3E73746174652026204226
:101F8000545F4B4559535F49445F4144444544299C
:101F9000203D3D20300062745F6465762E6C652EB6
:101FA000726C5F656E7472696573203E20300057F5
:101FB0004553545F544F504449522F7A65706879A5
:101FC000722F7375627379732F626C7565746F6F9E
:101FD00074682F686F73742F636F6E6E2E63006367
:101FE00062203C3D205F62745F636F6E6E5F636270
:101FF0005F6C6973745F656E640069735F61636CC5
:102000005F636F6E6E28636F6E6E29006B5F637522
:102010007272656E745F6765742829203D3D206B80
:102020005F776F726B5F71756575655F74687265F8
:1020300061645F6765742874785F6E6F7469667930
:102040005F776F726B71756575655F676574282959
:10205000290009636F756C646E2774207375626D57
:1020600069742028657272202564290A0009496E66
:1020700076616C696420636F6E6E656374696F6E00
:10208000207265666572656E63650A006F6C642018
:102090003E20300009436F6E6E2072656665726582
:1020A0006E636520636F756E74657220697320308E
:1020B0000A0021636F6E6E5F74785F69735F70658D
:1020C0006E64696E67000974785F636F6D706C652C
:1020D00074655F776F726B2069732070656E6469D9
:1020E0006E67207768656E20636F6E6E206973205F
:1020F0006465616C6C6F63617465640A00282863B1
:102100006F6E6E2920262620282875696E747074DB
:10211000725F74292861636C5F636F6E6E73292927
:10212000203C3D20282875696E747074725F742994
:1021300028636F6E6E292920262620282875696E4F
:10214000747074725F742928636F6E6E2929203C45
:1021500020282875696E747074725F742928262887
:1021600061636C5F636F6E6E73295B282873697A95
:10217000655F7429282828696E742973697A656FE8
:102180006628636861725B31202D202832202A2066
:102190002128215F5F6275696C74696E5F74797064
:1021A00065735F636F6D70617469626C655F7028E1
:1021B0005F5F747970656F665F5F2861636C5F63F2
:1021C0006F6E6E73292C205F5F747970656F665F28
:1021D0005F28262861636C5F636F6E6E73295B30C6
:1021E0005D292929295D29202D203129202B20280E
:1021F00073697A656F662861636C5F636F6E6E7377
:1022000029202F2073697A656F66282861636C5FC7
:10221000636F6E6E73295B305D292929295D292939
:102220002026262028282875696E747074725F74C1
:102230002928636F6E6E2929202D20282875696E44
:10224000747074725F74292861636C5F636F6E6E63
:102250007329292920252073697A656F66282861EA
:10226000636C5F636F6E6E73295B305D29203D3D4B
:102270002030290009496E76616C69642062745FC0
:10228000636F6E6E20706F696E7465720A00216BE9
:102290005F69735F696E5F69737228290009496E0F
:1022A00076616C696420636F6E6E2074797065204E
:1022B00025750A00746D7020213D20636F6E6E00DD
:1022C0007072657620213D2026636F6E6E2D3E5F15
:1022D000636F6E6E5F726561647900094E6F206393
:1022E0006F6E74726F6C6C657220627566730A0033
:1022F000094E6F20545820636F6E746578740A001D
:1023000030207C7C20286275662D3E726566203DFB
:102310003D203129207C7C20286275662D3E726527
:1023200066203D3D203229002162745F6275665F40
:102330006861735F76696577286F75747369646522
:1023400029006672616720213D202828766F696424
:10235000202A2930290009496E76616C696420635E
:102360006F6E6E656374696F6E2074797065202579
:10237000750A00574553545F544F504449522F7AC1
:1023800065706879722F7375627379732F626C75DB
:1023900065746F6F74682F686F73742F6C3263612C
:1023A000702E630073203D3D20266C655F6368617D
:1023B0006E2D3E5F7064755F726561647900636F56
:1023C0006E6E2D3E7374617465203D3D2042545FF6
:1023D000434F4E4E5F434F4E4E4543544544006677
:1023E00069666F5F706475203D3D207064750028DC
:1023F000666368616E2D3E636964203E3D203078DF
:102400003030303120262620666368616E2D3E63B1
:102410006964203C3D203078303033662900094320
:102420004944202575206973206E6F7420696E20E1
:10243000746865206669786564206368616E6E659E
:102440006C2072616E67650A006368616E203D3DB5
:10245000202828766F6964202A29302900094669D6
:10246000786564206368616E6E656C207769746856
:102470002043494420257520616C72656164792090
:102480006578697374730A00666368616E203C3D09
:10249000205F62745F6C326361705F666978656447
:1024A0005F6368616E5F6C6973745F656E6400572B
:1024B0004553545F544F504449522F7A65706879A0
:1024C000722F7375627379732F626C7565746F6F99
:1024D00074682F686F73742F6174742E63006E6557
:1024E000745F6275665F706F6F6C5F67657428629A
:1024F00075662D3E706F6F6C5F696429203D3D20CD
:10250000266174745F706F6F6C006275662D3E6C2F
:10251000656E203E3D2073697A656F66287374721C
:102520007563742062745F6174745F6864722900FB
:1025300009556E6B6E6F776E206F702074797065C1
:10254000203078253032580A0072657100574553A3
:10255000545F544F504449522F7A65706879722FF6
:102560007375627379732F626C7565746F6F7468BD
:102570002F686F73742F676174742E6300737461B6
:102580007469635F737663203C3D205F62745F67AC
:102590006174745F736572766963655F7374617487
:1025A00069635F6C6973745F656E640009696E7658
:1025B000616C696420706172616D657465720A0A8C
:1025C000006174747200094E6F206D6F7265206136
:1025D0007474726962757465730A0A00706172615D
:1025E0006D730009696E76616C6964207061726157
:1025F0006D65746572730A0A00706172616D732D86
:102600003E61747472207C7C20706172616D732DE8
:102610003E75756964002161746F6D69635F7465EF
:1026200073745F6269742873632D3E666C616773AF
:102630002C2053435F494E4449434154455F504524
:102640004E44494E47290009496E646963617465C7
:1026500020616C72656164792070656E64696E6773
:102660000A00574553545F544F504449522F7A65DE
:10267000706879722F7375627379732F626C7565E8
:10268000746F6F74682F686F73742F736D702E631F
:10269000006D757465785F657272203D3D20300075
:1026A0002128736D702D3E72656D6F74655F64696E
:1026B00073742026203078303229002162745F69DB
:1026C000645F66696E645F636F6E666C69637428CD
:1026D0006E65775F626F6E642C203029005745531A
:1026E000545F544F504449522F7A65706879722F65
:1026F0007375627379732F626C7565746F6F74682C
:102700002F686F73742F6B6579732E630061646437
:102710007220213D202828766F6964202A293029DB
:102720000066756E6320213D202828766F6964203D
:102730002A293029006B65797320213D20282876CD
:102740006F6964202A29302900574553545F544F3C
:10275000504449522F7A65706879722F6472697695
:102760006572732F7573622F7564632F7564635F71
:102770006E72662E6300212828657020262030782E
:102780004629203E3D203829002828282865702029
:1027900026203078383029203D3D203078383029C7
:1027A00020262620282865702026203078462920DB
:1027B0003C20392929207C7C202828286570202667
:1027C000203078383029203D3D2030292026262011
:1027D0002828657020262030784629203C20392979
:1027E00029290021286D5F65705F61726D65642025
:1027F00026202831554C203C3C202865705F6269BA
:1028000074706F73292929207C7C2021286D5F65D5
:10281000705F72656164792026202831554C203C18
:102820003C202865705F626974706F7329292900E4
:102830000949534F20494E206D757374206E6F7493
:102840002062652061726D656420616E642072652E
:102850006164790A0021286D5F65705F61726D6542
:10286000642026202831554C203C3C202865705F90
:10287000626974706F7329292900096570203078A6
:102880002530327820616C72656164792061726DE7
:1028900065640A0021286D5F65705F646D615F7714
:1028A000616974696E672026202831554C203C3CB4
:1028B000202865705F626974706F73292929000987
:1028C00065702030782530327820616C72656164E3
:1028D000792077616974696E670A007564635F6E59
:1028E00072667800636667007564635F6765745F2E
:1028F0006275665F696E666F28627566292D3E6433
:102900006174610009455030494E20627566206946
:1029100073206E6F7420646174610A007564635F74
:102920006765745F6275665F696E666F286275665B
:10293000292D3E73746174757300094550304F55ED
:102940005420627566206973206E6F742073746101
:102950007475730A00216E72665F757362645F6CD2
:1029600065676163795F73757370656E645F6368D3
:1029700065636B2829007061796C6F61645F6C65B9
:102980006E203C3D203634006E7266785F69735F5E
:10299000696E5F72616D287061796C6F61645F62EE
:1029A000756629006B5F73656D5F636F756E745F2D
:1029B0006765742826646D615F617661696C616228
:1029C0006C6529203D3D20310075736264403430D0
:1029D00030323730303000574553545F544F5044F5
:1029E00049522F7A65706879722F647269766572C0
:1029F000732F6164632F6164635F636F6D6D6F6ECE
:102A00002E63006764702D3E6D756C20213D203073
:102A1000006764702D3E64697620213D20300057A8
:102A20004553545F544F504449522F7A657068792A
:102A3000722F647269766572732F6164632F6164AB
:102A4000635F6E7266785F73616164632E630028F2
:102A5000696E74657276616C5F7573203C3D2031E0
:102A6000323855292026262028696E7465727661D1
:102A70006C5F7573203E2030290061646340343000
:102A800030303730303000574553545F544F504446
:102A900049522F7A65706879722F6472697665720F
:102AA000732F636C6F636B5F636F6E74726F6C2FE9
:102AB000636C6F636B5F636F6E74726F6C5F6E726B
:102AC000662E630074797065203C20434C4F434B65
:102AD0005F434F4E54524F4C5F4E52465F545950D5
:102AE000455F434F554E5400636C6F636B40343009
:102AF00030303030303000574553545F544F5044DD
:102B000049522F7A65706879722F6472697665729E
:102B1000732F656E74726F70792F656E74726F703B
:102B2000795F6E7266352E630026656E74726F7003
:102B3000795F6E7266355F64617461203D3D20642B
:102B400065762D3E646174610072616E646F6D40E4
:102B5000343030306430303000574553545F544F78
:102B6000504449522F6E72662F6472697665727393
:102B70002F656E74726F70792F656E74726F7079D5
:102B80005F63633378782E630064657620213D208F
:102B90002828766F6964202A2930290062756666C4
:102BA000657220213D202828766F6964202A29300B
:102BB000290063727970746F403530303261303083
:102BC0003000574553545F544F504449522F7A6553
:102BD000706879722F696E636C7564652F7A6570A1
:102BE0006879722F647269766572732F6770696F86
:102BF0002F6770696F5F7574696C732E680063610D
:102C00006C6C6261636B00094E6F2063616C6C6277
:102C100061636B210A0063616C6C6261636B2D3EC2
:102C200068616E646C657200094E6F2063616C6C44
:102C30006261636B2068616E646C6572210A005783
:102C40004553545F544F504449522F6D6F64756C17
:102C500065732F68616C2F6E6F726469632F6E727B
:102C600066782F68616C2F6E72665F6770696F2E71
:102C700068006E72665F6770696F5F70696E5F7023
:102C8000726573656E745F636865636B282A705F35
:102C900070696E2900574553545F544F5044495250
:102CA0002F7A65706879722F647269766572732FF6
:102CB0006770696F2F6770696F5F6E7266782E63D9
:102CC0000063622D3E68616E646C657200677069B6
:102CD0006F403530303030333030006770696F40CE
:102CE000353030303030303000693263403430308D
:102CF000303330303000574553545F544F504449BF
:102D0000522F7A65706879722F6472697665727372
:102D10002F73656E736F722F73656E736972696F4F
:102D20006E2F7368743378642F7368743378642EED
:102D300063006368616E203D3D2053454E534F5202
:102D40005F4348414E5F414C4C0073687433786474
:102D5000403434006C736D3664733374722D634089
:102D6000366100574553545F544F504449522F7AAF
:102D700065706879722F647269766572732F7365F6
:102D80006E736F722F766F6C746167655F646976BE
:102D9000696465722F766F6C746167652E63007667
:102DA000616C20213D202828766F6964202A293013
:102DB0002900574553545F544F504449522F7A6568
:102DC000706879722F696E636C7564652F7A6570AF
:102DD0006879722F647269766572732F6770696F94
:102DE0002E680028666C6167732026202828312011
:102DF0003C3C203429207C202831203C3C203529B3
:102E0000292920213D20282831203C3C203429201C
:102E10007C202831203C3C20352929000950756C44
:102E20006C20557020616E642050756C6C20446F6E
:102E3000776E2073686F756C64206E6F74206265A6
:102E400020656E61626C65642073696D756C746178
:102E50006E656F75736C790A0028666C6167732004
:102E600026202831203C3C2031292920213D2030BA
:102E7000207C7C2028666C61677320262028312006
:102E80003C3C20322929203D3D20300028636667E4
:102E90002D3E706F72745F70696E5F6D61736B2031
:102EA0002620286770696F5F706F72745F70696E3B
:102EB000735F74292831554C203C3C202870696E82
:102EC00029292920213D2030550009556E73757040
:102ED000706F727465642070696E0A007662617446
:102EE00074007561727440343030303230303000EC
:102EF000574553545F544F504449522F6E72662FBA
:102F00007375627379732F626C7565746F6F746813
:102F10002F636F6E74726F6C6C65722F6863695F7C
:102F20006472697665722E630009536F6674446536
:102F30007669636520436F6E74726F6C6C65722086
:102F40004153534552543A2025732C2025640A0AD4
:102F500000574553545F544F504449522F7A65707F
:102F60006879722F696E636C7564652F7A65706815
:102F700079722F647269766572732F656E74726FE1
:102F800070792E68006170692D3E6765745F656EAB
:102F900074726F707920213D202828766F69642033
:102FA0002A293029000943616C6C6261636B2070CF
:102FB0006F696E7465722073686F756C64206E6FD4
:102FC00074206265204E554C4C0A000954686520F7
:102FD000656E74726F707920736F7572636520729D
:102FE000657475726E656420616E206572726F72B1
:102FF00020696E206120626C6F636B696E6720636D
:10300000616C6C0A00574553545F544F5044495209
:103010002F6E72662F696E636C7564652F6D7073A9
:103020006C2F6D70736C5F776F726B2E6800096B1D
:103030005F776F726B5F7375626D69745F746F5FDA
:1030400071756575652829206661696C65642E0A4D
:103050000062745F6863695F73646300574553542B
:103060005F544F504449522F6E72662F73756273CE
:1030700079732F6D70736C2F696E69742F6D707317
:103080006C5F696E69742E6300094D50534C20418A
:1030900053534552543A2025732C2025640A0A00C4
:1030A000657272636F6465203D3D203000096B5F7F
:1030B000776F726B5F7363686564756C655F666F6D
:1030C000725F71756575652829206661696C656434
:1030D0002E0A004D50534C20576F726B00574553CA
:1030E000545F544F504449522F6E72662F64726978
:1030F000766572732F6D70736C2F636C6F636B5F8B
:10310000636F6E74726F6C2F6E7266785F636C6F34
:10311000636B5F6D70736C2E6300094E6F74207368
:103120007570706F727465640A0074656D704034F8
:103130003030306330303000574553545F544F5077
:103140004449522F6D6F64756C65732F68616C2FE5
:103150006E6F726469632F6E7266782F647269761F
:103160006572732F7372632F6E7266785F67706912
:103170006F74652E6300574553545F544F50444954
:10318000522F6D6F64756C65732F68616C2F6E6F55
:10319000726469632F6E7266782F68616C2F6E722D
:1031A000665F6770696F74652E6800696E64657824
:1031B000203C203800705F696E7374616E63650037
:1031C00070696E5F6861735F7472696767657228A2
:1031D000705F696E7374616E63652C2070696E290F
:1031E00000696E745F656E61626C6500574553548B
:1031F0005F544F504449522F6D6F64756C65732F47
:1032000068616C2F6E6F726469632F6E7266782FBF
:10321000647269766572732F7372632F6E7266784B
:103220005F706F7765722E6300705F636F6E6669A3
:103230006720213D202828766F6964202A293029BB
:10324000006D5F706F667761726E5F68616E646C4F
:10325000657220213D202828766F6964202A293054
:1032600029006D5F736C6565706576745F68616E6B
:10327000646C657220213D202828766F6964202ABD
:10328000293029006D5F7573626576745F68616EC1
:10329000646C657220213D202828766F6964202A9D
:1032A00029302900574553545F544F504449522FF9
:1032B0006D6F64756C65732F68616C2F6E6F7264CF
:1032C00069632F6E7266782F647269766572732FE8
:1032D0007372632F6E7266785F73616164632E63CD
:1032E0000063685F746F5F61637469766174655FC2
:1032F0006D61736B202626202863685F746F5F61A1
:10330000637469766174655F6D61736B203C20281E
:1033100031203C3C2038292900705F6368616E6E63
:10332000656C2D3E70696E5F7020213D204E5246C7
:10333000585F414E414C4F475F494E5055545F4492
:10334000495341424C454400574553545F544F50F4
:103350004449522F6D6F64756C65732F68616C2FD3
:103360006E6F726469632F6E7266782F68616C2F5E
:103370006E72665F73616164632E68006368616E7C
:103380006E656C203C203800286D5F63622E73618F
:103390006164635F737461746520213D204E524601
:1033A0005F53414144435F53544154455F554E4937
:1033B0004E495449414C495A4544292026262070FB
:1033C0005F6368616E6E656C006D5F63622E736132
:1033D0006164635F737461746520213D204E5246C1
:1033E0005F53414144435F53544154455F554E49F7
:1033F0004E495449414C495A454400286D5F636227
:103400002E73616164635F737461746520213D2074
:103410004E52465F53414144435F53544154455FCC
:10342000554E494E495449414C495A454429202654
:103430002620705F636F6E66696700286363203EB5
:103440003D203830554C2920262620286363203C17
:103450003D2032303437554C2900286D5F63622E91
:1034600073616164635F737461746520213D204EF4
:1034700052465F53414144435F53544154455F5565
:103480004E494E495449414C495A45442920262623
:1034900020286D5F63622E73616164635F73746182
:1034A000746520213D204E52465F53414144435FA5
:1034B00053544154455F49444C45290057455354A2
:1034C0005F544F504449522F6D6F64756C65732F74
:1034D00068616C2F6E6F726469632F6E7266782FED
:1034E000647269766572732F7372632F6E72667879
:1034F0005F7477692E6300705F696E7374616E63C9
:103500006520262620705F636F6E66696700705FB6
:10351000636F6E6669672D3E73636C20213D20707A
:103520005F636F6E6669672D3E73646100705F63F1
:10353000622D3E7374617465203D3D204E524658A5
:103540005F4452565F53544154455F494E49544974
:10355000414C495A454400705F63622D3E7374616B
:10356000746520213D204E5246585F4452565F53A9
:10357000544154455F554E494E495449414C495A6E
:1035800045440028705F63622D3E7374617465204A
:103590003D3D204E5246585F4452565F535441546D
:1035A000455F504F57455245445F4F4E29202626D0
:1035B000202828705F786665725F646573632D3EAE
:1035C000705F7072696D6172795F62756620213D0E
:1035D000202828766F6964202A29302929207C7CBC
:1035E0002028705F786665725F646573632D3E7036
:1035F00072696D6172795F6C656E677468203D3DBC
:1036000020302929202626202828705F78666572B8
:103610005F646573632D3E705F7365636F6E646195
:1036200072795F62756620213D202828766F696473
:10363000202A29302929207C7C2028705F78666523
:10364000725F646573632D3E7365636F6E64617250
:10365000795F6C656E677468203D3D2030292920B4
:10366000262620212828705F63622D3E68616E64E3
:103670006C6572203D3D202828766F6964202A29D8
:103680003029292026262028705F786665725F64BD
:103690006573632D3E74797065203D3D204E524622
:1036A000585F5457495F584645525F5458525829FD
:1036B0002920262620212828705F63622D3E68611C
:1036C0006E646C6572203D3D202828766F69642009
:1036D0002A293029292026262028705F78666572DD
:1036E0005F646573632D3E74797065203D3D204EA7
:1036F0005246585F5457495F584645525F54585494
:1037000058292900574553545F544F504449522F6C
:103710007A65706879722F6B65726E656C2F64655F
:10372000766963652E63007263203E3D202D28304C
:1037300078666629202626207263203C2030000906
:1037400064657669636520257320696E69743A2023
:10375000696E76616C6964206572726F72202825CB
:1037600064290A00574553545F544F504449522F1F
:103770007A65706879722F6B65726E656C2F666101
:1037800074616C2E6300726561736F6E20213D2041
:103790004B5F4552525F4B45524E454C5F50414E38
:1037A00049430009417474656D7074656420746FD9
:1037B000207265636F7665722066726F6D2061207E
:1037C0006B65726E656C2070616E696320636F6EED
:1037D000646974696F6E0A00574553545F544F50C3
:1037E0004449522F7A65706879722F6B65726E65E5
:1037F0006C2F696E69742E63007468726561645F12
:1038000064617461203C3D205F5F7374617469631F
:103810005F7468726561645F646174615F6C697331
:10382000745F656E640069646C6500646576203C55
:103830003D205F6465766963655F6C6973745F657D
:103840006E64006D61696E00574553545F544F506C
:103850004449522F7A65706879722F6B65726E6574
:103860006C2F6B686561702E630021617263685F05
:1038700069735F696E5F6973722829207C7C2028D8
:103880002874696D656F7574292E7469636B732074
:103890003D3D202828286B5F74696D656F75745FE6
:1038A00074297B307D29292E7469636B7329000983
:1038B0000A0068656170203C3D205F6B5F68656150
:1038C000705F6C6973745F656E6400574553545F35
:1038D000544F504449522F7A65706879722F6B6546
:1038E000726E656C2F6D656D5F736C61622E630027
:1038F000736C6162203C3D205F6B5F6D656D5F7333
:103900006C61625F6C6973745F656E640028736CD0
:1039100061622D3E667265655F6C697374203D3D22
:10392000202828766F6964202A293029202626201D
:10393000736C61622D3E696E666F2E6E756D5F757C
:10394000736564203D3D20736C61622D3E696E6637
:103950006F2E6E756D5F626C6F636B7329207C7C5C
:1039600020736C61625F7074725F69735F676F6F01
:103970006428736C61622C20736C61622D3E6672E8
:1039800065655F6C697374290009736C61622063FB
:103990006F7272757074696F6E206465746563749C
:1039A00065640A0009496E76616C6964206D656D15
:1039B0006F727920706F696E7465722070726F76A5
:1039C000696465640A00574553545F544F50444935
:1039D000522F7A65706879722F6B65726E656C2FE5
:1039E000696E636C7564652F6B73636865642E68BC
:1039F0000021617263685F6972715F756E6C6F63DD
:103A00006B6564286B657929007468726561642D43
:103A10003E626173652E70656E6465645F6F6E00F3
:103A2000574553545F544F504449522F7A6570683C
:103A300079722F6B65726E656C2F69646C652E638D
:103A4000005F6B65726E656C2E637075735B305DC5
:103A50002E63757272656E742D3E626173652E7091
:103A600072696F203E3D203000574553545F544FDC
:103A7000504449522F7A65706879722F6B65726E67
:103A8000656C2F6D73675F712E6300286D736771AE
:103A90002D3E77726974655F707472203E3D206DB3
:103AA0007367712D3E6275666665725F73746172CD
:103AB000742920262620286D7367712D3E77726940
:103AC00074655F707472203C3D20286D7367712DA2
:103AD0003E6275666665725F656E64202D203129D1
:103AE0002920262620282873697A655F742928757D
:103AF000696E747074725F7429286D7367712D3EDE
:103B00006275666665725F656E64202D206D7367F1
:103B1000712D3E77726974655F70747229203E3D25
:103B2000206D7367712D3E6D73675F73697A6529C8
:103B300000574553545F544F504449522F7A657093
:103B40006879722F6B65726E656C2F6D7574657810
:103B50002E630021617263685F69735F696E5F69DC
:103B60007372282900096D75746578657320636127
:103B70006E6E6F74206265207573656420696E7364
:103B800069646520495352730A006D757465782D18
:103B90003E6C6F636B5F636F756E74203E203055B3
:103BA00000574553545F544F504449522F7A657023
:103BB0006879722F6B65726E656C2F73656D2E63FD
:103BC000002828617263685F69735F696E5F69735B
:103BD000722829203D3D203029207C7C2028287413
:103BE000696D656F7574292E7469636B73203D3D33
:103BF000202828286B5F74696D656F75745F742960
:103C00007B307D29292E7469636B732929007379B0
:103C100073776F726B7100574553545F544F504424
:103C200049522F7A65706879722F6B65726E656C78
:103C30002F776F726B2E6300776F726B2D3E7175ED
:103C400065756520213D202828766F6964202A2922
:103C5000302900776F726B2D3E68616E646C6572FF
:103C600020213D202828766F6964202A29302900E8
:103C700021666C61675F746573742826776F726B59
:103C80002D3E666C6167732C204B5F574F524B5F24
:103C900044454C415941424C455F424954290073C7
:103CA000796E6320213D202828766F6964202A29B7
:103CB00030290021666C61675F7465737428267112
:103CC000756575652D3E666C6167732C204B5F577B
:103CD0004F524B5F51554555455F535441525445E2
:103CE000445F4249542900717565756500737461BC
:103CF000636B0064776F726B20213D202828766FFC
:103D00006964202A29302900574553545F544F5085
:103D10004449522F7A65706879722F6B65726E65AF
:103D20006C2F7468726561642E63002828282870DF
:103D300072696F2929203D3D203135202626207AC1
:103D40005F69735F69646C655F7468726561645F05
:103D5000656E7472792828656E7472792929292014
:103D60007C7C202828283135202D203129203E3DFB
:103D70002028282D31362929292026262028287078
:103D800072696F2929203E3D2028282D31362929A6
:103D90002026262028287072696F2929203C3D2082
:103DA000283135202D20312929290009696E7661B5
:103DB0006C6964207072696F726974792028256457
:103DC000293B20616C6C6F7765642072616E67655A
:103DD0003A20256420746F2025640A000954687213
:103DE00065616473206D6179206E6F742062652057
:103DF0006372656174656420696E20495352730A69
:103E000000574553545F544F504449522F7A6570C0
:103E10006879722F6B65726E656C2F736368656469
:103E20002E6300217A5F69735F69646C655F7468F3
:103E3000726561645F6F626A656374287468726535
:103E400061642900574553545F544F504449522FE1
:103E50007A65706879722F6B65726E656C2F696E0A
:103E6000636C7564652F6B7468726561642E68009D
:103E70005F6B65726E656C2E637075735B305D2E63
:103E800063757272656E7420213D202828766F69F3
:103E900064202A293029002169735F746872656182
:103EA000645F64756D6D792874687265616429005A
:103EB000574553545F544F504449522F7A657068A8
:103EC00079722F6B65726E656C2F696E636C7564A9
:103ED000652F6B737761702E6800617263685F692C
:103EE00072715F756E6C6F636B6564286B657929A1
:103EF000207C7C205F6B65726E656C2E63707573C1
:103F00005B305D2E63757272656E742D3E626173F7
:103F1000652E7468726561645F73746174652026D0
:103F20002028282831554C203C3C2028302929299C
:103F3000207C20282831554C203C3C20283329293E
:103F400029290009436F6E7465787420737769744A
:103F50006368696E67207768696C6520686F6C6458
:103F6000696E67206C6F636B210A0073697A656FF5
:103F700066285F73636865645F7370696E6C6F63F6
:103F80006B29203D3D2030207C7C206C6F636B20B2
:103F9000213D20265F73636865645F7370696E6C92
:103FA0006F636B005F6B65726E656C2E637075730B
:103FB0005B305D2E63757272656E742D3E62617347
:103FC000652E73636865645F6C6F636B6564202145
:103FD0003D203155005F6B65726E656C2E637075A8
:103FE000735B305D2E63757272656E742D3E626117
:103FF00073652E73636865645F6C6F636B656420C3
:10400000213D20305500217465726D696E617465C3
:10401000000961626F72746564205F637572726516
:104020006E74206261636B2066726F6D20646561DF
:10403000640A0021657373656E7469616C000961BF
:10404000626F7274656420657373656E7469616C08
:10405000207468726561642025700A0057455354C6
:104060005F544F504449522F7A65706879722F6BB4
:1040700065726E656C2F74696D65736C6963696ECA
:10408000672E6300282874696D656F757429202672
:104090002620282875696E747074725F74292873DD
:1040A0006C6963655F74696D656F75747329292028
:1040B0003C3D20282875696E747074725F742928DD
:1040C00074696D656F757429292026262028287546
:1040D000696E747074725F74292874696D656F7588
:1040E000742929203C20282875696E747074725FC9
:1040F0007429282628736C6963655F74696D656F20
:10410000757473295B282873697A655F7429282878
:1041100028696E742973697A656F662863686172AD
:104120005B31202D202832202A202128215F5F6248
:1041300075696C74696E5F74797065735F636F6DB8
:1041400070617469626C655F70285F5F7479706517
:104150006F665F5F28736C6963655F74696D656F17
:10416000757473292C205F5F747970656F665F5F6B
:10417000282628736C6963655F74696D656F757453
:1041800073295B305D292929295D29202D203129BA
:10419000202B202873697A656F6628736C696365C4
:1041A0005F74696D656F75747329202F2073697A48
:1041B000656F662828736C6963655F74696D656FE8
:1041C000757473295B305D292929295D29292026E9
:1041D000262028282875696E747074725F742928E7
:1041E00074696D656F75742929202D2028287569DB
:1041F0006E747074725F742928736C6963655F7480
:10420000696D656F75747329292920252073697A72
:10421000656F662828736C6963655F74696D656F87
:10422000757473295B305D29203D3D20302900578E
:104230004553545F544F504449522F7A6570687902
:10424000722F6B65726E656C2F7468726561645F46
:104250006D6F6E69746F722E6300757365725F6344
:104260006220213D202828766F6964202A29302980
:104270000009757365725F63622063616E206E6F03
:1042800074206265204E554C4C0A00574553545FCC
:10429000544F504449522F7A65706879722F6B657C
:1042A000726E656C2F74696D656F75742E63002175
:1042B0007379735F646E6F64655F69735F6C696E59
:1042C0006B65642826746F2D3E6E6F6465290057F8
:1042D0004553545F544F504449522F7A6570687962
:1042E000722F6B65726E656C2F6576656E74732EBA
:1042F0006300574553545F544F504449522F7A65D9
:10430000706879722F6B65726E656C2F6D656D705C
:104310006F6F6C2E6300616C69676E203D3D2030CD
:10432000207C7C20282875696E747074725F7429F3
:104330006D656D20262028616C69676E202D203107
:104340002929203D3D203000096D6973616C696742
:104350006E6564206D656D6F7279206174202570C3
:104360002028616C69676E203D20257A75290A0036
:10437000C8DA3098F9F034A44B6EBAD30819CC0CD3
:10438000EA51DA4700286E756C6C29002A666C6F5A
:1043900061742A0074696D657374616D702C70317D
:1043A0002C70322C70332C70342C70352C70362CD1
:1043B00061782C61792C617A2C67782C67792C676D
:1043C0007A0A00465320436F6E666967757261749E
:1043D000696F6E004344432041434D207365726909
:1043E000616C206261636B656E64005A6570687908
:1043F000722050726F6A65637400029ECADC240EDC
:10440000E5A9E093F3A3B50200406E029ECADC2446
:104410000EE5A9E093F3A3B50200406E029ECADC4C
:10442000240EE5A9E093F3A3B50300406E029ECAF3
:10443000DC240EE5A9E093F3A3B50300406E029ED1
:10444000CADC240EE5A9E093F3A3B50100406E3069
:1044500031323334353637383941424344454600EA
:1044600000FFFFFFFFFFFF00000000000000FFFF54
:10447000FFFFFFFF00000000000000000000000040
:104480001000800000805F9B34FB91FBFBF3F4FB8A
:10449000FBFBFBEA000909090901020909090909ED
:1044A0000909090909090709090909090609090981
:1044B0000909090909090909090909090905E69DFF
:1044C000350E480103CCDBFDF4AC1191F4EFB9A536
:1044D000F9E9A7832C5E2CBE97F2D203B0208BD2D1
:1044E0008915D08E1C742430ED8FC24563765C151F
:1044F000525ABF9A32636DEB2A65499C80DC0005F5
:10450000061F1F2918120308020305080A000801E4
:104510000304010504050906070101060608000059
:10452000010001000301000302020100020000007B
:10453000000002030100036C888391AAF5A538608E
:10454000370BDB5A6083BE06010501040107020335
:104550000105020201030205040101010201030138
:104560000401060108010C0110011801200140019D
:10457000800001020304050607002030303030308F
:104580003030303030303030300001090000000D64
:10459000010203040506070810141400001C203053
:0C45A000401C2000001C203040004000A7
:1045AC00FFFFFFFFFF1F00001F00000000000000C6
:1045BC001D40000000000000FFFFFFFF1FFF000078
:1045CC00BAABBABA10101010000000000080004006
:1045DC0000000000000000000C00000000000000C3
:1045EC0000FF7F000000000059D600000000000012
:1045FC008DD60000000000008D3A00000000000085
:10460C00ADD60000000000006BD6000000000000DA
:10461C00AC860000FF000000F8B6000001000000AE
:10462C0000000000E100010000000000000100009B
:10463C00000000000000000000000000000000006E
:10464C00000000000000000000000000000000005E
:10465C00000000009D370100000000000001000078
:10466C00000000000000000000000000000000003E
:10467C00000000000000000000000000000000002E
:10468C00FCF6020000C2010000000800000000005F
:10469C00000000000000000000000000000000000E
:1046AC0000000000000000000000000000000000FE
:1046BC00000000007C0500200000000068050020C0
:1046CC0000000000000000000000000000000000DE
:1046DC0000000000000000000000000000000000CE
:1046EC0000000000000000000000000000000000BE
:1046FC0000000000000000000000000000000000AE
:10470C000000000000000000000000006C01002010
:10471C006C010020000000000100000000000000FF
:10472C00000000000000000000000000000000007D
:10473C00000000000000000000000000000000006D
:10474C00000000000000000000000000000000005D
:10475C00000000000000000000000000000000004D
:10476C00000000000000000000000000000000003D
:10477C00000000000000000000000000000000002D
:10478C00000000000000000000000000000000001D
:10479C00000000000000000000000000000000000D
:1047AC0000000000000000000000000000000000FD
:1047BC0000000000000000000000000000000000ED
:1047CC0000000000000000000000000000000000DD
:1047DC0000000000000000000000000000000000CD
:1047EC000000000000000000614A01000000000011
:1047FC0000000000000000000000000000000000AD
:10480C00000000000000000000000000000000009C
:10481C00000000000000000000000000000000008C
:10482C00000000000000000000000000000000007C
:10483C00000000000000000000000000000000006C
:10484C00000000000000000000000000000000005C
:10485C00000000000000000000000000000000004C
:10486C00000000000000000000000000000000003C
:10487C006CF702000000000000000000DC020020C9
:10488C00DC0200200000000001000000EC0200200F
:10489C00EC020020000000000100000000000000FD
:1048AC0000000000000000000000000000000000FC
:1048BC0000000000000000000000000000000000EC
:1048CC0000000000000000000000000000000000DC
:1048DC0000000000000000000000000000000000CC
:1048EC0000000000000000000000000000000000BC
:1048FC0000000000000000000000000000000000AC
:10490C00000000000000000000000000000000009B
:10491C000000000000000000000000009DE4010009
:10492C00000000000001000000000000000000007A
:10493C00000000000000000000000000000000006B
:10494C000000000000000000F4010000E38F0200F2
:10495C0000000000DD080020C4030020000000005F
:10496C000000000000000000000000000004010036
:10497C0000000000C34303002203000000000000FD
:10498C000000000000030300000000000000000015
:10499C000003000000000000000000000002010005
:1049AC0000000000D44303002E03000000000000B0
:1049BC00000000000001010000000000EB430300B8
:1049CC001E030000000000000000000000000000BA
:1049DC0000000000D806030004030000DE060300FC
:1049EC0000000200EA06030000000200F6060300C5
:1049FC00000002000B44030000000C00000000004B
:104A0C00000000000000000000000000000000009A
:104A1C0000000000E1100100000000000000000098
:104A2C002D44030000001000880A00203A0000000A
:104A3C00740A00203A000000380A00203A000000F6
:104A4C00240A00203A000000600A00203A0000000E
:104A5C009C0A00203A000000100A00203A000000D6
:104A6C00B00A00203A00000000000000CB920200C7
:104A7C00000000000000000000600040000000008A
:104A8C00000000000000000000000000000000001A
:104A9C00000000000000000000000000000000000A
:104AAC0000000000000000000000000000000000FA
:104ABC0000000000000000000000000000000000EA
:104ACC0000000000000000000000000000000000DA
:104ADC0000000000000000000000000000000000CA
:104AEC0000000000000000000000000000000000BA
:104AFC0000000000000000000000000000000000AA
:104B0C000000000000000000B49000200000000035
:104B1C00000000000000000000040000B49400201D
:104B2C000000000000000000000000000004000075
:104B3C00BB0E030000000000D005002000000000A8
:104B4C00FCF60200F80800200009002009090020EA
:104B5C000E09002013090020170900201C09002051
:104B6C00230900202C090020330900203A090020D9
:104B7C00000000008BA00200793A0100D93A010034
:104B8C004D3C01002DA1020009A202000000000012
:104B9C00DBA40200F1A102008BA1020000000000C6
:104BAC008DA0020000000000654B01000000000019
:104BBC000000000000000000854101000000000022
:104BCC00000000000000000025590100000000005A
:104BDC0000000000000000000D5801000000000063
:104BEC00000000000000000029620100000000002D
:104BFC000000000000000000695D010000000000E2
:104C0C000000000029740100117F0100DDBD0200CD
:104C1C000000000000000000A5790100A1BC02000A
:104C2C0035BD0200A1710100000000000000000071
:104C3C00757C010000000000000000001A07030052
:104C4C00000002002607030000000A0036070300DC
:104C5C000000200000000000000000000000000028
:104C6C000000000000000000000000000000000038
:104C7C00A3C0020000000000D8060020D8060020C7
:104C8C0000000000000000000E000000EC060020F8
:104C9C00EC060020499A0100000000000000000012
:104CAC0000000000000000000000000000000000F8
:104CBC0000000000000000000000000000000000E8
:104CCC0000000000000000000000000000000000D8
:104CDC0000000000000000000000000000000000C8
:104CEC0000000000000000000000000000000000B8
:104CFC0000000000000000000000000000000000A8
:104D0C000000000000000000000000000000000097
:104D1C000000000000000000000000000000000087
:104D2C008007002080070020000000000000000029
:104D3C000E00000000000000000000000000000059
:104D4C000000000000000000000000000000000057
:104D5C0000300040000000000000000000000000D7
:104D6C000000000000000000000000000000000037
:104D7C000000000000000000000000000000000027
:104D8C000000000000000000000000000000000017
:104D9C0000000000F4070020F407002001000000D0
:104DAC00010000000408002004080020000000009E
:104DBC00010000000000000000C20100000103001F
:104DCC000090D003FF000000900200002C0800208F
:104DDC002C08002045E8020041E802000000000019
:104DEC00F56A02009808002090080020880800202E
:104DFC0000000000800800204D700200996F020036
:104E0C00CD6F020015700200700800207808002099
:104E1C00943C00203A00003A983C00203A00003ABA
:104E2C009C3C00203A00003AA03C00203A00003A9A
:104E3C00A43C00203A00003AA83C00203A00003A7A
:104E4C0035030000CB00000051000000C03C0020E6
:104E5C00680800206C080020C008002054080020BE
:104E6C004C08002048080020440800209ECADC247E
:104E7C000EE5A9E093F3A3B50100406E060902000C
:104E8C0000000100807D12010002EF020140E32FBF
:104E9C000400040400000000080B000202020000E1
:104EAC000904000001020200000524001001052481
:104EBC0001000104240202052406000107058103F8
:104ECC0010000A09040100020A0000000705820212
:0D4EDC004000000705010240000000000139
:104EE90000000000000000000000000000000000B9
:104EF90000000000000000000000000000000000A9
:034F0900000000A5
:104F0C00600900206009002000000000F8890020E2
:104F1C00000000000100000028000000000000005C
:104F2C00800900208009002000000000205600208D
:104F3C000000000001000000A800000000000000BC
:104F4C00A0090020A009002000000000208A0020F9
:104F5C0000000000030000001C0000000000000026
:104F6C00C0090020C009002000000000C47E002001
:104F7C00000000000800000010000000000000000D
:104F8C00000000000876002044080000000000002B
:104F9C00000000000000000000000000748A0020E7
:104FAC0000040000000000000000000000000000F1
:104FBC00100A0020100A0020000000000000000071
:104FCC000E000000240A0020240A0020000000002B
:104FDC00000000000E000000380A0020380A0020F3
:104FEC0000000000000000000E0000004C0A002031
:104FFC004C0A002000000000000000000E00000021
:10500C00600A0020600A0020000000000000000080
:10501C000E000000740A0020740A0020000000003A
:10502C00000000000E000000880A0020880A002002
:10503C0000000000000000000E0000009C0A002090
:10504C009C0A002000000000000000000E00000080
:10505C00B00A0020B00A0020000000000000000090
:04506C000E00000032
:10507000C40A0020C40A0020000000000C00000048
:105080000A0000004C7E0020C47E00204C7E0020E0
:0C5090004C7E002000000000000000002A
:10509C00F00A0020F00A00200100000001000000CE
:1050AC00000B0020000B002000000000FFFFFFFFA2
:1050BC00100B0020100B002000000000000000006E
:1050CC000000000000000000000000002C0B00207D
:0450DC002C0B002079
:0850E000340B0020340B00200A
:1050E800000000000000000000000000480B002045
:1050F800480B00200000000003000300100000001F
:10510800000000005C01030024880020000000006B
:105118000000000000000000740B0020740B002049
:10512800000000000300030010000000E57001000B
:10513800F801030080890020000000000000000042
:1051480000000000A00B0020A00B002000000000C1
:105158000300030000000000000000005C000300E2
:1051680098840020000000000000000000000000FB
:10517800CC0B0020CC0B0020000000000100010037
:1051880010000000D95B0100480103001C870020C3
:10519800000000000000000000000000F80B0020E4
:1051A800F80B0020000000000300030000000000CE
:1051B8000000000034010300D48600200000000035
:1051C8000000000000000000240C0020240C002037
:1051D800000000000C000C0004000000653E010007
:1051E80048000300BC82002000000000000000000E
:1051F80000000000500C0020500C002000000000AF
:105208000100010000000000000000007000030021
:10521800E4850020000000000000000000000000FD
:105228007C0C00207C0C0020000000001000100006
:105238000A0000005FCE02004C030300748E0020B9
:10524800C50E030000000000000000000000000080
:10525800000000000000000088F7020000000000C5
:105268000000000000000000000000000000000036
:105278000000000000000000000000000000000026
:105288000000000000000000000000000000000016
:105298000000000000000000000000000000000006
:1052A80000000000000000000000000000000000F6
:1052B80000000000E60800200000000000000000D8
:1052C8000000000090050020000000000000000021
:0852D8000000000000000000CE
:0452E00015E015E0E0
:04000003100018CD04
:00000001FF
